  1.727733133791420E-006
  1.204223836578269E-005
  3.242384513961841E-005
  6.240430120652223E-005
  1.013148695133590E-004
  1.483142204923715E-004
  2.024225025647299E-004
  2.625547296132081E-004
  3.275537085714282E-004
  3.962213376599466E-004
  4.673468054242482E-004
  5.397309275818128E-004
  6.122065250582844E-004
  6.836549954296972E-004
  7.530193706398228E-004
  8.193142633198974E-004
  8.816331802306530E-004
  9.391536739818585E-004
  9.911407736146183E-004
  1.036949114137372E-003
  1.076024097727344E-003
  1.107902408511901E-003
  1.132212115636041E-003
  1.148672565411315E-003
  1.157094213667131E-003
  1.157378511384638E-003
  1.149517916207096E-003
  1.133596063816405E-003
  1.109788102610117E-003
  1.078361152671735E-003
  1.039674842650369E-003
  9.941817781542542E-004
  9.424278286681102E-004
  8.850520060558384E-004
  8.227856934853770E-004
  7.564509066813614E-004
  6.869572103032394E-004
  6.152968551945404E-004
  5.425377737571741E-004
  4.698136226132381E-004
  3.983100218942395E-004
  3.292471530782597E-004
  2.638581791763316E-004
  2.033632763574708E-004
  1.489394821579084E-004
  1.016870695203257E-004
  6.259367337418000E-005
  3.249846451535875E-005
  1.206007990467044E-005
  1.729004406449692E-006
 -5.155744031961018E-011
 -1.192738501540532E-012
 -4.843407580558467E-022
 -1.909234563107136E-025
 -1.244064854620255E-037
 -6.869705461050636E-041
  8.150258217353637E-055
  3.982729777831131E-058
  1.017683031894622E-071
  4.421718300208383E-075
  2.042285154344383E-088
  3.835229269763685E-092
  8.728344565367826E-106
  1.330612450002514E-109
  3.781171474476665E-123
  8.309680756007100E-127
  5.239798487830679E-141
  2.562666361834367E-144
  2.731325951367266E-158
  1.333655249691052E-161
  8.997376907209244E-176
  3.084697427331644E-179
 -9.513061410627020E-197
 -6.765212565995666E-211
  9.508552056030322E-212
  3.801564287679420E-211
  3.968528644641146E-210
  1.093288582616280E-193
  2.313523070498810E-179
  4.738095248381483E-176
  5.556896873712248E-162
  1.365465397128123E-158
  6.406665904585604E-145
  5.504892085927037E-141
  9.232978617786683E-128
  1.411127416481850E-123
  6.689108349013410E-123
  5.422984962899259E-107
  3.835229269763931E-092
  3.158183462674875E-089
 -7.854549544476362E-090
  4.527839539413360E-072
  1.871882995580724E-057
 -1.876025034549576E-054
 -1.148002898672747E-041
 -4.145874772014627E-038
 -4.415261912765399E-024
 -3.892647036722184E-022
 -3.070822954980945E-012
 -6.443995917995290E-011
  1.204224259997382E-005
  8.372266058749392E-005
  2.245510034568216E-004
  4.300639285861104E-004
  6.941784621109688E-004
  1.009583563580944E-003
  1.368131487615939E-003
  1.761216914582146E-003
  2.180114226511536E-003
  2.616257274290218E-003
  3.061455604394235E-003
  3.508048754963327E-003
  3.949004749436537E-003
  4.377971750014236E-003
  4.789292591278982E-003
  5.177991648919831E-003
  5.539742639667471E-003
  5.870824497612408E-003
  6.168071140770525E-003
  6.428819632323893E-003
  6.650860147237765E-003
  6.832390205739738E-003
  6.971974944725041E-003
  7.068514657996180E-003
  7.121220459840207E-003
  7.129598667850514E-003
  7.093444335185103E-003
  7.012844253083678E-003
  6.888189653224081E-003
  6.720198749756984E-003
  6.509949093015376E-003
  6.258919524289483E-003
  5.969041102375483E-003
  5.642755872658629E-003
  5.283081538660424E-003
  4.893679030531090E-003
  4.478918558020817E-003
  4.043937986015933E-003
  3.594685220238183E-003
  3.137934648819426E-003
  2.681265690757331E-003
  2.232989507827240E-003
  1.802011242993714E-003
  1.397617714919212E-003
  1.029186715568238E-003
  7.058238811262483E-004
  4.359459889943440E-004
  2.268434328584131E-004
  8.426723466054535E-005
  1.208103133556092E-005
 -1.573114793150941E-009
 -3.234908152402767E-011
  5.195704456465291E-019
  2.454433020239805E-022
 -7.379492313495478E-037
  7.346850432331075E-040
  1.578761164340757E-053
  1.401920881796558E-056
 -2.716389290346668E-070
 -1.768687320083075E-074
 -7.541458472356269E-088
 -3.068183415810845E-092
  4.375290288932820E-106
  3.784853191118548E-109
  1.517327188316646E-123
  2.215914868268663E-126
 -5.569528226386700E-141
  1.281333180917214E-144
 -2.732906579811344E-158
  2.667310499382085E-161
  1.084785261944918E-176
 -3.084697427331696E-179
  8.235932916250114E-194
  5.351097043476842E-197
  2.062816369673217E-215
 -1.521285816310065E-210
 -2.140438817390966E-196
 -6.585892414576902E-193
 -3.084697427330370E-179
 -1.894141318045097E-175
 -8.891034997946627E-162
  3.638013942601655E-158
 -1.025066544733749E-143
 -1.055351566316483E-139
  7.386382894229116E-126
  1.211760735074515E-122
 -5.322449800009761E-109
 -9.665568836818533E-106
 -4.909093465297793E-091
 -2.618183181492123E-088
 -6.632577450312571E-074
  3.798354280285651E-071
  1.586013231253878E-056
  4.183445197816836E-053
 -5.842614210114403E-044
 -1.275366906859152E-035
  5.193533433213327E-022
  3.495677897300747E-019
 -8.958417924097417E-011
 -1.953520508915503E-009
  3.242389146880965E-005
  2.245511907930652E-004
  5.989607840633340E-004
  1.139747502363284E-003
  1.826470577754330E-003
  2.635874235358084E-003
  3.543384316811599E-003
  4.524394725221980E-003
  5.555260118091457E-003
  6.613986847911403E-003
  7.680651918291297E-003
  8.737598482201278E-003
  9.769462443056957E-003
  1.076308052341573E-002
  1.170732301652669E-002
  1.259288485136064E-002
  1.341206017970204E-002
  1.415851780943363E-002
  1.482708885413396E-002
  1.541357348895393E-002
  1.591457053059361E-002
  1.632733145705059E-002
  1.664963922973677E-002
  1.687971164562008E-002
  1.701612877168638E-002
  1.705778416771873E-002
  1.700385999597417E-002
  1.685382667645364E-002
  1.660746841418215E-002
  1.626493665699091E-002
  1.582683425009196E-002
  1.529433366897529E-002
  1.466933303583098E-002
  1.395465347240412E-002
  1.315428032370628E-002
  1.227364844316032E-002
  1.131996741599028E-002
  1.030257557201559E-002
  9.233301162547156E-003
  8.126795055823878E-003
  7.000781273528971E-003
  5.876153465779124E-003
  4.776829548272207E-003
  3.729274237228779E-003
  2.761615812389411E-003
  1.902333211336525E-003
  1.178571720075985E-003
  6.142484259497381E-004
  2.282085891465269E-004
  3.268508571130414E-005
 -1.066345865567928E-008
 -2.101547739835009E-010
  1.997667711778889E-017
  8.704044886239221E-021
 -2.246500314904883E-036
  1.175450512674283E-038
 -3.719423546759165E-052
  0.000000000000000E+000
 -2.317907967548157E-069
 -3.537374640166531E-073
 -3.014892478971125E-087
  4.909093465298054E-090
  7.038312994203703E-105
 -1.362547148802568E-107
  4.727285052306297E-125
  1.772731894615071E-125
  2.099769089489161E-139
  1.025066544733640E-142
 -1.100749648456112E-157
  1.066924199752874E-160
  1.039439352902793E-174
 -2.467757941866041E-178
 -4.384474873543766E-192
  8.561755269564500E-196
  3.040426303595665E-210
  2.433628240291211E-209
  8.115284623622463E-209
 -4.208844733780774E-191
  1.974206353492197E-177
  4.479693572335494E-174
  8.535393598023568E-160
 -4.660704255346976E-156
 -1.640106471573879E-142
 -1.261323881963969E-138
  2.954553157691466E-125
  9.681325493791735E-121
  1.021910361601824E-107
  1.395445092739810E-103
 -3.490910908656250E-090
 -1.610542656805111E-086
  5.659799424266702E-072
  3.458766314829761E-072
 -6.525304467997623E-055
  1.335439811067388E-051
 -2.351062169189857E-037
 -4.221877768228713E-034
  2.097718314279489E-020
  1.316181621893954E-017
 -5.950998198240542E-010
 -1.308738536436456E-008
  6.240452330403316E-005
  4.300649708992711E-004
  1.139749101382808E-003
  2.153485461407809E-003
  3.425389978117710E-003
  4.906100955908281E-003
  6.546072662004679E-003
  8.298047852182584E-003
  1.011866536772573E-002
  1.196933212157472E-002
  1.381653263351518E-002
  1.563174555617185E-002
  1.739111132906586E-002
  1.907495986219196E-002
  2.066727834718942E-002
  2.215517113380103E-002
  2.352834484321756E-002
  2.477863706695371E-002
  2.589959726886278E-002
  2.688612233563688E-002
  2.773414550540672E-002
  2.844037545322390E-002
  2.900208157600757E-002
  2.941692160093761E-002
  2.968280827956850E-002
  2.979781296661557E-002
  2.976010523557960E-002
  2.956792932400226E-002
  2.921962013028279E-002
  2.871366374098190E-002
  2.804881006454168E-002
  2.722424807432094E-002
  2.623985732204959E-002
  2.509655248885696E-002
  2.379674019744893E-002
  2.234490799453131E-002
  2.074836241086327E-002
  1.901812330438889E-002
  1.716996088890844E-002
  1.522552547801603E-002
  1.321346114164105E-002
  1.117031566952806E-002
  9.140966468524556E-003
  7.178203446021193E-003
  5.341103384717460E-003
  3.691946121605904E-003
  2.291726205634912E-003
  1.194756497670780E-003
  4.433195229586746E-004
  6.335295641027457E-005
 -3.930283742612395E-008
 -7.522039379367658E-010
  2.528679889362896E-016
  1.040949096108718E-019
 -7.941535345768677E-034
 -8.464258690875558E-037
  2.668704520645443E-051
  2.897817305224548E-070
 -3.709608625313148E-068
  5.093819481838887E-072
  6.436017896743931E-086
  7.541316955420772E-102
 -2.232518363900309E-103
 -5.450188595210712E-107
 -1.162061211557935E-120
  2.836371031383972E-124
  2.687551357942111E-138
 -6.560425886295825E-142
 -1.557488043656972E-156
  2.517507941973359E-173
  4.042955255690663E-174
 -1.974206353492334E-177
  1.770570989745851E-192
  1.298445539779594E-208
 -3.650557878153518E-209
 -3.893263901450533E-208
 -1.731894416894891E-208
  1.522089825678131E-195
  3.948412706984731E-177
  1.294122974590802E-172
 -3.698670559142424E-159
 -9.324342157086160E-155
 -6.560425886296757E-142
  5.113779084746711E-138
 -9.454570104610217E-125
  1.548994745628153E-120
 -2.725094297604221E-107
 -4.464431151290044E-103
 -3.141819817790805E-089
 -6.429908802653792E-086
 -1.811135815765241E-071
  1.650573594764926E-068
  1.044048714879692E-053
  1.070033927338995E-050
 -1.129810141860634E-036
 -8.152563409428483E-033
  2.639743076367495E-019
  1.621000641139968E-016
 -2.147522389543887E-009
 -4.736935590626201E-008
  1.013155695526624E-004
  6.941818322131943E-004
  1.826476720561541E-003
  3.425395814304981E-003
  5.408205404274594E-003
  7.690620516491839E-003
  1.019197729398525E-002
  1.283854411904979E-002
  1.556521294216152E-002
  1.831601696946665E-002
  2.104388040192564E-002
  2.370991938899718E-002
  2.628251671911828E-002
  2.873631935447040E-002
  3.105125147834336E-002
  3.321159385665626E-002
  3.520515546289773E-002
  3.702254625347446E-002
  3.865654987922117E-002
  4.010158977202134E-002
  4.135327951680894E-002
  4.240804768009201E-002
  4.326282766955330E-002
  4.391480431347950E-002
  4.436121042228464E-002
  4.459916851177265E-002
  4.462557511469699E-002
  4.443702775029611E-002
  4.402979778637095E-002
  4.339985633016011E-002
  4.254296517945364E-002
  4.145485105690865E-002
  4.013148915128410E-002
  3.856953158750329E-002
  3.676692768104667E-002
  3.472379471570228E-002
  3.244360787494611E-002
  2.993478021124197E-002
  2.721268723876253E-002
  2.430213977876279E-002
  2.124019506356062E-002
  1.807899721453555E-002
  1.488804524470230E-002
  1.175493512575077E-002
  8.783387050682991E-003
  6.087508550120092E-003
  3.782033675469323E-003
  1.969749679330345E-003
  7.289275840488708E-004
  1.038038287037263E-004
 -1.043762844735462E-007
 -1.951077926931737E-009
  1.722968815465136E-015
  6.771628054202373E-019
 -8.269327953577674E-032
 -7.550826473514376E-037
  3.421144629188652E-049
 -2.610121787199407E-054
 -1.485292358777879E-067
  4.754231516383297E-071
 -2.058961944846312E-084
 -3.141819817789913E-088
 -5.579044679072700E-102
 -4.360150876168433E-106
  9.295817367478261E-120
 -7.465170978434751E-124
 -6.448898646228957E-137
  1.312085177259065E-141
  2.237320130963306E-154
  2.276104959472146E-159
 -3.818387089418294E-172
 -7.129078498717151E-178
  2.244432750813569E-190
 -1.864560036482628E-194
  2.423165635664204E-209
 -1.557342526249558E-207
 -1.369880843130426E-194
 -5.236220167801245E-190
 -9.969992776301973E-191
 -2.587701945653087E-172
 -4.552209918945671E-159
  7.452675758856636E-155
  5.248340709036676E-141
  4.508208039269020E-137
  7.563656083687589E-124
 -1.548624966886284E-119
 -4.360150876168405E-106
  1.339244564675532E-102
 -1.587792543065465E-101
  1.005382341693432E-087
 -2.897817305224330E-070
 -1.770888353198636E-070
  6.264292289279011E-053
  8.552661463634609E-049
 -6.075985009933752E-036
 -1.220117250636577E-031
  1.778109841249360E-018
  1.070526224314813E-015
 -5.603780551785734E-009
 -1.231195924022933E-007
  1.483159227953694E-004
  1.009591714585701E-003
  2.635889385391366E-003
  4.906118317439884E-003
  7.690632656016040E-003
  1.086398209994226E-002
  1.431113987379065E-002
  1.793069991271609E-002
  2.163583134655008E-002
  2.535384442910487E-002
  2.902499721727240E-002
  3.260096256262184E-002
  3.604320138326408E-002
  3.932138957146808E-002
  4.241197247452820E-002
  4.529687759015525E-002
  4.796239264074049E-002
  5.039820237901428E-002
  5.259657018329357E-002
  5.455164768135594E-002
  5.625889521723620E-002
  5.771459682571911E-002
  5.891545497073380E-002
  5.985825231985650E-002
  6.053957009991712E-002
  6.095555506829220E-002
  6.110172990629102E-002
  6.097284506162255E-002
  6.056277399596702E-002
  5.986445884587740E-002
  5.886992026059221E-002
  5.757035443389201E-002
  5.595635316864691E-002
  5.401830053108038E-002
  5.174702370496340E-002
  4.913480709297929E-002
  4.617691692848076E-002
  4.287382370437878E-002
  3.923433618655348E-002
  3.527984224743999E-002
  3.104972046099293E-002
  2.660764578196140E-002
  2.204785372397761E-002
  1.749942798118356E-002
  1.312559891422914E-002
  9.114805570934626E-003
  5.661902599025156E-003
  2.941993638593768E-003
  1.084216137534580E-003
  1.536567206651606E-004
 -2.259583934200103E-007
 -4.128844527679518E-009
  7.914755259529446E-015
  2.977167952899880E-018
 -2.296198669629461E-030
 -9.078653147694980E-036
 -2.736943544649984E-048
  1.050574019347762E-052
 -1.661734014898984E-065
  8.787845972269951E-083
 -6.589085961902330E-083
 -1.759419097962453E-087
  5.714859442618026E-101
 -2.093135929976057E-118
 -1.982800676652114E-118
 -2.395157759832766E-123
 -1.719554686929462E-136
 -1.049668141807465E-140
  1.342490203991792E-153
  9.198222242191243E-172
  5.175421439807038E-172
  7.896825413959560E-177
  3.591096967571188E-189
 -5.479523372522397E-194
  7.498750067052938E-211
  1.665358852479515E-207
  1.938058291801769E-206
  3.591045216517114E-189
  1.626322536964235E-190
 -1.263492066235115E-175
  7.283535870312801E-158
 -1.294850821389955E-157
 -8.397345134458895E-140
  1.174601976641120E-136
  4.235647406866813E-122
  4.414485852934140E-119
 -6.976241401868798E-105
  5.715402039171504E-101
 -7.456206810317966E-101
  3.294660275557695E-083
 -1.159126922089827E-069
 -9.496469288921432E-066
  1.252858457854958E-052
  1.392064953164916E-052
  3.498748904804950E-035
 -1.936315334855250E-030
  8.066493250491312E-018
  4.745909259823360E-015
 -1.194884238650925E-008
 -2.600458308392761E-007
  2.024259669191921E-004
  1.368147804328786E-003
  3.543414014544026E-003
  6.546107765057105E-003
  1.019200736054085E-002
  1.431115691578349E-002
  1.875350260467406E-002
  2.339068430832889E-002
  2.811540787613784E-002
  3.283957864116445E-002
  3.749193594906040E-002
  4.201560624233597E-002
  4.636577605842914E-002
  5.050758544429977E-002
  5.441427258874950E-002
  5.806556743857812E-002
  6.144631693027244E-002
  6.454531787093445E-002
  6.735433108218009E-002
  6.986725086398519E-002
  7.207940570545707E-002
  7.398696852586983E-002
  7.558645724803081E-002
  7.687430907693614E-002
  7.784651444006713E-002
  7.849829917822473E-002
  7.882384638025632E-002
  7.881605246144460E-002
  7.846631604434351E-002
  7.776436347268213E-002
  7.669812223371783E-002
  7.525366447756382E-002
  7.341525915870385E-002
  7.116559597405665E-002
  6.848628131902317E-002
  6.535876127630069E-002
  6.176590505584792E-002
  5.769458791224920E-002
  5.313973717165799E-002
  4.811041364181359E-002
  4.263848477772441E-002
  3.679007919780407E-002
  3.067891827926002E-002
  2.447842218539737E-002
  1.842632019550815E-002
  1.281330530363286E-002
  7.949886728588210E-003
  4.115607576880785E-003
  1.508155610943779E-003
  2.124232345310682E-004
 -4.291015208315339E-007
 -7.708903991338084E-009
  2.812831791144503E-014
  1.025766585309709E-017
 -2.318948315862130E-029
 -2.466077782927963E-035
  6.568571818835165E-047
 -2.088097429759526E-053
 -4.557869942127103E-064
  1.014236056831287E-069
  5.271143655274898E-082
 -3.016147025075065E-087
  4.572081338577806E-100
 -3.488120700938205E-105
 -7.848466393927663E-118
 -9.076387300429320E-123
  9.630838159047144E-135
  2.099336283608035E-140
 -3.641767935135153E-157
 -1.782948884932811E-158
  1.651158105877353E-170
  6.317460331166372E-176
 -9.741374884499511E-194
  1.095904674504175E-193
 -4.672122633326989E-207
  6.228144957099951E-207
  7.610449128311081E-196
 -1.795627632456530E-189
 -3.158730165587017E-176
 -8.423280441573201E-175
  2.575502227813548E-170
 -9.546465722677796E-153
 -7.216468474940437E-141
 -1.673156439316704E-137
 -6.050924866960014E-123
  2.379546373678456E-117
 -2.790496560747797E-104
  1.858393195664755E-103
 -1.608611746708313E-086
  2.591652258583733E-086
 -3.477380766270866E-069
  2.278934971063551E-064
  1.670477943826530E-052
 -1.532653583380162E-046
 -1.576302267415034E-034
 -2.125922583305812E-029
  2.810559957349453E-017
  1.614755589625500E-014
 -2.228821250881410E-008
 -4.792634486356340E-007
  2.625609130678225E-004
  1.761245437901803E-003
  4.524444891280475E-003
  8.298106608323710E-003
  1.283859684699563E-002
  1.793073696577500E-002
  2.339070230304609E-002
  2.906508353035393E-002
  3.482798882417496E-002
  4.057744972980086E-002
  4.623180579355261E-002
  5.172637002261677E-002
  5.701047122528788E-002
  6.204489274357580E-002
  6.679968036472628E-002
  7.125227829054145E-002
  7.538594994726915E-002
  7.918844313235354E-002
  8.265086249308701E-002
  8.576671625218962E-002
  8.853110802629577E-002
  9.094004816380567E-002
  9.298986214152270E-002
  9.467667630081709E-002
  9.599596370961620E-002
  9.694213528628549E-002
  9.750816367143700E-002
  9.768522992350473E-002
  9.746238630884134E-002
  9.682623284937658E-002
  9.576061186274656E-002
  9.424633508762949E-002
  9.226097476798602E-002
  8.977877759808423E-002
  8.677080568977009E-002
  8.320548268998636E-002
  7.904984213508799E-002
  7.427196097823531E-002
  6.884533355291561E-002
  6.275629827568843E-002
  5.601596960840209E-002
  4.867810201654897E-002
  4.086308842948956E-002
  3.278449073346434E-002
  2.476717916039897E-002
  1.723796562872974E-002
  1.067146299367694E-002
  5.496073513713440E-003
  1.999414670789033E-003
  2.794956901647422E-004
 -7.426704194017947E-007
 -1.324331692669119E-008
  8.314519024407546E-014
  3.000004605884379E-017
 -1.916327364680631E-028
 -1.493455342961836E-034
  1.751614542407644E-046
  5.011433831422866E-052
 -1.519299854753185E-064
 -1.159126922088707E-069
  1.876713704501355E-086
  2.010764683392046E-087
  2.285827506357184E-100
  5.639655605595062E-117
  1.586259366421277E-117
 -3.025462433474809E-123
 -2.751627474935287E-135
 -1.574502212734798E-140
  9.546611393395205E-153
  5.462651902769861E-158
  1.503836334834419E-172
 -2.861626286065371E-188
 -2.236619673477005E-190
 -2.739761686264936E-194
  3.893541143970627E-208
  1.245460005502986E-206
  3.424702107936398E-195
 -6.289031625421447E-189
 -4.935515885773403E-178
  5.197725584476363E-172
 -5.826828696250460E-157
 -1.192298636334924E-153
 -3.358938053783568E-139
 -1.087224801402040E-134
  4.840739893563242E-122
 -3.172386957145452E-117
 -6.976241401886984E-105
  1.828432564257415E-099
 -4.021529366780027E-087
 -1.054218006976668E-081
 -1.874161373855441E-080
  1.215442330848272E-063
  1.336382355028813E-051
 -5.254839543832400E-046
 -9.738921356863195E-034
 -1.638378023396476E-028
  8.113534161853673E-017
  4.539731907457401E-014
 -3.780993356514355E-008
 -8.012421804126492E-007
  3.275636819724837E-004
  2.180159209053482E-003
  5.555336303125172E-003
  1.011875280901091E-002
  1.556529200604461E-002
  2.163589017277849E-002
  2.811544324836983E-002
  3.482800351128509E-002
  4.163115519713100E-002
  4.841057444650226E-002
  5.507519754219248E-002
  6.155308829560251E-002
  6.778795161137376E-002
  7.373621180509213E-002
  7.936456368462531E-002
  8.464791513362674E-002
  8.956765324674817E-002
  9.411017866450089E-002
  9.826566318014172E-002
  0.102026992274362     
  0.105388860002954     
  0.108346988636949     
  0.110897448490632     
  0.113036056212474     
  0.114757831802283     
  0.116056496298645     
  0.116923993618284     
  0.117350021525478     
  0.117321558446269     
  0.116822375326625     
  0.115832525874872     
  0.114327815907198     
  0.112279265942532     
  0.109652605714615     
  0.106407883892292     
  0.102499356958980     
  9.787596543746280E-002
  9.248295979121646E-002
  8.626567072924975E-002
  7.917711450732250E-002
  7.119210531958819E-002
  6.233151102806624E-002
  5.269996010159555E-002
  4.253546820668799E-002
  3.225555035433544E-002
  2.246212592111231E-002
  1.386027406860957E-002
  7.090274139652681E-003
  2.556245055013990E-003
  3.541334566233508E-004
 -1.194534513634055E-006
 -2.116322761254856E-008
  2.123513330942117E-013
  7.601050993936317E-017
 -1.213271603101482E-027
 -1.271583902188096E-034
 -7.006492432989287E-045
 -2.672764710092196E-051
 -9.723459310987959E-063
  6.954761532602644E-069
  1.686750777243692E-080
 -2.569310428904234E-087
 -2.926046016379173E-098
  3.836932771057475E-104
  1.268961237178039E-116
 -4.840739893571436E-122
 -2.641577257899533E-133
  4.158118186903255E-151
  9.164814269902108E-151
 -1.464799991697400E-156
 -5.374502163342959E-170
 -1.010793652988049E-173
 -1.435769554573911E-187
 -1.417575541689914E-204
 -7.973765255103497E-205
  5.980249376291743E-205
 -7.013789916826954E-192
  3.896549953797811E-192
  2.021587305975895E-174
  3.974512522208779E-169
  1.165365739251329E-156
 -3.054938953201250E-151
 -5.519172141088153E-152
  9.796902656787206E-140
 -9.781899400228438E-135
 -2.537943988755604E-116
 -1.579212002140233E-115
 -9.548607947015186E-099
  4.182390541445768E-085
  3.373496192448229E-080
 -1.949153566597606E-079
  5.834074350190725E-062
  1.069105884033989E-050
  5.605214868199633E-045
 -2.961536075165906E-033
 -9.375198432926284E-028
  2.016291013906052E-016
  1.097600629006817E-013
 -5.949142293128169E-008
 -1.240922635287634E-006
  3.962361776105954E-004
  2.616322650253381E-003
  6.614093582871230E-003
  1.196945206636655E-002
  1.831612514751694E-002
  2.535392643392272E-002
  3.283963086101434E-002
  4.057747607326669E-002
  4.841058323119533E-002
  5.621368795670493E-002
  6.388719220194625E-002
  7.135235080993502E-002
  7.854736569406855E-002
  8.542419713354341E-002
  9.194593474478030E-002
  9.808460797481779E-002
  0.103819345605408     
  0.109134816538352     
  0.114019899601051     
  0.118466541236842     
  0.122468767402020     
  0.126021820261850     
  0.129121395647974     
  0.131762957856449     
  0.133941109786800     
  0.135648998257620     
  0.136877734469717     
  0.137615809467250     
  0.137848484127101     
  0.137557133142963     
  0.136718523020374     
  0.135304006400957     
  0.133278621517308     
  0.130600100949435     
  0.127217827302454     
  0.123071843017860     
  0.118092162347719     
  0.112198913678186     
  0.105304384419838     
  9.731906495299522E-002
  8.816559046269788E-002
  7.780718519606729E-002
  6.629968685126875E-002
  5.387316419326292E-002
  4.102809092580856E-002
  2.858173283918062E-002
  1.756000723153400E-002
  8.906568263366259E-003
  3.176334177775066E-003
  4.354486650186157E-004
 -1.811209780530653E-006
 -3.179212371456062E-008
  4.819695697733018E-013
  1.702894736879755E-016
 -6.107370843467687E-027
 -1.115675620118362E-033
  5.605195639142413E-045
 -1.336382355046098E-051
 -9.723461371658043E-062
 -6.954761532074128E-069
  6.747009576934502E-080
 -2.113256439837756E-097
  1.007679313314590E-104
  9.766737962490771E-104
  2.030349812404602E-115
 -1.936295957388657E-121
  3.522107426914227E-133
  5.038407080677358E-139
 -6.109932290136997E-151
 -5.826828696285496E-157
 -7.965304156974856E-169
  4.043174611956795E-174
  2.298262898918524E-186
 -1.630191189067160E-203
 -1.594734293583912E-204
  6.379015583801137E-204
 -1.402757983364883E-191
  3.677230301713525E-186
 -8.171458025338669E-186
 -1.176718684132268E-184
 -1.864585182800077E-155
 -9.164969652000674E-151
  4.030725664540732E-138
  1.771761074934207E-133
  3.872591914850104E-121
 -5.075952520709788E-116
 -1.116198624296842E-103
 -5.852154973958548E-098
 -1.286889397391978E-085
  9.277111312009139E-080
 -7.418412301364353E-068
 -5.834071877386624E-062
  2.138211768083617E-050
 -1.121019289974857E-044
 -2.159172781513543E-032
 -4.253363919444123E-027
  4.432338309420433E-016
  2.348511567671289E-013
 -8.802867192578624E-008
 -1.806931186952418E-006
  4.673674690527302E-004
  3.061544474526567E-003
  7.680792241995940E-003
  1.381668760075998E-002
  2.104401996039892E-002
  2.902510408559233E-002
  3.749200534149289E-002
  4.623184187104369E-002
  5.507521022564914E-002
  6.388719275400365E-002
  7.256042425490712E-002
  8.100971907608095E-002
  8.916784787891474E-002
  9.698216570244425E-002
  0.104411870974497     
  0.111425739178672     
  0.118000220357520     
  0.124117821440998     
  0.129765716088148     
  0.134934538963636     
  0.139617330162185     
  0.143808601733410     
  0.147503500810524     
  0.150697046208151     
  0.153383416188345     
  0.155555266306405     
  0.157203053794924     
  0.158314342674331     
  0.158873062979431     
  0.158858694109715     
  0.158245337976784     
  0.157000643505189     
  0.155084541197731     
  0.152447747803791     
  0.149030013891106     
  0.144758127483999     
  0.139543790003354     
  0.133281723750967     
  0.125848917880505     
  0.117107118798790     
  0.106913194510791     
  9.514687820320900E-002
  8.177298996074076E-002
  6.696000182834277E-002
  5.125464648121030E-002
  3.572125451229680E-002
  2.182719526569409E-002
  1.095492333859041E-002
  3.856617505189764E-003
  5.223927528335533E-004
 -2.617445649730746E-006
 -4.542108796277797E-008
  9.933522006144781E-013
  3.451827284309067E-016
 -2.530241540100859E-026
 -3.317160282288424E-033
 -2.242077780498795E-044
  1.603658826055317E-050
 -7.778769509460450E-062
  4.121340166890712E-069
 -1.349400764782665E-079
  8.936731882984339E-088
  1.404502831994419E-096
 -3.333093114244520E-104
 -1.827318052945471E-114
 -3.388517925414887E-121
 -2.817679596870613E-132
 -3.358938053796212E-139
 -4.887893390651333E-150
 -3.237127053613633E-157
  1.058985598912756E-168
  1.263492066236083E-174
 -4.596627497790843E-187
  8.767237396034151E-192
  4.326039475328338E-209
 -4.784404987908471E-204
  1.133768425687348E-203
  2.941762420691078E-185
  3.279463851894230E-173
  1.277725119049030E-167
  1.864585182801749E-155
 -5.800931679819368E-155
  5.374300886041729E-138
  2.121859381483601E-132
  3.098073531879184E-120
 -3.786534316737173E-120
  1.785917798883429E-102
  9.363384459034162E-097
 -5.147557589413934E-085
 -1.619282519201559E-078
  2.967364920544242E-067
  2.333631326792254E-061
  8.552847072296707E-050
  2.242088946715806E-044
 -6.299342051426187E-032
 -1.585043192833503E-026
  8.811714570314701E-016
  4.547093547335300E-013
 -1.238672464412192E-007
 -2.502042768590535E-006
  5.397581174248578E-004
  3.508162973009149E-003
  8.737773686964745E-003
  1.563193668346166E-002
  2.371009194132394E-002
  3.260109620878660E-002
  4.201569421195393E-002
  5.172641568218142E-002
  6.155310213248499E-002
  7.135234589712666E-002
  8.100970991285841E-002
  9.043390742124610E-002
  9.955234860213508E-002
  0.108307655142926     
  0.116654864234097     
  0.124559132711130     
  0.131993812267880     
  0.138938806781089     
  0.145379149867538     
  0.151303758165448     
  0.156704326499463     
  0.161574337490267     
  0.165908161145663     
  0.169700222344146     
  0.172944215064404     
  0.175632339891394     
  0.177754538504223     
  0.179297697150949     
  0.180244787824213     
  0.180573906214000     
  0.180257158479558     
  0.179259338746555     
  0.177536325006992     
  0.175033105287620     
  0.171681331954259     
  0.167396299412916     
  0.162073275521915     
  0.155583257390115     
  0.147768635400972     
  0.138440348363031     
  0.127380893811763     
  0.114364211789084     
  9.921758823054513E-002
  8.197182628413006E-002
  6.314151295089043E-002
  4.404168422889561E-002
  2.673540081357174E-002
  1.324714589357119E-002
  4.593038301480985E-003
  6.137408421927016E-004
 -3.633547111570946E-006
 -6.223709156522605E-008
  1.888122485313132E-012
  6.437577222722768E-016
 -8.922559642145178E-026
 -1.215670980001734E-032
 -2.850949023434554E-050
  4.276423536147513E-050
  9.334516487501059E-061
  1.483682460245583E-067
  1.349395331249653E-079
  1.286889397287940E-085
 -1.976708017443099E-096
  1.116198624364069E-103
  3.248565573278433E-114
 -3.872591914987075E-121
 -1.127072286606652E-131
  3.769474926958586E-138
 -2.443944429336729E-150
 -9.322925914011572E-156
 -2.145556430478012E-168
  3.032380958964148E-174
  1.838608916376836E-186
 -9.923588473186516E-204
  1.027730168333531E-203
  1.730415790124253E-208
  5.611031933451878E-191
  1.287085936609077E-185
 -6.469079379121884E-173
  8.478979215021334E-168
  1.491668146239025E-154
  9.775945530013368E-150
 -4.299440708847720E-137
  4.950261678981727E-132
  6.970665446723144E-120
 -2.707000267646390E-115
 -1.785917798892633E-102
  2.809009979956852E-096
 -1.029511517893191E-084
  2.698825551500748E-079
 -7.196697314683462E-079
 -3.889352237356304E-061
 -6.842277657827038E-049
 -8.968241748902259E-044
 -2.159389124991298E-031
 -5.014452908901251E-026
  1.610376602942242E-015
  8.097888094500870E-013
 -1.671150344150433E-007
 -3.322294812222049E-006
  6.122405767352940E-004
  3.949144637459804E-003
  9.769671952529929E-003
  1.739133837711691E-002
  2.628272328620023E-002
  3.604336400882899E-002
  4.636588519030147E-002
  5.701052832362238E-002
  6.778796651713420E-002
  7.854735230255615E-002
  8.916782283663868E-002
  9.955232859992633E-002
  0.109623020069910     
  0.119317703197506     
  0.128587033105010     
  0.137392227089456     
  0.145703151422282     
  0.153496683890609     
  0.160755285650433     
  0.167465736478683     
  0.173617999975645     
  0.179204192322858     
  0.184217632094126     
  0.188651950543410     
  0.192500241674182     
  0.195754228041350     
  0.198403415968635     
  0.200434210893781     
  0.201828954284603     
  0.202564834567873     
  0.202612614622483     
  0.201935097976764     
  0.200485231962363     
  0.198203714391073     
  0.195015926711581     
  0.190827963840754     
  0.185521479455012     
  0.178947054589346     
  0.170915951408300     
  0.161190803287091     
  0.149478101339901     
  0.135432337173335     
  0.118701122638572     
  9.908484434193918E-002
  7.693215743648951E-002
  5.375092193378042E-002
  3.238151994842194E-002
  1.579729000523570E-002
  5.380238956855882E-003
  7.080714516866562E-004
 -4.872947540047798E-006
 -8.227100173572556E-008
  3.347409309345582E-012
  1.117678883379496E-015
 -2.743134950624885E-025
 -4.185176230251151E-032
  7.174646426773655E-043
  1.282927060844254E-049
  2.126195864510197E-060
 -2.225523690594774E-067
 -4.318084778004214E-078
  1.331676036037870E-095
  3.745340389230173E-096
  4.464794497311896E-103
  1.010664089625485E-113
 -3.872591914954515E-120
  9.554312687429906E-138
  8.061451328524379E-138
  3.910319373984023E-149
  1.837140914718528E-167
  0.000000000000000E+000
 -1.617269844777284E-173
 -2.493791970391049E-191
 -1.052068487533106E-191
  2.041282391192679E-202
 -5.102442432014305E-203
 -1.795530218707806E-189
  1.470838504158045E-185
  7.115987317035706E-172
 -4.887748864230837E-172
  5.655527956404939E-168
 -1.222289453119605E-150
  1.343575221510378E-137
  3.821725074565289E-137
 -3.976122767537948E-131
 -6.497136611214347E-114
  7.143671195494012E-102
 -8.842499705107019E-097
  5.948288770053615E-084
 -7.516806762647220E-081
 -1.610320735828462E-079
  5.275315414307101E-066
 -3.421138828917460E-048
 -1.793590570546897E-043
 -5.719389315116381E-031
 -1.376716328892701E-025
  2.738138750396992E-015
  1.342786791515386E-012
 -2.174822082037052E-007
 -4.256810258899869E-006
  6.836957960091473E-004
  4.378135957417803E-003
  1.076332192375240E-002
  1.907522121306050E-002
  2.873656018047571E-002
  3.932158332856737E-002
  5.050771913556015E-002
  6.204496488512195E-002
  7.373623032003612E-002
  8.542417560354315E-002
  9.698212183393173E-002
  0.108307608096019     
  0.119317671634879     
  0.129945283949976     
  0.140136566819014     
  0.149848543220082     
  0.159047262871658     
  0.167706195826938     
  0.175804823015410     
  0.183327375921103     
  0.190261691974620     
  0.196598160494107     
  0.202328738435318     
  0.207446016976350     
  0.211942319048933     
  0.215808805115655     
  0.219034561727437     
  0.221605641376753     
  0.223504011758665     
  0.224706363371037     
  0.225182707045467     
  0.224894668877132     
  0.223793359011068     
  0.221816639750561     
  0.218885548451090     
  0.214899530222832     
  0.209729992962850     
  0.203211514049703     
  0.195129849110643     
  0.185205934624818     
  0.173076177635893     
  0.158274555075794     
  0.140242109067514     
  0.118454931291035     
  9.290219801788799E-002
  6.511635071752005E-002
  3.889535108640579E-002
  1.862240115821208E-002
  6.211165749181762E-003
  8.037644632390383E-004
 -6.339885883852495E-006
 -1.053716270340755E-007
  5.582223201013975E-012
  1.822269148501169E-015
 -7.473475390245903E-025
 -8.783688881066134E-032
 -3.801265361924252E-050
  1.710569414459006E-049
 -7.467618465316262E-060
 -1.186945968154725E-066
  1.727233641580483E-077
 -1.029511517976836E-084
 -8.988818447221663E-095
 -1.785917798277932E-102
  1.039541090160520E-112
  7.745183823687589E-121
  7.213264541412959E-130
 -1.074860177572222E-137
  1.564127625287930E-148
  5.426654515603301E-166
 -3.391661947398419E-167
  3.234539689582678E-173
 -1.765081891575957E-184
  1.683309580044806E-190
 -1.020655904130555E-202
  2.041279795568993E-202
 -5.611031933508581E-191
  5.883563495157698E-185
  5.175263503298814E-172
  4.239541360145700E-167
 -3.729170365599937E-154
 -4.889025219754309E-150
  1.719776283536698E-136
 -1.745504136738873E-131
 -1.982767060402853E-118
 -2.598860152172017E-113
  5.714936956398674E-101
  2.996269692038034E-095
  3.294436857262579E-083
 -4.198005714585513E-078
  1.899113549152058E-065
 -2.532151398873886E-065
  2.736911063131818E-048
 -3.587211551216718E-043
 -1.421964700047128E-030
 -3.346305695338679E-025
  4.371307666900308E-015
  2.092713977596049E-012
 -2.742664833348258E-007
 -5.288297308315595E-006
  7.530663158365110E-004
  4.789478104653557E-003
  1.170759218216298E-002
  2.066757101617562E-002
  3.105152582009810E-002
  4.241219903518279E-002
  5.441443446114697E-002
  6.679977225374090E-002
  7.936459040720051E-002
  9.194590843877014E-002
  0.104411809129990     
  0.116654787393114     
  0.128586962839047     
  0.140136523291788     
  0.151244984618301     
  0.161864999448737     
  0.171958541429262     
  0.181495350465851     
  0.190451562991652     
  0.198808476923281     
  0.206551417261945     
  0.213668677894006     
  0.220150520231226     
  0.225988211195031     
  0.231173082244832     
  0.235695588734663     
  0.239544345009811     
  0.242705102941693     
  0.245159631596082     
  0.246884443668258     
  0.247849293543234     
  0.248015345505922     
  0.247332868884871     
  0.245738255597626     
  0.243150064251155     
  0.239463648962588     
  0.234543708836801     
  0.228213748528190     
  0.220240919379520     
  0.210314009573079     
  0.198011786879237     
  0.182760423547371     
  0.163792301569037     
  0.140189075353562     
  0.111343822705315     
  7.847823491181176E-002
  4.645414633406310E-002
  2.174392368727793E-002
  7.076552212424425E-003
  8.989931345393712E-004
 -8.027015675729160E-006
 -1.311887147436688E-007
  8.812467761257120E-012
  2.808624617980494E-015
 -1.826113871653072E-024
 -2.157684052364783E-031
  7.174648441444299E-042
  1.197398590121304E-048
  9.956818114199339E-060
 -4.747783872852076E-066
  8.636200584341675E-078
  1.029511517800389E-084
  7.490686929954990E-096
 -1.785917798970960E-102
  6.884607853029116E-121
  7.745183827294222E-121
 -1.127074346755325E-131
 -5.561343091250505E-148
 -4.887893002196085E-150
 -1.398438887104562E-155
 -3.859884029543633E-170
 -1.617269844771564E-173
  1.470895237925372E-185
 -2.805515966738129E-191
 -7.654736505811334E-203
 -9.958542872145955E-206
 -5.479523378191096E-194
  4.598552393467983E-187
  1.617269844796569E-173
 -1.148620983093230E-169
 -1.118751109676113E-154
  4.143522631097592E-156
 -3.475706114190996E-149
  7.310004636301485E-134
  1.239229412742391E-119
 -2.598833164509251E-113
 -2.857468478202297E-101
 -9.363308259874744E-096
 -3.294436857247556E-083
 -2.159038478288214E-078
 -2.302943140698708E-077
  2.489170238999641E-060
  1.094764425253550E-047
  7.174538660900544E-043
 -3.342962727964730E-030
 -7.293839042298103E-025
  6.599037558733651E-015
  3.087955145049743E-012
 -3.363652750146840E-007
 -6.393903172188102E-006
  8.193662575805774E-004
  5.178193928303945E-003
  1.259317614647600E-002
  2.215549083038996E-002
  3.321189984680642E-002
  4.529713781438391E-002
  5.806576083303323E-002
  7.125239508941358E-002
  8.464795601475364E-002
  9.808458261924452E-002
  0.111425663496318     
  0.124559027421690     
  0.137392115628676     
  0.149848449033553     
  0.161864943727921     
  0.173389788907344     
  0.184380702635193     
  0.194803443528884     
  0.204630497474248     
  0.213839885938302     
  0.222414060378277     
  0.230338858215597     
  0.237602501819751     
  0.244194624296235     
  0.250105305564618     
  0.255324099991415     
  0.259839032209534     
  0.263635529725278     
  0.266695250695176     
  0.268994750830912     
  0.270503911831841     
  0.271184023618846     
  0.270985365431466     
  0.269844062231101     
  0.267677881900404     
  0.264380464752750     
  0.259813190808278     
  0.253793410130226     
  0.246076950169110     
  0.236331429278329     
  0.224094633306591     
  0.208709153471138     
  0.189225358818378     
  0.164311814640298     
  0.132534485287044     
  9.425958043746946E-002
  5.530446569667927E-002
  2.519042870925656E-002
  7.964239613048724E-003
  9.917263209548990E-004
 -9.913050366103461E-006
 -1.591661740815955E-007
  1.323359896296992E-011
  4.113377721289612E-015
 -4.041824478110913E-024
 -4.000710968634296E-031
 -4.561518438291832E-049
 -6.842277657835998E-049
  2.489206757370597E-059
  4.154310888670120E-066
 -1.381787252502731E-076
 -1.235413821445694E-083
  4.794037285697110E-094
 -6.283447504321623E-111
  1.039541045410569E-112
  1.239229412621543E-119
  9.016587966594814E-131
  3.128254836223595E-148
 -4.073250349251327E-149
  1.903430707586432E-155
  5.266190008105369E-170
 -3.234539689590523E-173
  4.706877604389840E-184
  1.683309579973134E-190
  2.595623685182130E-207
  2.446339330635281E-201
  1.122206386685227E-189
 -1.150565988483361E-183
  5.175263503302997E-172
  3.220163957501041E-171
 -5.220838511866755E-154
  3.128261134377993E-148
 -2.189787932032653E-147
  1.799221540041410E-130
 -1.487075295304444E-118
 -1.039541417179393E-112
  2.310161557416570E-113
 -6.603927149642935E-100
  4.392582476362036E-083
 -1.381786090298617E-076
  1.529841470202392E-065
 -3.235955072718185E-059
 -1.094764425253986E-047
 -2.869820329979885E-042
 -6.809472418377223E-030
 -1.442437989558872E-024
  9.473289134622637E-015
  4.339383444378191E-012
 -4.023114225924647E-007
 -7.546301252632503E-006
  8.816886776492702E-004
  5.539955853109936E-003
  1.341236669526909E-002
  2.352868604349422E-002
  3.520549000119842E-002
  4.796268629737627E-002
  6.144654447647924E-002
  7.538609671773136E-002
  8.956771497048850E-002
  0.103819328610453     
  0.118000137583975     
  0.131993683450937     
  0.145703000659068     
  0.159047115817649     
  0.171958422923381     
  0.184380634620273     
  0.196267115559101     
  0.207579469357759     
  0.218286293512659     
  0.228362045364949     
  0.237785981380333     
  0.246541144231672     
  0.254613379209908     
  0.261990364632968     
  0.268660641233819     
  0.274612623537508     
  0.279833571519933     
  0.284308493046311     
  0.288018936973125     
  0.290941621423482     
  0.293046819631015     
  0.294296393064697     
  0.294641312545783     
  0.294018433102849     
  0.292346168106163     
  0.289518514618014     
  0.285396553029515     
  0.279795977769765     
  0.272468192546980     
  0.263070600930917     
  0.251118068605893     
  0.235900358634680     
  0.216336706722683     
  0.190734017401359     
  0.156685818183335     
  0.112964184568333     
  6.579390526617365E-002
  2.900296845944401E-002
  8.858277601799891E-003
  1.079739366016860E-003
 -1.196061101322702E-005
 -1.885490446224062E-007
  1.897240212983842E-011
  5.747516405167255E-015
 -8.157647138576561E-024
 -8.017372461667764E-031
  1.147943489104031E-041
  8.792895732573574E-063
 -1.991364862538990E-059
  1.823194067797145E-077
  3.454467261891545E-077
  6.177069107161888E-084
 -7.540541816452310E-101
  1.428734239028922E-101
  5.197704276976964E-112
  2.478458825437444E-119
  1.262320994439545E-129
 -2.149720354421470E-137
 -5.474444554593604E-148
  9.322925912456685E-155
 -5.424069758997989E-166
 -6.469079379048208E-172
  1.995033582844940E-190
 -1.795530218713491E-189
  1.107466105679522E-206
 -2.041336899290067E-202
  1.077318131227514E-188
 -7.531013942688269E-183
  4.140210802677543E-171
 -6.511991744046026E-165
 -1.447119601424821E-165
  1.251300078191302E-147
 -6.879105134150097E-136
  3.617699224043287E-130
  4.013726375732026E-118
  1.559316752225564E-112
 -4.571949565128642E-100
  5.992545734006019E-095
  2.635549485806302E-082
 -6.909005125395184E-077
 -3.038581678643599E-064
  1.991350065279253E-059
  4.379057701014393E-047
  3.892495734242683E-047
 -1.288260346879959E-029
 -2.605096961056282E-024
  1.299028509117655E-014
  5.834710028267021E-012
 -4.703306832578048E-007
 -8.714931960360843E-006
  9.392107547125678E-004
  5.871041829357642E-003
  1.415883163227903E-002
  2.477899311984694E-002
  3.702290494694696E-002
  5.039852791862225E-002
  6.454558109862303E-002
  7.918862430956408E-002
  9.411026821501033E-002
  0.109134816131028     
  0.124117740227450     
  0.138938662334017     
  0.153496499618736     
  0.167705998355015     
  0.181495167284254     
  0.194803300589392     
  0.207579389079974     
  0.219780785570259     
  0.231372034511855     
  0.242323805456178     
  0.252611889821742     
  0.262216233653750     
  0.271119987182185     
  0.279308556085031     
  0.286768640392592     
  0.293487245440615     
  0.299450644983951     
  0.304643269285936     
  0.309046480347533     
  0.312637180967671     
  0.315386181949212     
  0.317256218506157     
  0.318199457241598     
  0.318154257605416     
  0.317040828758604     
  0.314755219086287     
  0.311160729058197     
  0.306075223566276     
  0.299251682274479     
  0.290347117819672     
  0.278870455277294     
  0.264090064759712     
  0.244857149202254     
  0.219235334217935     
  0.183875022964890     
  0.135148661453453     
  7.841416369504359E-002
  3.324557303982505E-002
  9.737739828069089E-003
  1.160634578811816E-003
 -1.411448761656845E-005
 -2.184070099885705E-007
  2.603660252377337E-011
  7.686376249133997E-015
 -1.510255318865980E-023
 -1.370243183645564E-030
 -1.147942941721818E-041
 -1.368455531567178E-048
 -3.982728643638321E-059
  9.495567745821220E-066
 -1.209063451293807E-076
  1.647218428707008E-083
  9.588071904423639E-094
  2.143101359079324E-101
 -8.316329574975536E-112
 -9.913835301781836E-119
  1.154122319579768E-128
 -1.970576990663200E-137
  3.003124643603358E-146
 -7.458340702258042E-155
 -8.682857944444167E-165
 -1.940723814004824E-172
  6.024799722608222E-182
 -4.645049426925971E-199
  8.219475006298402E-208
  7.925027452228255E-203
  1.077318131224502E-188
  2.394040291627664E-189
  4.140210802641561E-171
  9.200468450295606E-171
 -1.790001775486122E-153
 -1.563618262051215E-148
 -1.100656821463612E-134
 -5.588731765225207E-130
 -6.443992946309081E-117
 -7.218999310283446E-113
 -2.222475483012488E-101
 -2.438373101401632E-099
 -1.581329691484706E-081
  3.406172441904515E-077
  3.038581678643598E-064
  9.662014497712160E-061
  1.751623080406709E-046
  5.739611466241765E-042
 -2.209921134596638E-029
 -4.321692414034575E-024
  1.707651896662405E-014
  7.535146029916072E-012
 -5.384178130478187E-007
 -9.867321437348846E-006
  9.911972530872127E-004
  6.168285142011451E-003
  1.482740135816532E-002
  2.589996054677357E-002
  3.865692705799482E-002
  5.259692460520070E-002
  6.735463011980104E-002
  8.265108143238768E-002
  9.826578697072330E-002
  0.114019924259360     
  0.129765646343795     
  0.145378999972279     
  0.160755076939193     
  0.175804581761813     
  0.190451318180226     
  0.204630278131790     
  0.218286126317087     
  0.231371942123421     
  0.243848125458527     
  0.255681402821837     
  0.266843890090860     
  0.277312182305459     
  0.287066449771941     
  0.296089524889578     
  0.304365965941671     
  0.311881083202128     
  0.318619909105710     
  0.324566087645555     
  0.329700647964056     
  0.334000612044786     
  0.337437364383810     
  0.339974678903977     
  0.341566249262554     
  0.342152492257993     
  0.341656271964696     
  0.339976989421263     
  0.336982135506253     
  0.332494781171181     
  0.326274311967283     
  0.317985394971377     
  0.307145263361447     
  0.293028301779406     
  0.274478307525466     
  0.249471657143561     
  0.213972712053204     
  0.161349926694311     
  9.385234810089987E-002
  3.802556242958609E-002
  1.057521426561274E-002
  1.231862128638280E-003
 -1.630060228951561E-005
 -2.476748231787372E-007
  3.426669979345709E-011
  9.863214047861970E-015
 -2.574750478011258E-023
 -2.276850930235473E-030
  2.295887428277880E-040
  8.210733189403296E-048
  1.593092280404533E-058
 -4.747783873801095E-066
 -1.122701838952571E-076
 -1.647218428504593E-083
 -8.389563551363680E-094
 -2.857468477614306E-101
  3.326531199360135E-111
  9.913835299706018E-119
 -5.770612820850863E-129
 -1.719776283542737E-136
 -6.006249086660221E-146
  5.966672579711990E-154
  3.473225602474396E-164
  8.194167212351494E-172
  1.506199676285275E-182
 -1.795530218749237E-189
 -2.612837861461785E-200
  8.165735210297248E-202
 -1.436424174967164E-188
  1.260861220250617E-187
 -1.656084321054491E-170
 -2.170684922418304E-165
  1.432001420390670E-152
 -6.256891539492633E-148
  1.987297038756017E-135
 -3.650645551565814E-130
 -1.586213648322442E-117
  2.079067853452108E-112
  4.571949565127256E-100
  1.198515242733957E-094
  1.317774742895826E-082
  1.381788140170439E-076
  3.903733406571720E-065
  7.965419463265119E-059
  8.758115402032991E-047
 -2.295869887718979E-041
 -3.554587312531935E-029
 -6.703405774056158E-024
  2.158263554624638E-014
  9.375155906679142E-012
 -6.044269298840989E-007
 -1.097041265997305E-005
  1.037002668363533E-003
  6.429022597115201E-003
  1.541387564170445E-002
  2.688648442547246E-002
  4.010197857808668E-002
  5.455202650424004E-002
  6.986758425985795E-002
  8.576697487295137E-002
  0.102027155566184     
  0.118466599048643     
  0.134934491117244     
  0.151303614466338     
  0.167465514855187     
  0.183327101037967     
  0.198808178014167     
  0.213839593942509     
  0.228361790298373     
  0.242323614427844     
  0.255681298604625     
  0.268397539233671     
  0.280440629817272     
  0.291783615281398     
  0.302403444911335     
  0.312280107088382     
  0.321395731705895     
  0.329733646014354     
  0.337277366858155     
  0.344009506561371     
  0.349910560372713     
  0.354957529172092     
  0.359122310069031     
  0.362369756282891     
  0.364655260481113     
  0.365921642439154     
  0.366095004412361     
  0.365079023020913     
  0.362746811622328     
  0.358928886021086     
  0.353394632710597     
  0.345822412661951     
  0.335748571189737     
  0.322474438090651     
  0.304883343676316     
  0.281012432166928     
  0.246594572402313     
  0.191951974196650     
  0.113037880510371     
  4.353196860632247E-002
  1.133504082472542E-002
  1.290731921290725E-003
 -1.842600828276769E-005
 -2.752104969109391E-007
  4.330150641394667E-011
  1.216871859406989E-014
 -4.055639691223494E-023
 -3.566801281981921E-030
  1.377532551846312E-040
  1.368455531567221E-047
 -7.965459555662268E-058
  9.495567749198921E-066
 -2.072681139563681E-076
  6.392060974805255E-094
  7.191055198303721E-094
 -4.286202717659669E-101
 -1.247449226954251E-111
  1.487075295225198E-118
  7.213256901694963E-130
  1.719776283485734E-136
 -8.759114850779226E-147
  5.220838511975213E-154
  1.447291190162115E-168
 -5.692789853645431E-171
  2.978585129478416E-183
 -8.977651093894060E-190
  3.266061516236709E-201
 -5.225678768455361E-200
 -1.436424174969632E-188
  1.506215237547170E-182
  2.507881695556895E-183
  4.341487610832771E-165
 -2.386669033983248E-152
 -1.251276476686410E-147
 -6.879105134177916E-136
 -7.376754886453239E-130
  3.205993189559733E-130
 -1.039548907632733E-112
 -1.071550679313273E-100
 -1.198566042173570E-094
  1.054219794323426E-081
 -7.484890258374056E-077
 -6.077163357271537E-064
 -1.593085496348910E-058
 -8.758115402069055E-047
  1.033146607030388E-040
 -5.232947020507734E-029
 -9.695610130946247E-024
  2.628750386459481E-014
  1.126564682579588E-011
 -6.661711237772415E-007
 -1.199185552618487E-005
  1.076072403872462E-003
  6.651044487138839E-003
  1.591485320728903E-002
  2.773449743391967E-002
  4.135367205326530E-002
  5.625929253802039E-002
  7.207977036496101E-002
  8.853140658926546E-002
  0.105389066578457     
  0.122468865461566     
  0.139617314467636     
  0.156704201141637     
  0.173617778465196     
  0.190261396301285     
  0.206551075594137     
  0.222413704221254     
  0.237785642937664     
  0.252611599804813     
  0.266843675927528     
  0.280440514232185     
  0.293366502498125     
  0.305590995634797     
  0.317087532078941     
  0.327833025744060     
  0.337806918421497     
  0.346990278203308     
  0.355364827563731     
  0.362911879998353     
  0.369611155869343     
  0.375439435117891     
  0.380368984881894     
  0.384365670739992     
  0.387386615943864     
  0.389377204205447     
  0.390267111536463     
  0.389964870725250     
  0.388350159537054     
  0.385262443878215     
  0.380483552057690     
  0.373709650943338     
  0.364503561941689     
  0.352207719839936     
  0.335774335925905     
  0.313400439485376     
  0.281111155647475     
  0.227003039667796     
  0.137144835115705     
  5.010478898400557E-002
  1.197175633438936E-002
  1.334380223321050E-003
 -2.038041075819004E-005
 -2.998651288535190E-007
  5.257068984938360E-011
  1.445771298352837E-014
 -5.914714559170488E-023
 -5.018355057208789E-030
  1.836710507034186E-040
  3.371306372454559E-061
 -3.982729672324825E-059
  1.899113549102831E-065
 -4.392582476473892E-083
  6.588873714493781E-083
 -1.438210798363406E-093
  1.142987391370983E-100
  6.653061677213369E-111
 -1.487075295180315E-118
 -5.770610718902072E-129
  1.289832213086667E-136
  3.793009784477458E-147
 -2.983336292287138E-154
 -8.253970258483390E-169
 -3.622684452310006E-171
  3.106539400944109E-182
 -2.154636262457351E-188
 -2.090270012302902E-199
 -8.859728845418046E-206
 -3.193489262331661E-200
 -1.701236951755463E-183
  2.649734913688905E-169
  1.177659961639886E-169
 -3.054936363499422E-151
 -1.876070364562481E-147
 -1.100656821463839E-133
  7.301341549902611E-130
  3.172427296647129E-117
 -3.118644079208783E-112
  1.371584869541503E-099
 -4.794049287064718E-094
  3.459158700124117E-082
  6.881712546156162E-082
 -1.055063082825737E-065
  1.770115628287965E-059
 -1.770107525403487E-058
  6.887664158097213E-041
 -7.281519289981422E-029
 -1.313268709449025E-023
  3.091325243438159E-014
  1.310044171576508E-011
 -7.215258795631759E-007
 -1.290121411090988E-005
  1.107943285446414E-003
  6.832548810893224E-003
  1.632758575704734E-002
  2.844070793967385E-002
  4.240843520843448E-002
  5.771500544848364E-002
  7.398735974366377E-002
  9.094038517087209E-002
  0.108347240552528     
  0.126021964611052     
  0.143808627281510     
  0.161574242153870     
  0.179203984623403     
  0.196597858692417     
  0.213668307714608     
  0.230338450315222     
  0.246540731744995     
  0.262215849873005     
  0.277311858545831     
  0.291783379070851     
  0.305590869355878     
  0.318699913510724     
  0.331080504441183     
  0.342706298805333     
  0.353553827771237     
  0.363601648429718     
  0.372829419612410     
  0.381216882104864     
  0.388742716193466     
  0.395383237960707     
  0.401110877926208     
  0.405892358673820     
  0.409686447189195     
  0.412441094254041     
  0.414089672193707     
  0.414545855815686     
  0.413696406820090     
  0.411390614362420     
  0.407424193368131     
  0.401513556394080     
  0.393252350860660     
  0.382032468190493     
  0.366889627830186     
  0.346214740242291     
  0.316736021468619     
  0.266031146846720     
  0.167490369345047     
  5.835036965088324E-002
  1.243020869751099E-002
  1.359672102292841E-003
 -2.203979591420596E-005
 -3.205619835781847E-007
  6.132596778565743E-011
  1.656329876995893E-014
 -7.992868025437070E-023
 -6.356187528215285E-030
  9.183557644071580E-041
  5.363096662805134E-061
 -3.186183822264907E-058
  1.899113549188809E-065
 -5.527149888527418E-076
 -6.863410138466859E-085
  1.917614634881926E-093
  1.262048577999849E-100
  1.663265496410950E-110
  3.965534119266875E-118
 -5.099374544856366E-129
 -1.375821026833078E-135
  8.485934343069893E-153
  2.386669033981174E-153
  6.604096253631694E-168
 -1.940723813733182E-172
  2.443916131251044E-189
  2.244412773391865E-189
 -1.306422391562473E-200
 -1.306342654002864E-200
 -5.745696699864593E-188
 -1.021457191088896E-187
  8.280421605351739E-171
 -4.341517052331812E-165
 -9.546676135936519E-153
  2.502714186125338E-147
 -2.751642053664420E-135
  3.688073233910687E-130
  1.127698765545134E-117
  9.979593463142093E-111
  1.142987391197264E-100
  1.917614431684168E-093
  3.196019514723671E-093
 -5.527171302366990E-076
  3.038581678655114E-064
 -1.230770081290300E-058
 -3.503246160811116E-046
  3.503246160824787E-046
 -9.432073490389923E-029
 -1.670422356773747E-023
  3.515019220833498E-014
  1.476540418525068E-011
 -7.685307857300317E-007
 -1.367105937547796E-005
  1.132243657994028E-003
  6.972101516812332E-003
  1.664985678894647E-002
  2.900238530455567E-002
  4.326320084314961E-002
  5.891586658911123E-002
  7.558686881468363E-002
  9.299023433682266E-002
  0.110897746006205     
  0.129121590515172     
  0.147503575115643     
  0.165908106694615     
  0.184217451983214     
  0.202328446076695     
  0.220150137589652     
  0.237602057424355     
  0.254612905915331     
  0.271119519747738     
  0.287066022439425     
  0.302403089253670     
  0.317087275328202     
  0.331080368325635     
  0.344348736135926     
  0.356862646922845     
  0.368595543214031     
  0.379523253749635     
  0.389623126449306     
  0.398873063016873     
  0.407250429843136     
  0.414730809898762     
  0.421286544503580     
  0.426884989563468     
  0.431486373745176     
  0.435041088574519     
  0.437486149137963     
  0.438740414392258     
  0.438697901755899     
  0.437218080087523     
  0.434111187681330     
  0.429114977641594     
  0.421855853040674     
  0.411778994423017     
  0.398009363967234     
  0.379114606430182     
  0.352676741119817     
  0.307948184847550     
  0.205263705475134     
  6.931249485109879E-002
  1.265101074676717E-002
  1.362926405969464E-003
 -2.327329864402505E-005
 -3.363703857868612E-007
  6.871799122792691E-011
  1.831635420967006E-014
 -9.989340187152084E-023
 -7.821288814897426E-030
  4.591775513414416E-040
  2.189528850507608E-047
 -1.593093177208153E-058
 -1.899113549065984E-065
 -8.290721602412764E-076
  3.660485397764705E-083
  1.917614483302153E-093
 -1.142987391468931E-100
  1.663266212410166E-111
  2.564714754028230E-129
  2.885305684297668E-129
  3.439552566762917E-136
 -1.494613130087074E-147
 -1.193334517001682E-153
  4.338028579712974E-165
 -1.035052700683193E-171
  3.503500309031623E-183
  2.693295328047012E-189
 -6.532105728315520E-201
  5.225679599054940E-200
 -2.154636262446900E-188
  6.024786894542327E-182
  6.024799662757210E-182
 -3.473058176949810E-164
  1.074001065294760E-152
 -7.577268979534536E-147
 -9.554312686275873E-137
 -4.633276037552980E-131
  3.172427296656506E-117
 -3.326533239957901E-111
 -2.069848920724826E-110
  2.397016464822581E-093
 -1.061540765114833E-081
 -2.763572034177818E-076
  3.376201865232738E-065
  3.376201865552081E-065
 -1.751623080403987E-046
 -2.295860156479643E-041
 -1.144089766983694E-028
 -2.001680624743965E-023
  3.868875858325173E-014
  1.614918923698492E-011
 -8.054841828450712E-007
 -1.427792383506606E-005
  1.148693260601649E-003
  7.068604006137946E-003
  1.687988493935779E-002
  2.941718750542083E-002
  4.391515343636914E-002
  5.985865773775991E-002
  7.687473344152329E-002
  9.467707875445378E-002
  0.113036397753345     
  0.131763205387905     
  0.150697175053263     
  0.169700218661798     
  0.188651811163662     
  0.207445749442930     
  0.225987832778107     
  0.244194160379767     
  0.261989846656548     
  0.279308019099266     
  0.296089004959459     
  0.312279638886872     
  0.327832640609556     
  0.342706023328156     
  0.356862501956907     
  0.370268876696463     
  0.382895371863742     
  0.394714912306828     
  0.405702319987507     
  0.415833411282143     
  0.425083970794853     
  0.433428569030532     
  0.440839177533756     
  0.447283513606277     
  0.452723013564781     
  0.457110282067781     
  0.460385783603644     
  0.462473409486955     
  0.463274329701334     
  0.462658145406057     
  0.460449633447045     
  0.456407967385502     
  0.450192431459530     
  0.441301932326630     
  0.428952218597039     
  0.411851563705265     
  0.388295168900212     
  0.351144707688250     
  0.251065223553321     
  8.467685127302087E-002
  1.258961517910916E-002
  1.339229650785988E-003
 -2.395507659541489E-005
 -3.465645248683801E-007
  7.391610430145366E-011
  1.956757606127256E-014
 -1.156181154962607E-022
 -8.946905436924399E-030
 -9.183534289097175E-041
 -2.189528850507421E-047
 -7.457222585865318E-059
  7.596454196660047E-065
  5.527145532549795E-076
  1.317774742854278E-082
 -1.917614482483607E-093
 -4.571949565077358E-100
 -4.989794396312065E-111
  9.913835306117809E-119
  1.154122331522659E-128
 -1.719776284182292E-136
 -5.005206743512326E-147
 -1.640056736996443E-164
  3.473060488567470E-164
 -5.175263503446087E-171
 -2.259296681480234E-182
 -7.182120874766872E-189
 -5.225675722923571E-200
  1.045142786100843E-199
 -1.149139339975938E-187
  3.012297685659499E-182
  2.649734913692339E-169
  6.946121460159611E-164
  3.087259142637317E-164
 -1.376447402620200E-146
  4.402627285855383E-134
 -7.302536985505905E-130
 -3.216488786870609E-117
  2.435856651828848E-112
  3.657559652104946E-099
 -2.246432498770145E-095
 -1.533743381330770E-081
 -5.527148607357529E-076
  3.038581678628399E-064
 -6.372357178304032E-058
 -1.751623080408501E-046
  1.377539448862191E-040
 -1.313274078372007E-028
 -2.259528177255461E-023
  4.125419984692276E-014
  1.715434172664831E-011
 -8.310258388107168E-007
 -1.470310112760848E-005
  1.157103035905009E-003
  7.121268750137452E-003
  1.701625140191246E-002
  2.968302783427124E-002
  4.436152572439021E-002
  6.053995947753283E-002
  7.784694291170678E-002
  9.599638995797483E-002
  0.114758213983247     
  0.133941410113188     
  0.153383603966643     
  0.172944270313673     
  0.192500154491510     
  0.211942090669071     
  0.231172724622121     
  0.250104840037861     
  0.268660096704767     
  0.286768050993929     
  0.304365368397503     
  0.321395162756554     
  0.337806412645140     
  0.353553415929847     
  0.368595251040266     
  0.382895219154481     
  0.396420245668535     
  0.409140221851386     
  0.421027268264851     
  0.432054900150737     
  0.442197071183240     
  0.451427064932359     
  0.459716191631052     
  0.467032229129393     
  0.473337517741776     
  0.478586573244607     
  0.482723010447844     
  0.485675453306458     
  0.487351912483654     
  0.487631771766957     
  0.486353906444758     
  0.483298268946500     
  0.478155909021250     
  0.470477421097639     
  0.459568441719945     
  0.444252688346749     
  0.423208943955949     
  0.393811069315091     
  0.304356627869698     
  0.106926153766870     
  1.226792578374285E-002
  1.280946987583114E-003
 -2.398399787539326E-005
 -3.506423883397125E-007
  7.625705174731258E-011
  2.020728860959891E-014
 -1.239067540677716E-022
 -9.667416909937398E-030
  1.654310687064292E-046
 -3.284293275761166E-047
 -7.965457107915916E-058
  1.899113549520438E-065
 -1.658144479713667E-075
 -6.588873714348627E-083
  2.412973381743760E-100
 -1.000113967355359E-100
 -2.959883405713660E-111
  2.974150590729309E-118
 -1.442653031324225E-128
 -6.879105134549122E-136
  5.005207207586861E-147
  4.475004438840720E-154
  1.241587044671661E-168
  1.035052700582779E-171
  1.882749495604913E-183
 -1.795530218556721E-189
 -2.903144527323028E-201
  4.429864422790609E-206
 -7.182120874833646E-189
  1.882903113190293E-183
  4.435126265412275E-182
  8.682813293420819E-165
  7.637340908749018E-152
 -5.005487773791079E-147
 -1.039509220268357E-134
  1.451360327438809E-129
  3.172427296643604E-117
 -8.316229114777810E-112
 -9.143899130258502E-099
 -3.295930633367078E-094
  1.083503677498827E-081
 -2.685472649845465E-077
 -1.215432671457992E-063
  3.186195976591622E-058
 -3.503246160811116E-046
  2.724747013982623E-046
 -1.392062262331460E-028
 -2.405387822223072E-023
  4.263902548884954E-014
  1.770738396105586E-011
 -8.442034021536799E-007
 -1.493327803070756E-005
  1.157374987201197E-003
  7.129603618903345E-003
  1.705785112901396E-002
  2.979797847804301E-002
  4.459944043405915E-002
  6.095591818304349E-002
  7.849872215132651E-002
  9.694257750826980E-002
  0.116056914024883     
  0.135649349658085     
  0.155555515411886     
  0.175632459991370     
  0.195754202687446     
  0.215808629073352     
  0.235695268020222     
  0.255323651044289     
  0.274612071688207     
  0.293486622761730     
  0.311880425938988     
  0.329732991933915     
  0.346989664218521     
  0.363601108703221     
  0.379522818256500     
  0.394714605717016     
  0.409140062661405     
  0.422765963579587     
  0.435561595992567     
  0.447497996142586     
  0.458547066846453     
  0.468680548249175     
  0.477868802275905     
  0.486079355510214     
  0.493275119873375     
  0.499412170767684     
  0.504436899597255     
  0.508282256315745     
  0.510862629304701     
  0.512066619662731     
  0.511746444628288     
  0.509701712308405     
  0.505653348303539     
  0.499199963782292     
  0.489733327054630     
  0.476190690637320     
  0.457290068002680     
  0.434430424674138     
  0.363031461278894     
  0.139261466549255     
  1.187809654123959E-002
  1.174882215511680E-003
 -2.330968910730464E-005
 -3.483004633271718E-007
  7.539399475320095E-011
  2.017935212753028E-014
 -1.229253704339982E-022
 -9.515951588260470E-030
  1.836711382845726E-040
  4.379057701015173E-047
 -3.186186860846586E-058
 -4.529160164766584E-076
  5.527148021679865E-076
 -3.089490803881381E-093
  4.794036745953063E-094
 -3.418934414875734E-111
  3.326530926729665E-111
  5.507686298773374E-120
 -2.344310824303159E-129
 -3.893382419857965E-136
  1.001041540961915E-146
  1.193334517019047E-153
  6.946451135945279E-164
 -1.552579051310967E-171
  1.204960048263390E-181
  2.693295327504122E-189
  5.225680616539425E-199
 -1.633112433743649E-201
 -2.872848349932260E-188
  4.702677185884451E-184
  2.484126481576067E-170
  1.736503775686082E-164
  7.637340908742844E-152
  2.002150982657847E-146
 -1.761050914341712E-133
 -5.488530414103195E-129
  1.015176734926265E-115
  8.316609806053406E-112
 -1.463023860841590E-098
  3.662273840099326E-094
  2.108439588646373E-081
 -1.438096362095889E-077
 -1.215432671458238E-063
  3.186173018418939E-058
  1.751623080398589E-046
  1.377537502614324E-040
 -1.387829855574101E-028
 -2.418516165113005E-023
  4.272834848014741E-014
  1.776663515860706E-011
 -8.445192324246135E-007
 -1.496098973555101E-005
  1.149502157327347E-003
  7.093405352967121E-003
  1.700386791478971E-002
  2.976021013190196E-002
  4.462579460066895E-002
  6.110205642162258E-002
  7.882425357080027E-002
  9.750861288450734E-002
  0.116924440243544     
  0.136878133463478     
  0.157203364383144     
  0.177754727395131     
  0.198403460466902     
  0.219034449786267     
  0.239544076207163     
  0.259838617435477     
  0.279833031670325     
  0.299450009053414     
  0.318619211792038     
  0.337276645935766     
  0.355364121370791     
  0.372828764919128     
  0.389622556779753     
  0.405701864297594     
  0.421026949868553     
  0.435561431763478     
  0.449271677505523     
  0.462126108806029     
  0.474094394588238     
  0.485146503737879     
  0.495251580845754     
  0.504376594535473     
  0.512484686174804     
  0.519533112408306     
  0.525470620597940     
  0.530234008859469     
  0.533743478088551     
  0.535896136964957     
  0.536556582814639     
  0.535542659282935     
  0.532602855620089     
  0.527379298616081     
  0.519342677447802     
  0.507558194757826     
  0.490572204327357     
  0.472184371077257     
  0.423574283475192     
  0.185069590938363     
  1.194571519751646E-002
  9.967630745513923E-004
 -2.195401330213946E-005
 -3.393711936012489E-007
  7.139931000576723E-011
  1.948660233364909E-014
 -1.128897373398282E-022
 -9.011135489382143E-030
  4.591776413554055E-040
  2.189528850507634E-047
  1.593091847828668E-058
  1.899113549157489E-064
  2.210858271587684E-075
 -1.107955284934430E-092
  2.237216794631996E-093
  2.285974782564552E-100
  3.326530860637429E-111
 -3.965534120946766E-118
 -5.770610489598567E-129
  6.879105133967962E-136
  1.876951178028746E-147
 -5.966672584913863E-153
 -1.651484086830459E-167
  3.881447627607994E-172
 -3.765499290464864E-183
 -2.244412772920101E-190
  6.532099844901832E-201
 -1.306375877986034E-200
  4.363239261792471E-201
  3.765755153521031E-183
  3.850076444645263E-182
 -1.627813121601511E-165
 -3.818670454375281E-152
 -5.005835697099143E-147
  3.301970464387819E-134
  5.766130739900644E-129
 -1.586213648321800E-117
 -3.524919218500369E-117
 -9.143899130147322E-100
 -2.876418294763237E-093
  1.581329691480958E-081
  6.908933087042570E-076
 -7.674720102671821E-077
 -3.982719649225539E-059
 -1.239012065283525E-058
  2.295941898890062E-041
 -1.319594468371086E-028
 -2.295954953062840E-023
  4.151421699024129E-014
  1.732677175094625E-011
 -8.319552024114680E-007
 -1.478489139370303E-005
  1.133568764693900E-003
  7.012762499155801E-003
  1.685377401820379E-002
  2.956796844076132E-002
  4.443718654405319E-002
  6.097312480106584E-002
  7.881643314597445E-002
  9.768567618680385E-002
  0.117350489029204     
  0.137616250877856     
  0.158314712883424     
  0.179297957102279     
  0.200434331212439     
  0.221605603270683     
  0.242704899360370     
  0.263635165434504     
  0.284307983760051     
  0.304642640064354     
  0.324565370694845     
  0.344008738695519     
  0.362911100070977     
  0.381216128689012     
  0.398872372481373     
  0.415832816246673     
  0.432054428221381     
  0.447497668898306     
  0.462125941144191     
  0.475904960107662     
  0.488802019299151     
  0.500785125056542     
  0.511821964507874     
  0.521878660551387     
  0.530918248787722     
  0.538898781854006     
  0.545770919869934     
  0.551474790738516     
  0.555935781038165     
  0.559058710076190     
  0.560719473996566     
  0.560752571461075     
  0.558931558847953     
  0.554937415646069     
  0.548309691106293     
  0.538255784811267     
  0.523128774244728     
  0.507085197667728     
  0.481727095121383     
  0.246581610957530     
  1.381353731813278E-002
  7.021890942839814E-004
 -2.005676364896646E-005
 -3.238303616203839E-007
  6.478167658477531E-011
  1.818845785945996E-014
 -9.595042464432814E-023
 -7.832154741660646E-030
  5.510130791259607E-040
 -2.189528850507445E-047
 -1.274473440280664E-057
 -9.495567744433292E-065
  3.316289047278985E-075
  2.635549485568996E-082
 -7.670458844324341E-093
 -2.285974782357568E-100
  3.326532975588960E-111
  2.974150590591456E-118
 -2.885305978570498E-128
 -6.879105131390279E-136
 -4.004166667700012E-146
 -1.852299178715474E-163
  1.840093690276014E-171
 -1.599300179830502E-172
 -3.765498903927110E-183
 -2.244412773101549E-190
 -4.808373928746124E-201
 -2.613088425668195E-200
  9.193114719783559E-187
  3.765908372099695E-183
 -5.299469827377909E-169
 -1.137383990951480E-165
  2.277943000213982E-151
 -5.005148336417355E-147
  4.402627285855282E-134
 -5.735556939304410E-129
  1.264564769635329E-116
 -1.608244393440433E-117
  1.385970037358076E-112
 -4.793934988325590E-094
  1.581329691484074E-081
 -1.381799853723709E-076
 -3.217942402729559E-064
  7.965162449898134E-059
  7.006492321629403E-046
 -1.377537113364750E-040
 -1.169756727619921E-028
 -2.056164610896918E-023
  3.909669382127765E-014
  1.641953491009165E-011
 -8.069741676880338E-007
 -1.440984045226217E-005
  1.109750501691271E-003
  6.888068040697255E-003
  1.660735565178016E-002
  2.921958999162153E-002
  4.402988874028601E-002
  6.056299722418971E-002
  7.846665929791344E-002
  9.746281892276965E-002
  0.117322037603176     
  0.137848961195702     
  0.158873489191561     
  0.180245118974944     
  0.201829154232510     
  0.223504055252979     
  0.245159504650719     
  0.266694951481277     
  0.288018475484129     
  0.309045877025359     
  0.329699931714476     
  0.349909766165051     
  0.369610322184784     
  0.388741882590383     
  0.407249634822846     
  0.425083250022656     
  0.442196456017951     
  0.458546583131337     
  0.474094061756476     
  0.488801849939855     
  0.502634767266551     
  0.515558707683218     
  0.527539697764168     
  0.538542757051085     
  0.548530501304546     
  0.557461404366354     
  0.565287594377801     
  0.571951996112268     
  0.577384526760720     
  0.581496877270680     
  0.584175106978704     
  0.585268727261900     
  0.584573828802770     
  0.581805840433002     
  0.576562027021966     
  0.568192676350577     
  0.554983802489234     
  0.539814558898590     
  0.533337562153488     
  0.323123521847781     
  2.018233926382784E-002
  2.122396975115359E-004
 -1.789729619311654E-005
 -3.021443942262838E-007
  5.638745353546126E-011
  1.639426508814193E-014
 -7.554524610715500E-023
 -6.414313062103427E-030
  1.836710798971366E-040
  5.478562766593573E-061
 -3.186184033277523E-058
  9.495567746527469E-066
 -6.908911416969019E-077
  6.588873714561696E-083
  3.595527424528787E-094
  1.142987391245315E-100
 -4.158165269410316E-112
  1.549036764657377E-120
  7.213263828571659E-130
 -2.418435398501701E-137
 -1.876954492846848E-147
 -1.491668145998858E-154
 -4.133903450244402E-169
  2.587631751657775E-172
 -3.790563795125037E-189
  1.122206386654200E-190
 -1.081509868860944E-207
 -7.087783076338062E-205
 -2.168861621358831E-201
 -2.042914382174134E-187
  2.070105401318582E-171
  1.913697437664288E-169
  1.449934944770616E-165
  5.515857322985011E-152
 -1.719776283471836E-136
 -1.081994573579850E-129
 -2.244107180146096E-129
  4.158174481015618E-112
 -1.428734239139806E-101
 -2.397023373546369E-094
 -8.655249160737202E-095
 -1.171355327046921E-082
 -3.038581678643004E-064
 -2.700961492126618E-064
  3.503246160806824E-046
  9.183518475833254E-041
 -9.775775092051598E-029
 -1.733494224352468E-023
  3.567149343711506E-014
  1.511047125649008E-011
 -7.704979684880719E-007
 -1.384678531797421E-005
  1.078314961035355E-003
  6.720041859752298E-003
  1.626476639241282E-002
  2.871356283625961E-002
  4.339987372892680E-002
  5.986461656354737E-002
  7.776465840672862E-002
  9.682664054339636E-002
  0.116822855857830     
  0.137557637673498     
  0.158859171049570     
  0.180574306634064     
  0.202565116170772     
  0.224706494038310     
  0.246884402544448     
  0.268994529339812     
  0.290941223346057     
  0.312636621510194     
  0.333999916123872     
  0.354956729148363     
  0.375438568284679     
  0.395382344058016     
  0.414729928834883     
  0.433427738896525     
  0.451426320313834     
  0.468679918811847     
  0.485146013112369     
  0.500784790134038     
  0.515558538458261     
  0.529430933106630     
  0.542366179259320     
  0.554327974017119     
  0.565278231851104     
  0.575175498020704     
  0.583972940246609     
  0.591615754523032     
  0.598037732579417     
  0.603156591334545     
  0.606867411700289     
  0.609033083642236     
  0.609469752742478     
  0.607923309741026     
  0.604038499003469     
  0.597291844298757     
  0.586083225065852     
  0.571207588804515     
  0.576594343156671     
  0.410193280546716     
  3.538593856391778E-002
 -6.072316058850864E-004
 -1.594816865490610E-005
 -2.759394518720639E-007
  4.721602437104720E-011
  1.425278310287011E-014
 -5.504476506354310E-023
 -5.001795735372181E-030
  1.377532697814902E-040
  3.367508145356255E-061
  3.186183849960313E-058
  9.891216242159957E-068
  4.145360997957471E-076
 -1.830242697252380E-084
 -3.835229228489307E-093
  7.778664190079660E-101
  6.653062596996977E-111
  3.965534120138880E-118
 -1.442653979112043E-129
  1.031865770116744E-135
 -1.251300873747646E-147
 -2.833924611876796E-165
  8.139981054618271E-166
  2.070105401309275E-171
 -7.461146270817916E-183
 -9.975167886644735E-191
  3.114748422223656E-207
  8.164793864107432E-202
  1.795530218705689E-189
  7.022518188723095E-188
 -1.293815875824075E-171
  5.426358088010422E-166
  9.546676135937238E-153
 -3.128159369462239E-148
 -5.503284107319658E-135
 -3.518503292353924E-130
  3.172427296644043E-117
  4.836612158079933E-113
  9.143899130260748E-100
 -9.448695767932364E-099
  2.635549485809231E-082
  1.381802196434364E-076
 -3.038581678644827E-064
  5.199577077869891E-059
  8.758115402019495E-047
  4.591792324130369E-041
 -7.625405401775623E-029
 -1.376914506972807E-023
  3.150608841924650E-014
  1.349208949074182E-011
 -7.238629989748396E-007
 -1.311245718034414E-005
  1.039622141354599E-003
  6.509763008452714E-003
  1.582661127855799E-002
  2.804863911905617E-002
  4.254290509105548E-002
  5.887000452761830E-002
  7.669835824278559E-002
  9.576098296880281E-002
  0.115832996573110     
  0.136719045500946     
  0.158245858754249     
  0.180257624411642     
  0.202612977771060     
  0.225182928285222     
  0.247849345343390     
  0.270503778637999     
  0.293046498639624     
  0.315385682679178     
  0.337436707175154     
  0.359121523999774     
  0.380368105335311     
  0.401109944081418     
  0.421285596962523     
  0.440838256182230     
  0.459715333755195     
  0.477868040935405     
  0.495250943534349     
  0.511821472192591     
  0.527539364435246     
  0.542366012078286     
  0.556263682620426     
  0.569194575750396     
  0.581119664516934     
  0.591997252527837     
  0.601781149694761     
  0.610418322920273     
  0.617845803480171     
  0.623986509424450     
  0.628743431109588     
  0.631991259639327     
  0.633563827671583     
  0.633233889258676     
  0.630685602405000     
  0.625493515266751     
  0.616315645447880     
  0.601940176468593     
  0.611465854554819     
  0.500578296395114     
  6.491690735032520E-002
 -1.943643391652366E-003
 -1.578436861314246E-005
 -2.378590852809383E-007
  3.828224928500572E-011
  1.191332426986432E-014
 -3.714949516747252E-023
 -3.476448292340366E-030
 -1.377532442369869E-040
 -2.736911063134246E-048
 -3.982728564508588E-059
 -9.495567745913340E-066
  1.381787261653944E-076
 -4.794036587204811E-094
  6.125708051293120E-094
 -8.572405434413782E-101
 -2.494897947201366E-111
 -1.982767060205690E-118
  1.731183605486579E-128
  1.719776284649445E-136
  6.629636205588474E-154
 -2.983336292478095E-153
 -4.349584023068995E-165
  1.035052700688213E-171
 -9.413791368763253E-184
 -6.284355765473270E-189
  6.350598263091821E-202
 -6.532106420481835E-201
 -7.182120874824934E-189
  1.882714782020686E-183
  8.280421605273080E-171
  1.085371902708193E-165
 -5.062677315462724E-153
  8.485934343052528E-153
 -1.910862537565929E-137
  1.303495644139318E-130
 -6.344854593288889E-117
 -2.078292371224039E-112
 -7.315119304207213E-099
  1.198411611877148E-094
  4.216879177292773E-081
 -1.381758856287264E-076
 -1.215432671457117E-063
  7.965297497972741E-059
  3.503246160812754E-046
  5.739708778635120E-041
 -5.555841489115894E-029
 -1.026272195117726E-023
  2.690795372282237E-014
  1.167427270303121E-011
 -6.687555386772375E-007
 -1.222886316136640E-005
  9.941248922081076E-004
  6.258711576289625E-003
  1.529406497025831E-002
  2.722401030862887E-002
  4.145471172338068E-002
  5.757035874525013E-002
  7.525383151644824E-002
  9.424665770754199E-002
  0.114328264729173     
  0.135304536066744     
  0.157001199658844     
  0.179259864692968     
  0.201935540435790     
  0.224894982172886     
  0.248015494965881     
  0.271183986861612     
  0.294296160602778     
  0.317255793736116     
  0.339974077063130     
  0.362369002583328     
  0.384364798023552     
  0.405891404898368     
  0.426883995361372     
  0.447282520034478     
  0.467031275635295     
  0.486078478114573     
  0.504375824268738     
  0.521878022236013     
  0.538542268561223     
  0.554327646128186     
  0.569194412593706     
  0.583103142197917     
  0.596013673709773     
  0.607883801689610     
  0.618667623749941     
  0.628313417452997     
  0.636760857509188     
  0.643937280458944     
  0.649752529288073     
  0.654091607920685     
  0.656803820961123     
  0.657685488654767     
  0.656454427549383     
  0.652753097386266     
  0.645560879360650     
  0.632280525678652     
  0.640043787091502     
  0.586101250313679     
  0.113819771432495     
 -3.948996712365858E-003
 -2.433555707237782E-005
 -1.471377588804460E-007
  3.207867688703006E-011
  9.425946644190715E-015
 -2.336644344835013E-023
 -2.343376342976727E-030
  6.887663245793526E-041
 -5.473822126268742E-048
 -1.593091826727407E-058
  4.747783873616856E-066
  2.763573571581685E-076
  2.470827642859429E-083
 -9.588073428406829E-094
 -1.518030129231580E-101
  8.316328473438280E-112
  1.239229412729342E-118
 -3.606637431901405E-130
 -8.598881417908334E-137
  9.384764508670794E-148
 -3.729170367264279E-155
  1.085229755470575E-165
 -1.132088891245156E-172
 -1.912175841849242E-184
  6.733238320158357E-190
 -3.460831580237175E-207
 -3.460831580246240E-206
  3.591060437416823E-189
 -5.882715605887755E-185
 -2.070105401319630E-171
 -3.397732998699114E-167
  9.546676135936998E-153
 -3.128148762044310E-148
  5.503284107319172E-135
 -6.373781357894385E-131
  9.517281889933933E-117
 -5.197978064061888E-113
 -1.752580666632731E-099
 -7.487431003372320E-096
 -5.319554758019010E-095
 -1.036318556537784E-076
  3.038581678643407E-064
 -3.982787173262842E-059
  1.751623080406864E-046
 -3.443837917792208E-041
 -3.798439022126305E-029
 -7.157294809877599E-024
  2.218973789611566E-014
  9.773136187817189E-012
 -6.071300623571038E-007
 -1.122258184473853E-005
  9.423691827062482E-004
  5.968819531037109E-003
  1.466902767253382E-002
  2.623955868582378E-002
  4.013127143106034E-002
  5.595627291781941E-002
  7.341534809021263E-002
  9.226123696169612E-002
  0.112279680070951     
  0.133279146344455     
  0.155085122689787     
  0.177536903673175     
  0.200485749491046     
  0.223793763480421     
  0.247333118393172     
  0.270985430779700     
  0.294641177445294     
  0.318199118766962     
  0.341565717199038     
  0.364654555664468     
  0.387385768092839     
  0.409685492442056     
  0.431485352163743     
  0.452721966788873     
  0.473336486839386     
  0.493274143374691     
  0.512483798309576     
  0.530917478016040     
  0.548529869282680     
  0.565277752968751     
  0.581119346067143     
  0.596013516628730     
  0.609918827005084     
  0.622792347375349     
  0.634588160622306     
  0.645255446549050     
  0.654735980304047     
  0.662960793084395     
  0.669845597801062     
  0.675284332790195     
  0.679139740362959     
  0.681228655511192     
  0.681298457971474     
  0.679035583803362     
  0.673719246153959     
  0.662198289871108     
  0.665010910288386     
  0.660170861961322     
  0.184553162246305     
 -6.488934743206142E-003
 -6.151678062080518E-005
  1.182514158191777E-007
  4.563770653408172E-011
  6.898303948418421E-015
 -1.679770479784472E-023
 -1.390699574439808E-030
  6.887661816517748E-041
 -9.579188720970401E-048
 -3.540208889238573E-059
  1.424335161847083E-065
  1.381785358201538E-076
 -2.059023035787213E-083
  7.191054976056171E-094
  5.714936955755314E-101
 -1.321844706973705E-118
 -7.435376476542757E-119
  1.081989487699790E-129
 -4.299440708870747E-137
  1.251302336411134E-147
  1.864585182980941E-155
  5.135011453830046E-170
  3.234539689515997E-173
  1.103213667045529E-185
  4.488825546769212E-190
  5.103022121303996E-203
  6.532146566128166E-201
 -7.182120874816224E-189
 -1.882769046933963E-183
 -8.280421605278207E-171
  2.628408227821177E-166
  1.809106512321158E-166
  5.303708964418683E-154
 -1.375821026831688E-135
  7.235222648733235E-130
  7.931068241603398E-118
  4.170790166898609E-112
  9.143899130259248E-100
  2.539971980627740E-099
 -5.271098971617663E-082
  1.727300194584912E-077
 -1.519290839322145E-064
 -9.680853704119734E-060
  1.313717310304694E-046
  1.751623080406021E-046
 -2.410576963882602E-029
 -4.655877225293323E-024
  1.763642319769202E-014
  7.899717162867022E-012
 -5.411147130894290E-007
 -1.012386566615325E-005
  8.849939732374603E-004
  5.642529405511231E-003
  1.395432236825799E-002
  2.509620184062455E-002
  3.856923945342870E-002
  5.401813360652682E-002
  7.116559905430087E-002
  8.977896765109986E-002
  0.109652971617775     
  0.130600607581324     
  0.152448342904221     
  0.175033727429499     
  0.198204300625514     
  0.221817131980208     
  0.245738604997861     
  0.269844232334436     
  0.294018401102935     
  0.318154014249331     
  0.342152041571772     
  0.365921000508814     
  0.389376397146589     
  0.412440155828051     
  0.435040057700214     
  0.457109200408382     
  0.478585482958618     
  0.499411112425956     
  0.519532123073508     
  0.538897893387612     
  0.557460642105701     
  0.575174879990009     
  0.591996789289968     
  0.607883496831221     
  0.622792198495560     
  0.636679081011808     
  0.649497969011631     
  0.661198597197655     
  0.671724362601121     
  0.681009339006568     
  0.688974214447540     
  0.695520605984224     
  0.700522855705397     
  0.703815508220126     
  0.705172239420327     
  0.704308594950173     
  0.700732756399662     
  0.691428218721886     
  0.689158009504478     
  0.716234022839758     
  0.275028185932313     
 -8.389888781248094E-003
 -1.745438045303671E-004
  7.994137988467142E-007
  2.042331598121599E-010
  3.880143721669670E-015
 -8.566383072107781E-023
 -7.792765443984934E-031
 -6.386125814405111E-048
 -6.842277657835929E-049
  9.956823917046292E-059
  2.373891936194301E-066
  2.763573987961899E-076
  2.059023034082667E-084
 -1.198509162676029E-094
  5.000569836873818E-101
 -1.169484700172308E-112
 -9.913835301952148E-119
  3.606633036917570E-130
  7.762879059231973E-138
 -1.876952887231830E-147
 -5.593755548786055E-155
  2.170507978721528E-165
  6.469079378454095E-173
  5.883570976533610E-185
  2.244412773381431E-190
 -2.053756958623662E-202
  8.165119182275974E-202
  4.899025826388721E-201
 -9.413718550037716E-184
 -2.070105401321304E-171
  3.052438842729740E-166
  4.972227154133777E-154
 -1.564297136798660E-148
  5.503284107318202E-135
  1.847415786266240E-130
  1.586213648321881E-117
 -2.598949376689735E-113
 -5.714936956413690E-100
  5.992543194034038E-095
  1.317774742901153E-082
  6.908920202133974E-077
  1.899113549146203E-065
  1.011200312280521E-059
  4.379057701017422E-047
 -2.869868986176563E-042
 -1.407248985320603E-029
 -2.826181932812365E-024
  1.347895951130821E-014
  6.149895200267457E-012
 -4.729088346508847E-007
 -8.965560771856002E-006
  8.227304461227548E-004
  5.282858900666915E-003
  1.315393589076700E-002
  2.379634937920823E-002
  3.676656875745275E-002
  5.174677126934133E-002
  6.848619292356192E-002
  8.677091257404254E-002
  0.106408187465154     
  0.127218300943003     
  0.149030608933143     
  0.171681986078186     
  0.195016572768223     
  0.218886122187565     
  0.243150509997079     
  0.267678156014561     
  0.292346241188916     
  0.317040685412160     
  0.341655910559918     
  0.366094436084315     
  0.390266358387669     
  0.414088765090709     
  0.437485125287577     
  0.460384684118467     
  0.482721878029641     
  0.504435776361189     
  0.525469546029583     
  0.545769928950598     
  0.565286715999016     
  0.583972196091724     
  0.601780553741765     
  0.618667182448135     
  0.634587873665949     
  0.649497830536457     
  0.663350439963833     
  0.676095712613265     
  0.687678262399644     
  0.698034635670624     
  0.707089699037914     
  0.714751623201917     
  0.720904712598065     
  0.725398693971861     
  0.728030492524270     
  0.728538212813025     
  0.726574462164654     
  0.719652561323661     
  0.713560696742659     
  0.758359326579411     
  0.381108895496480     
 -7.604873417586535E-003
 -4.400262807072962E-004
  2.322025661283292E-006
  1.171504679733885E-009
 -6.551954609058281E-015
 -1.797510974554184E-021
 -3.186538188956925E-031
  5.739720942684290E-042
  2.736911063134411E-048
 -1.493526198838074E-059
  4.747783873010405E-066
 -3.202924722420890E-083
 -1.731179846963199E-094
  5.992545639749246E-095
  7.143671194948253E-102
  4.158164022435721E-112
 -2.478458825744008E-119
  3.606633228003825E-130
  2.806579351452872E-137
  2.486113578224422E-155
  1.118751109676414E-154
 -3.049389606225026E-166
  3.593932988610168E-173
  4.412684466880133E-185
  2.805515966739831E-190
 -6.379195114439365E-203
  1.814477658789400E-202
 -3.491308758598050E-190
 -1.176714694065116E-184
 -2.587631751655911E-172
  1.356675488879688E-166
 -1.491668146237028E-154
 -1.173042526494205E-148
  6.879105134148879E-136
 -5.493347622125086E-133
 -1.982767060403203E-118
  4.406149023111035E-118
  1.142987391282305E-100
 -2.538439425033469E-095
 -6.588873714515753E-083
 -1.727245424572161E-077
  3.798227098305890E-065
 -4.978188548915350E-060
 -2.189528850504099E-047
 -5.739745270782628E-042
 -7.487727622125670E-030
 -1.576758959181029E-024
  9.877544778676536E-015
  4.596754232055169E-012
 -4.046780051389869E-007
 -7.781862965966987E-006
  7.564002816716859E-004
  4.893468406776227E-003
  1.227330402586075E-002
  2.234449172040518E-002
  3.472338079464603E-002
  4.913447457578968E-002
  6.535857900190091E-002
  8.320549690844443E-002
  0.102499583919378     
  0.123072267395292     
  0.144758706517905     
  0.167396971242310     
  0.190828657596996     
  0.214900175494037     
  0.239464183088049     
  0.264380837258895     
  0.289518689455834     
  0.314755175371454     
  0.339976720187459     
  0.365078534459572     
  0.389964180750711     
  0.414544991959744     
  0.438739411539346     
  0.462472307540686     
  0.485674294873542     
  0.508281084474018     
  0.530232865024482     
  0.551473712648234     
  0.571951016019467     
  0.591614897764281     
  0.610417607049773     
  0.628312852058361     
  0.645255033736937     
  0.661198332616921     
  0.676095586823679     
  0.689896878748260     
  0.702547715535426     
  0.713986636720429     
  0.724141997452130     
  0.732927532890986     
  0.740236069761014     
  0.745930293145619     
  0.749827356056700     
  0.751686213492870     
  0.751234297256302     
  0.746624397924715     
  0.738770405038049     
  0.788860296830542     
  0.485496761288041     
 -1.882267372490756E-003
 -8.932463885717760E-004
  4.791508825544987E-006
  4.739374133335798E-009
 -4.130243169434779E-014
 -2.138933309144142E-020
  1.700242006241383E-030
  2.295890057233007E-041
  1.710569414459009E-049
 -1.493523666686675E-059
  4.747783872993133E-066
  4.318083911498686E-077
  3.088534553334584E-084
  4.494407633647902E-095
  7.143671195479574E-102
 -4.764566389249997E-113
 -2.478458825467500E-119
  1.803317378346927E-130
  4.299440708721286E-137
 -1.564129489873113E-148
 -2.237502219359837E-154
  1.898710564593832E-165
  2.587631751394190E-172
 -8.374940477440878E-184
  3.266056671072495E-201
  1.633025264048222E-201
  1.633023987866576E-201
  4.488825546761956E-190
 -2.353573030547729E-184
  2.070105401323762E-171
 -2.713337177056701E-166
  1.193334516991755E-153
  7.820584053469351E-149
 -1.375821026829776E-135
  3.545979966949741E-131
  5.948301181208992E-118
  5.053456376103635E-114
  1.142987391282334E-100
  1.498138338480490E-095
  3.294436857257544E-083
  1.295407712934262E-077
  7.596454196608613E-065
  2.696388848726109E-060
  5.473822126254854E-048
  1.434922329039112E-042
 -3.682016573827761E-030
 -8.021882856286155E-025
  6.915940091515621E-015
  3.286237090479216E-012
 -3.384522751736324E-007
 -6.606939508623915E-006
  6.869125997750469E-004
  4.478727044870279E-003
  1.131963652992493E-002
  2.074793785853600E-002
  3.244315528565608E-002
  4.617651521918689E-002
  6.176563137897768E-002
  7.904975730381736E-002
  9.787610239769122E-002
  0.118092520111790     
  0.139544334575697     
  0.162073947271578     
  0.185522204363730     
  0.209730694352129     
  0.234544316856954     
  0.259813648397378     
  0.285396818390817     
  0.311160776318791     
  0.336981953482547     
  0.362746402223313     
  0.388349536458316     
  0.413695593868661     
  0.438696930828269     
  0.463273238655972     
  0.487350742966045     
  0.510861424557810     
  0.533742280780590     
  0.555934631144988     
  0.577383459576421     
  0.598036777002699     
  0.617844980775889     
  0.636760180717885     
  0.654735454362923     
  0.671723985103789     
  0.687678024829177     
  0.702547604783072     
  0.716278890781028     
  0.728812034995602     
  0.740078305041946     
  0.749996151755103     
  0.758465675975752     
  0.765360605391292     
  0.770515404664855     
  0.773709519179739     
  0.774702760795733     
  0.772214744032296     
  0.764536958814417     
  0.811123875561033     
  0.580870926903414     
  1.081628864904320E-002
 -1.534293328917268E-003
  7.694160132656644E-006
  1.397925869735356E-008
 -1.192073614635077E-013
 -1.473766043321954E-019
  1.011194053019282E-029
  1.836756292515260E-040
  1.710569414459002E-049
 -8.572387549253331E-067
  7.676499098574741E-078
 -1.295425100239898E-077
  1.029511517964456E-084
 -2.381223731959353E-102
 -8.929588994356685E-103
 -1.949139090097146E-113
 -3.098073531754227E-120
 -9.016581338290389E-131
 -2.149720354390188E-137
  6.256509195942093E-148
  7.458340731079621E-155
  2.063240989311291E-169
  6.469079379123519E-173
  1.176716159167898E-184
 -4.488825546778286E-190
  2.551655550370473E-202
 -3.806914738256360E-207
 -1.346647664031081E-189
  5.883842799858386E-185
  5.175263503319734E-172
 -5.426951518225468E-166
  4.773338067969825E-153
 -3.128257488078080E-148
 -1.739404391967587E-149
 -1.098669524425019E-132
 -3.965534120806106E-118
  2.598788552250392E-113
  1.142987391283084E-100
 -1.498139925962978E-095
  3.329293673327011E-096
  1.649251828267779E-078
 -2.848670323728230E-065
  1.085752230284957E-062
  2.736911063134549E-048
 -7.174623809244730E-043
 -1.665077563709216E-030
 -3.697059183138565E-025
  4.606316755759978E-015
  2.236447818624150E-012
 -2.760332982219694E-007
 -5.473460700718638E-006
  6.152591387129562E-004
  4.043771072894056E-003
  1.030227093415698E-002
  1.901770925516745E-002
  2.993430975988612E-002
  4.287337029093355E-002
  5.769423239199938E-002
  7.427177648847461E-002
  9.248299665307692E-002
  0.112199188017621     
  0.133282213536004     
  0.155583907347373     
  0.178947788118503     
  0.203212247815355     
  0.228214405201697     
  0.253793926557317     
  0.279796308122679     
  0.306075338968959     
  0.332494668237594     
  0.358928543831317     
  0.385261882526580     
  0.411389853655414     
  0.437217147998132     
  0.462657076488217     
  0.487630605364733     
  0.512065397925859     
  0.535894902741376     
  0.559057504746758     
  0.581495738610930     
  0.603155551545657     
  0.623985593526898     
  0.643936505258358     
  0.662960166848992     
  0.681008861861421     
  0.698034300589843     
  0.713986430941996     
  0.728811941686027     
  0.742452325486642     
  0.754841308706639     
  0.765901354758555     
  0.775538778655412     
  0.783636726988688     
  0.790044316989333     
  0.794560709576742     
  0.796959116277455     
  0.796384995448574     
  0.790070427373101     
  0.829637587331146     
  0.661978515920806     
  2.925793731809995E-002
 -2.282838084737196E-003
  1.044667524697367E-005
  3.092934936579918E-008
 -2.472753749848775E-013
 -6.083569932594116E-019
  2.695307761117194E-029
  1.501919479054898E-043
 -4.276423536149092E-050
 -3.733808573243704E-060
 -2.246130391115266E-067
  6.477126745192574E-078
  5.147557589442024E-085
  2.996272772746237E-095
  8.929588992544708E-103
 -3.338809163558954E-114
  3.872591914755399E-121
 -2.985722715447497E-138
 -2.687150443044217E-138
 -2.824119674484986E-149
  2.330731478620658E-156
  6.461891513145871E-171
 -3.234539689561759E-173
  5.883613994445100E-185
  2.805515966692910E-191
  1.020637302160812E-202
 -5.103099990014552E-203
  1.122206386692247E-190
  2.288029194947381E-185
 -3.137904520817922E-184
  3.391292670783898E-167
  3.729170365619708E-155
 -1.302166003413313E-149
 -5.374300886053750E-137
  5.094359524344477E-134
  1.858844119127799E-119
 -1.299416306870312E-113
 -7.143671195517835E-102
  3.745338950574169E-096
 -9.155271854801458E-096
  1.619292585536401E-078
  2.159305693722192E-078
 -6.222949336418469E-061
 -1.368455531567586E-048
  5.380975459464279E-043
 -6.853692990489329E-031
 -1.528861508708717E-025
  2.902492465667769E-015
  1.440407193640522E-012
 -2.189157288621000E-007
 -4.411102315666767E-006
  5.425073146764467E-004
  3.594546352703237E-003
  9.233033580592158E-003
  1.716957633650927E-002
  2.721222342542451E-002
  3.923385586152301E-002
  5.313931899159983E-002
  6.884505858859354E-002
  8.626560529120988E-002
  0.105304563287392     
  0.125849333769307     
  0.147769239260227     
  0.170916663928901     
  0.195130578906866     
  0.220241580835055     
  0.246077475295533     
  0.272468535036686     
  0.299251815450049     
  0.326274224506097     
  0.353394324706372     
  0.380483031649083     
  0.407423475994692     
  0.434110295859400     
  0.460448596156679     
  0.486352758251976     
  0.511745224328792     
  0.536555331577831     
  0.560718233185952     
  0.584173915854693     
  0.606866305191448     
  0.628742437839723     
  0.649751670069690     
  0.669844884788948     
  0.688973651047572     
  0.707089280526027     
  0.724141712161265     
  0.740078135951262     
  0.754841235268096     
  0.768366875745147     
  0.780580984212055     
  0.791395218610220     
  0.800700790831803     
  0.808359185231449     
  0.814187673758018     
  0.817968497528661     
  0.819118417655521     
  0.814794638637648     
  0.847466201812451     
  0.724357952800041     
  4.819882258417229E-002
 -2.978037558675722E-003
  1.327534793697975E-005
  5.209837181837585E-008
 -4.423232167658322E-013
 -1.523026711159615E-018
  5.610463936195986E-029
  1.470074951990548E-039
  5.986992950605194E-049
 -1.244603055572229E-060
  1.298222152697418E-067
 -5.397604774983189E-079
 -7.721336384152112E-085
  1.190611866057642E-102
 -1.339438349153142E-102
 -6.497119743925117E-114
  4.647110297834214E-120
  7.825101519002738E-134
 -2.687150443036614E-138
  1.468066693142455E-149
  2.622072913553760E-156
 -1.695105134008039E-167
 -4.043174611906437E-174
 -1.470894926201376E-185
 -7.013789916874383E-192
 -1.701060367751571E-203
  8.858863637525008E-204
  3.355903647699444E-191
  5.883583289631463E-185
  2.021587306051278E-174
  1.695853345932082E-167
  2.512819875408636E-156
 -1.955162380281720E-149
 -5.971445429611110E-139
 -4.243653077067485E-132
 -6.196147063771165E-120
 -8.572961538985438E-115
  1.785917798877834E-102
 -2.340901676645617E-097
  2.059023035805940E-084
 -2.159040308530915E-078
 -5.934729841097480E-067
 -5.011549643600247E-066
  6.842277657833953E-049
  3.587331291075730E-043
 -2.155531331138188E-031
 -5.574430366655579E-026
  1.718280468813766E-015
  8.715466170003116E-013
 -1.682276671522989E-007
 -3.445099742547047E-006
  4.697902649926378E-004
  3.137825010370762E-003
  8.126572284773587E-003
  1.522518765742449E-002
  2.430170887324570E-002
  3.527936656819228E-002
  4.810996373653106E-002
  6.275595712714901E-002
  7.917696055674367E-002
  9.731915082982509E-002
  0.117107452780892     
  0.138440887225436     
  0.161191461499719     
  0.185206607323493     
  0.210314599450393     
  0.236331865854911     
  0.263070846050931     
  0.290347159339858     
  0.317985235645636     
  0.345822061687399     
  0.373709118856025     
  0.401512854643540     
  0.429114120236880     
  0.456406972676542     
  0.483297160971633     
  0.509700521249794     
  0.535541420690315     
  0.560751324237271     
  0.585267510849879     
  0.609031935051451     
  0.631990210823934     
  0.654090683756192     
  0.675283549751476     
  0.695519971554575     
  0.714751136004179     
  0.732927183470214     
  0.749995923913632     
  0.765901227324503     
  0.780580933055367     
  0.793964050935051     
  0.805966906410521     
  0.816487677891710     
  0.825398344744745     
  0.832532105087544     
  0.837681713416074     
  0.840415782055486     
  0.838270080326833     
  0.866253916236969     
  0.767748222223593     
  6.174217032394762E-002
 -3.474849109338386E-003
  1.668985389466851E-005
  6.947453061885637E-008
 -7.269690243491613E-013
 -2.466277351638809E-018
  1.049511890428466E-028
  5.877933832280054E-039
  3.421138828915427E-049
 -3.025092037714318E-061
 -7.418412301146950E-068
  2.698802744960872E-079
  1.286889397364928E-085
  1.931189462348596E-096
  2.232397248515176E-103
 -3.248565551764034E-114
  7.745183829917796E-121
  5.672873157496752E-138
 -2.015362832270468E-138
  3.054993336935750E-151
  6.992194435481357E-156
  9.614830954206700E-169
  5.896296309069173E-174
 -1.838638530156485E-186
 -1.402757983365025E-191
  9.568517968152360E-204
  1.384332632096747E-207
 -1.683309580038200E-190
  7.354466837906976E-186
  6.469079379126541E-173
 -2.119716052291426E-168
  1.864585182800524E-155
 -1.493391851653476E-150
 -1.080458407299886E-137
  1.719776283537147E-134
  6.196147063762046E-120
 -6.091308255440114E-115
  1.071550679327152E-101
 -1.508108363496291E-101
 -2.573778794732846E-084
 -5.397603631081503E-079
  4.451047380824910E-067
  1.555754396452910E-061
  1.710569414458596E-049
  6.726226926861081E-044
 -7.419685354135970E-032
 -1.768905715064109E-026
  9.472890331360254E-016
  4.908324384503404E-013
 -1.246941493137964E-007
 -2.594955758870557E-006
  3.982931436533914E-004
  2.681184208541875E-003
  7.000607038915911E-003
  1.321318309247823E-002
  2.123982157702738E-002
  3.104928450438346E-002
  4.263804499398200E-002
  5.601560560221629E-002
  7.119190317755278E-002
  8.816561836095664E-002
  0.106913474619549     
  0.127381382791496     
  0.149478692945296     
  0.173076732403037     
  0.198012178395618     
  0.224094788043725     
  0.251117978154134     
  0.278870157592853     
  0.307144809470494     
  0.335747999690409     
  0.364502892771589     
  0.393251590601147     
  0.421855004234116     
  0.450191497064483     
  0.478154893014917     
  0.505652257609634     
  0.532601704215657     
  0.558930371130772     
  0.584572639177988     
  0.609468601122750     
  0.633562753112215     
  0.656802856110067     
  0.679138908280490     
  0.700522169010690     
  0.720904173932155     
  0.740235672772318     
  0.758465406489636     
  0.775538616049734     
  0.791395137745320     
  0.805966879851244     
  0.819174374008220     
  0.830921919927523     
  0.841090515516766     
  0.849527028293345     
  0.856036585429041     
  0.860265636692050     
  0.860230241466817     
  0.886921293779778     
  0.789855589925072     
  6.432392682548083E-002
 -3.592626908044138E-003
  1.961137296314074E-005
  7.143802812438017E-008
 -9.497822625249078E-013
 -2.506495091215506E-018
  1.388114054227899E-028
  5.510338407250832E-040
 -4.276423536150516E-050
 -2.472804100465478E-067
  2.318253844217124E-069
 -3.373512636034974E-080
 -3.217223493451333E-086
  2.048236133663364E-097
  8.371489682171042E-104
 -6.884607848746241E-121
 -2.420369946812134E-122
 -7.044202351114586E-133
  2.519203540348522E-139
  2.589701642655373E-157
  2.913414348117871E-157
  2.657843724994045E-169
 -5.053968264947398E-175
 -4.596548787481777E-186
 -1.643857011713778E-193
 -1.275800818551756E-203
 -1.993406544923451E-204
 -1.753447479206441E-191
  1.838635412916522E-186
 -4.043174611951943E-174
 -2.060743205884739E-169
  4.750891896028307E-169
  1.553820985666939E-155
  1.343575221512706E-138
  4.291479559136212E-135
  1.549036765939494E-120
 -2.030959315343793E-119
  2.678876698317924E-102
  1.170300027486459E-097
  1.544267276840202E-084
 -3.373537658884367E-080
 -2.661369634676402E-079
  4.861702660715884E-062
  4.276423536146652E-050
  5.605364914240719E-045
 -2.138917768519414E-032
 -4.723473195953318E-027
  4.808139264680020E-016
  2.542224586983270E-013
 -8.862675185310702E-008
 -1.873417761498037E-006
  3.292357800525086E-004
  2.232933118567133E-003
  5.876026924184108E-003
  1.117010392949133E-002
  1.807869917508151E-002
  2.660728142787746E-002
  3.678969522892329E-002
  4.867777337793328E-002
  6.233133164668281E-002
  7.780724269115917E-002
  9.514721313397528E-002
  0.114364774604835     
  0.135432967378326     
  0.158275009746575     
  0.182760463104687     
  0.208708651325346     
  0.235899368772340     
  0.264088793756992     
  0.293026994463580     
  0.322473252713193     
  0.352206678088018     
  0.382031500613794     
  0.411778029364580     
  0.441300954173032     
  0.470476462715417     
  0.499199058376716     
  0.527378441912478     
  0.554936568321225     
  0.581804960592047     
  0.607922383491699     
  0.633232940621119     
  0.657684567674659     
  0.681227816192340     
  0.703814790879967     
  0.725398118906151     
  0.745929863034419     
  0.765360309663507     
  0.783636546380300     
  0.800700700040273     
  0.816487647732844     
  0.830921919898261     
  0.843913367539981     
  0.855350900429480     
  0.865093086340122     
  0.872958113503973     
  0.878615843602734     
  0.880445897613114     
  0.913387928435304     
  0.762182467243385     
  4.509174467234251E-002
 -2.756832650972235E-003
  1.507977281607251E-005
  3.923023623571867E-008
 -5.235710774456728E-013
 -8.737349946953750E-019
  5.342016686264802E-029
 -7.533312425534870E-042
  6.055482546295462E-052
  1.648536066948198E-068
 -4.636507688366778E-069
  1.686753592314249E-080
  3.217223493402240E-086
 -5.852135750537797E-098
 -1.674297936445714E-103
 -2.537860082597449E-116
  3.872591914849322E-121
 -3.522106307268208E-133
  8.397345134479235E-140
 -1.221974610142384E-150
  5.826828696212482E-157
  7.965331392248284E-169
  2.779682545716524E-174
  1.378989028647244E-186
 -3.506894958423769E-192
  1.351887335835388E-210
  1.993520103459677E-205
  1.052068487524114E-191
 -2.873004211930447E-188
  1.516190479482253E-174
 -2.945228083995401E-170
 -3.496097217742092E-156
  9.164974831403960E-151
 -4.030725664539238E-138
 -1.750290369679084E-133
  3.872591914850985E-121
 -5.287245438463873E-116
  2.232397248600564E-103
 -5.851956538647562E-098
 -1.608611746706679E-085
 -3.607835534485269E-080
  1.133368546041131E-068
  2.060670083712235E-068
 -1.069105884037528E-050
  4.203875792699914E-045
 -4.640277609895792E-033
 -1.030736173652519E-027
  2.213643458961572E-016
  1.192159454036837E-013
 -5.993782828881906E-008
 -1.285829950962432E-006
  2.638511347314234E-004
  1.801975433169257E-003
  4.776745477957740E-003
  9.140819479749967E-003
  1.488782981746151E-002
  2.204758084968261E-002
  3.067862498983940E-002
  4.086284776486435E-002
  5.269988260962358E-002
  6.629990221066175E-002
  8.177359781386756E-002
  9.921857489480246E-002
  0.118702267664265     
  0.140242941728093     
  0.163792186361290     
  0.189223750805681     
  0.216333498749865     
  0.244852890797347     
  0.274474065791439     
  0.304880188706643     
  0.335772745327491     
  0.366889235870237     
  0.398009245922158     
  0.428951509351351     
  0.459566839381257     
  0.489731167062275     
  0.519340605961339     
  0.548308222721790     
  0.576561302180044     
  0.604038320679877     
  0.630685632941622     
  0.656454401579148     
  0.681298273091589     
  0.705171921944466     
  0.728030135937681     
  0.749827039115993     
  0.770515169381822     
  0.790044175259388     
  0.808359125818027     
  0.825398344244935     
  0.841090545155700     
  0.855350930856757     
  0.868075638797729     
  0.879133448173023     
  0.888355469627526     
  0.895368189440786     
  0.898596782200891     
  0.949514251165699     
  0.648758981109610     
  7.444726572885764E-003
 -1.176166701742788E-003
  6.123434851004709E-006
  6.959307583266953E-009
 -8.840412279084185E-014
 -4.900624068752669E-020
  4.578368033607470E-030
  1.418373748346448E-044
 -2.552675672903083E-064
 -1.215434216959818E-063
  1.593799517870691E-069
 -6.702548943059271E-088
  3.016147025098433E-087
 -3.255579320926508E-104
 -8.526517269024760E-105
  3.172438053844328E-117
  1.210184973390168E-122
  5.503060178115379E-135
 -1.866898433792463E-151
  3.818668026529220E-152
 -1.456707174060186E-157
 -4.032645511399966E-172
  7.580952397416501E-175
  5.745380105180848E-188
 -2.657999766866180E-205
  1.495096141256337E-205
  1.162879967581465E-205
  1.369880843127595E-192
  4.596546644379301E-187
 -3.158730165475296E-176
 -3.974624832614666E-169
  1.820883967581709E-157
  3.818307896144521E-152
  1.679469026889312E-139
  8.799275661974401E-134
 -2.151439952731245E-122
  2.689299940476237E-123
 -2.790496560751269E-104
 -2.011645406449869E-098
 -6.479130646436577E-087
  1.052410106108006E-081
  1.448908652705985E-070
  1.287918802316774E-068
 -2.672764710093954E-051
  1.050973551269757E-045
 -9.047909767333810E-034
 -1.909109273059933E-028
  9.056699002473339E-017
  4.955161810058234E-014
 -3.815760416502171E-008
 -8.297684657358901E-007
  2.033593457871770E-004
  1.397597262220185E-003
  3.729224115017360E-003
  7.178112000368875E-003
  1.175479573391821E-002
  1.749924605810897E-002
  2.447822712303613E-002
  3.278435261475766E-002
  4.253551677496778E-002
  5.387359943719701E-002
  6.696107502267278E-002
  8.197374719470281E-002
  9.908758896978148E-002
  0.118457962053963     
  0.140191089692027     
  0.164310796194025     
  0.190727884350747     
  0.219223218278441     
  0.249455253600176     
  0.280996299693548     
  0.313390407022295     
  0.346214881315183     
  0.379124627481402     
  0.411866575452231     
  0.444265734611400     
  0.476196307508727     
  0.507554842747571     
  0.538245888054222     
  0.568180471080915     
  0.597281070548664     
  0.625486051191772     
  0.652749017688286     
  0.679033829681646     
  0.704308084571908     
  0.728538037606738     
  0.751686060748174     
  0.773709399299787     
  0.794560644547896     
  0.814187678589012     
  0.832532168897801     
  0.849527122463812     
  0.865093175058986     
  0.879133505979758     
  0.891527348588688     
  0.902121278484368     
  0.910398516740803     
  0.914494481640290     
  0.991450254868271     
  0.451776861115456     
 -1.376810731568402E-002
 -1.499520594016051E-004
  1.101684902384605E-006
  1.654994312675501E-010
 -2.548337923767627E-015
 -1.100404338869730E-022
  2.044221259387601E-032
  2.112291518645343E-047
  2.088097429759528E-052
 -1.139481652638601E-064
 -2.897817305220451E-070
 -2.234182981536692E-087
  1.152000599858972E-087
 -3.429039687640182E-100
 -6.976241401867244E-105
 -3.966347634037818E-118
 -1.210184973389985E-122
  2.063758365097124E-135
 -2.099336283610581E-140
  1.044276955406084E-153
 -1.849335279584835E-158
 -1.344836387399297E-171
  9.476190496761689E-176
 -2.694543441718602E-189
  7.458362432889171E-206
 -6.231091649027710E-207
 -3.097195010088045E-210
 -8.767237396028746E-193
 -5.746030341954386E-188
  5.053968264943440E-175
 -1.656168553860036E-170
  1.456707174062100E-157
  9.547388303888035E-153
 -1.259601770169000E-139
 -8.305362715192199E-135
 -1.815277460084993E-122
  2.379309715283660E-117
 -2.092872420561513E-104
  9.143689843016150E-100
  4.035493010404087E-087
  7.906635052325009E-082
  2.342733889554235E-081
 -3.418378630097484E-064
  1.336382355046825E-051
 -1.313711370827384E-046
 -2.096779750595011E-034
 -2.608565036342990E-029
  3.185499470419546E-017
  1.767609601175986E-014
 -2.247032169480811E-008
 -4.950468597093276E-007
  1.489375641697015E-004
  1.029176503289683E-003
  2.761589630668699E-003
  5.341053141917688E-003
  8.783306121266871E-003
  1.312548706324812E-002
  1.842619432271404E-002
  2.476709341794177E-002
  3.225562938570826E-002
  4.102857795593042E-002
  5.125595620171838E-002
  6.314426805068168E-002
  7.693712021774413E-002
  9.290996357355918E-002
  0.111354113103660     
  0.132544904249683     
  0.156690612136904     
  0.183864986479864     
  0.213937938131712     
  0.246530725300730     
  0.281026733199465     
  0.316654894224222     
  0.352630860121416     
  0.388308944956392     
  0.423285499621801     
  0.457408318616865     
  0.490697147202798     
  0.523226097548865     
  0.555037444825562     
  0.586097097493893     
  0.616303799778499     
  0.645537434480936     
  0.673696436043355     
  0.700714962501047     
  0.726563050167812     
  0.751227003661327     
  0.774697432612781     
  0.796954859019189     
  0.817965057211284     
  0.837679199555029     
  0.856034977792915     
  0.872957133461416     
  0.888354793547374     
  0.902121491627416     
  0.914113863281621     
  0.923326521383097     
  0.941612551505759     
  0.947333187815986     
  0.174495295414620     
 -6.251345958023814E-003
  3.725691799840548E-005
  2.194396511670661E-007
 -8.096837817380978E-012
 -1.774418744987225E-017
  2.370097196493960E-026
 -3.712316882323006E-036
  8.210831087096119E-048
  5.220243574398821E-053
  2.373814208527858E-066
 -3.622271631530945E-070
 -2.470749446540302E-083
  5.026911708467544E-088
  1.142979639902940E-100
 -5.548940139989717E-118
 -9.914642091996525E-119
 -1.512731216738399E-123
  1.719764620557823E-136
  1.574502212710796E-140
  1.562601692799255E-154
  3.641767935156538E-158
  1.010512876973313E-172
 -6.317460331175030E-176
 -1.119527508599071E-190
  4.383618698016699E-193
  2.722870080685683E-207
 -4.658603759966667E-207
 -3.506894958413437E-192
 -3.589891472429236E-189
 -1.768888892729084E-174
  2.071003884566626E-171
  5.826828696250199E-157
  2.088189734018653E-153
 -6.298008850845636E-140
 -1.192504649948623E-136
  1.210184973390444E-122
  2.973760642112853E-118
  6.976241401872180E-105
  3.488120700939753E-104
 -5.026911708463658E-087
  3.294637933727880E-083
  4.346725957840926E-070
 -9.498529959005151E-066
 -4.176194859507243E-053
 -2.736943544649981E-048
 -2.554245376321073E-035
 -2.403075492685578E-030
  9.152744021342948E-018
  5.145335559682417E-015
 -1.191666933253775E-008
 -2.659630259178467E-007
  1.016862875014946E-004
  7.058196035900693E-004
  1.902321547952508E-003
  3.691921743842499E-003
  6.087464640730842E-003
  9.114735239608499E-003
  1.281320654738666E-002
  1.723785349785313E-002
  2.246205863143698E-002
  2.858186386609781E-002
  3.572192985127408E-002
  4.404361158808655E-002
  5.375543433595732E-002
  6.512573184902129E-002
  7.849593721489169E-002
  9.428991707664497E-002
  0.113010399707523     
  0.135208157728075     
  0.161406353936045     
  0.191967381058144     
  0.226918141418318     
  0.265785080990888     
  0.307520115633519     
  0.350594226151392     
  0.393280781973810     
  0.434088831705829     
  0.472119282766680     
  0.507321059710951     
  0.540250968158421     
  0.571693500923754     
  0.602351609932362     
  0.632583584265268     
  0.662388798469034     
  0.691550250964549     
  0.719735948252850     
  0.746690425020920     
  0.772273089586234     
  0.796437810837920     
  0.819165401161432     
  0.840454939084548     
  0.860298874094933     
  0.878658545114420     
  0.895449330789899     
  0.910530668628046     
  0.923353867283056     
  0.932612637605548     
   1.01483297295112     
  0.474374467057280     
 -8.705103085291457E-003
 -1.456314925716448E-004
  7.154878616496104E-007
 -1.404346106398551E-009
  3.607991809654236E-015
  1.229885897396928E-018
  2.059820844893212E-028
 -7.308036803963180E-039
  3.421296886292905E-049
 -1.044048714879764E-053
 -5.934490871790856E-067
  9.055679078834042E-072
 -4.118297417159850E-084
  2.277819367898338E-088
  9.945019687331526E-103
 -4.360150876169010E-106
 -3.825949368999901E-121
  3.582714180765100E-137
  5.374320704006875E-137
 -1.312085177259372E-141
  3.729575006481791E-155
 -3.414157439208880E-159
 -9.377918891611186E-174
 -3.948412706984569E-177
  6.919420347633478E-192
  2.397291475477912E-194
 -9.718274470702734E-209
  4.673474520663021E-207
  5.479523372521026E-193
 -2.246361048361503E-190
  6.317460331175351E-176
  1.146970020126717E-172
  4.552209918945391E-158
 -2.630165730946069E-158
  1.049668141807166E-140
  2.315218031446391E-137
  8.320021692058668E-123
  4.955942779778567E-119
  4.360150876170223E-106
 -1.428928023586230E-101
 -4.398547744907878E-088
  9.265966715776962E-084
  4.527839539410615E-071
  3.560693013794666E-066
  5.220243574416237E-054
  5.131545835799151E-049
  2.934569063576976E-036
 -1.564277659129924E-031
  2.010758094279661E-018
  1.141207642357536E-015
 -5.495172603096998E-009
 -1.240882937794015E-007
  6.259342657134898E-005
  4.359445742746770E-004
  1.178567368820927E-003
  2.291715379192389E-003
  3.782009649234918E-003
  5.661853825426940E-003
  7.949795379713985E-003
  1.067130449189145E-002
  1.386001960545511E-002
  1.755963414740866E-002
  2.182671665858748E-002
  2.673493978378683E-002
  3.238148319304746E-002
  3.889681315950181E-002
  4.645964844887109E-002
  5.531957457174239E-002
  6.582992894115793E-002
  7.849211550215360E-002
  9.400670912103240E-002
  0.113315430594546     
  0.137589055003847     
  0.168098632390854     
  0.205920900523958     
  0.251493612536612     
  0.304165139184979     
  0.361957058243633     
  0.421748308778074     
  0.479040371659057     
  0.530483637500260     
  0.574325251065233     
  0.610219264383474     
  0.639510964332505     
  0.665010884770492     
  0.689254443088506     
  0.713680130698655     
  0.738875934543706     
  0.764663287047629     
  0.790263912157242     
  0.815047098072431     
  0.838544094297807     
  0.860521011647793     
  0.880857704063154     
  0.899313382043732     
  0.914504225142430     
  0.931520017543547     
   1.01599962496615     
  0.742993534247530     
  2.446682613629980E-002
 -1.327695608709506E-003
  7.228716011072534E-005
 -1.342183832586989E-008
 -6.778401567290464E-010
  2.746966005777909E-016
  8.931734595889161E-020
 -3.608548231408532E-033
 -4.702537375389984E-037
 -2.673359237832615E-050
 -2.610121787199409E-054
  1.358351861823183E-071
 -1.709149980878056E-085
  3.860807828537372E-085
 -1.570909908895321E-089
 -4.466732342030242E-103
  1.074946802614033E-119
 -1.260609347280533E-124
  1.536367641999668E-124
  5.968529684110182E-139
  2.487327499711788E-155
 -1.558373195585656E-156
  2.845131199340847E-160
  8.427667566796964E-174
 -3.948412706984644E-177
 -2.804069981396343E-191
  2.054821264695375E-194
  1.459853494567961E-208
 -1.214586278466353E-208
  3.767172318608179E-194
  1.234719266608068E-191
  1.052068487524033E-190
 -6.465646453631056E-173
  1.147250796141435E-172
 -1.820883967578797E-158
  1.676553282053316E-141
 -2.989221608280249E-137
 -3.025462433476016E-123
 -6.195810901266306E-120
  8.720301752336700E-106
  2.678537575471910E-102
  1.885091890674328E-088
  1.291078490457396E-085
 -4.056189587391181E-071
 -7.417255186825879E-068
  6.525304467998532E-055
  1.508070365937331E-053
 -1.506411568009444E-036
 -7.756557675169824E-033
  3.031128864376544E-019
  1.738590597887249E-016
 -2.075197070133566E-009
 -4.750774537801845E-008
  3.249841228451209E-005
  2.268430910924671E-004
  6.142470318777416E-004
  1.194751827063677E-003
  1.969736447772530E-003
  2.941961093922515E-003
  4.115535924485814E-003
  5.495928508546300E-003
  7.089998721047163E-003
  8.906069392805315E-003
  1.095405129100596E-002
  1.324566251297737E-002
  1.579481873033214E-002
  1.861835733489229E-002
  2.173743464598367E-002
  2.518029829599293E-002
  2.898787249926422E-002
  3.322501021520686E-002
  3.800284945156396E-002
  4.352207759104950E-002
  5.015245584588438E-002
  5.856593800346781E-002
  6.992902524974783E-002
  8.610885241126884E-002
  0.109765210601608     
  0.144104949489852     
  0.192100082874886     
  0.255033036534310     
  0.331078832906763     
  0.415954774012669     
  0.503511872703378     
  0.586404518416622     
  0.656423101894535     
  0.712129133014855     
  0.754081610645304     
  0.784625276277969     
  0.806473136047536     
  0.823942678480118     
  0.840701095052115     
  0.858899752978883     
  0.878671019936367     
  0.901141610159353     
  0.930608656141060     
  0.976130823166281     
   1.01543129004521     
  0.617558901748433     
  2.382198248447610E-002
 -8.408292697164093E-004
  2.364695779039984E-004
  3.280780123523639E-005
 -1.073996337084799E-008
 -1.794969582824312E-010
  2.255122155116255E-017
  6.969905771839848E-021
 -4.615545915884802E-035
 -3.526524462174531E-038
 -2.504266848051881E-052
 -8.156630584998155E-056
  4.925283232317422E-069
 -7.074749280333375E-073
  3.217005311485728E-086
 -9.818186930597197E-091
  5.579176391963751E-104
  1.021910361602017E-107
 -4.843366163035156E-122
 -3.545463789229665E-125
  4.200358232214108E-139
 -1.230079853680529E-142
  5.828725450383061E-157
 -2.845131199340924E-160
  7.316902297630752E-175
 -6.854883171848226E-179
  8.788166131137002E-193
 -1.070219408695156E-196
  7.511952091819090E-211
 -1.161514138907279E-209
 -2.140438817391080E-195
  9.589165901911841E-194
  3.701636912797909E-178
 -4.047561737182182E-174
  6.322513776318236E-161
 -3.495923348621252E-156
  2.071938344608016E-155
  1.001558351974510E-138
  1.074860177210734E-137
  4.354985091742444E-121
 -3.406367872005843E-108
  6.998042156250196E-104
  5.236366362984643E-090
  7.219203759100928E-087
  1.131959884852596E-072
  4.630219022332315E-069
  9.787956701998618E-055
  2.671097132283710E-051
 -2.351098038596712E-037
 -3.380259954380198E-034
  2.515718114492738E-020
  1.463623454957076E-017
 -5.657539266616000E-010
 -1.318472204020871E-008
  1.206007434909783E-005
  8.426717540585714E-005
  2.282081809798599E-004
  4.433176995750042E-004
  7.289216126546499E-004
  1.084200284507839E-003
  1.508119220485020E-003
  1.999339403481681E-003
  2.556100871127264E-003
  3.176073387034425E-003
  3.856165570966978E-003
  4.592278666100632E-003
  5.378990259905590E-003
  6.209143162153149E-003
  7.073301203792329E-003
  7.959019895528703E-003
  8.849855451183514E-003
  9.724016164134260E-003
  1.055257551067124E-002
  1.129728330207503E-002
  1.190850120242013E-002
  1.232519986965413E-002
  1.248237268655172E-002
  1.234393255101663E-002
  1.197989366125049E-002
  1.163303865432453E-002
  1.205660868884316E-002
  1.523500463001377E-002
  2.468556323263607E-002
  4.542195179924127E-002
  8.224335307648642E-002
  0.141240471364685     
  0.220733739062594     
  0.318532468662705     
  0.422783141931512     
  0.524330183995377     
  0.618057714393082     
  0.700815505384507     
  0.762511680190318     
  0.806289542222952     
  0.835119630226402     
  0.831843723859746     
  0.750319191746027     
  0.462826275705390     
  0.159177510888003     
 -8.062507604351642E-003
 -8.084308500855793E-005
  2.353330085522329E-004
  8.484104939721406E-005
  1.209896030988936E-005
 -1.578951805188692E-009
 -2.520632921790780E-011
  6.015181635072608E-019
  1.740377481439953E-022
  6.203997962673778E-039
 -2.204049832541191E-039
  4.078315292502787E-056
  1.019578823124770E-056
  9.181452399366072E-072
 -2.210859150104225E-074
 -2.232001162222034E-088
  9.204550247430921E-092
  2.179507710105506E-105
  4.257959840007724E-109
 -1.815507258664551E-122
  1.107957434134423E-126
  5.239229006416932E-141
  2.562666361834242E-144
  4.450259384302394E-158
 -8.173214303458050E-175
 -1.894689708698825E-175
  5.398220497830497E-179
 -4.756530705312293E-197
 -5.351097043477558E-196
 -3.779904715797802E-211
  4.559979354155201E-210
  4.562619759108384E-210
  8.760578253046181E-193
  4.935515883730726E-178
 -5.068774812591440E-175
  1.066924199752783E-160
 -1.454810419929648E-157
 -4.100266178934916E-143
  7.114417405583113E-140
  8.863659473075067E-126
 -4.202031157604642E-125
  8.515919680014259E-109
 -3.957442496633358E-105
 -2.454546732648841E-091
  2.544001324683179E-088
 -3.537374640167571E-074
 -8.689049849454778E-070
  2.039157646249620E-056
 -4.174495561480515E-053
  1.469289814585226E-039
 -1.773781849349714E-035
  6.850145731375253E-022
  4.112758891552094E-019
 -8.256743661010280E-011
 -1.964686405522577E-009
  1.729004168829905E-006
  1.208102242919394E-005
  3.268499572625221E-005
  6.335250990920949E-005
  1.038023202742230E-004
  1.536527095933935E-004
  2.124141691946273E-004
  2.794774677157273E-004
  3.540999322884359E-004
  4.353915473675456E-004
  5.223017261652427E-004
  6.136010627937179E-004
  7.078646278341649E-004
  8.034694310844584E-004
  8.985856546127030E-004
  9.911796087376447E-004
  1.079025658495262E-003
  1.159723001488178E-003
  1.230709025852018E-003
  1.289245282485588E-003
  1.332359550329730E-003
  1.356712528794304E-003
  1.358178359982107E-003
  1.330780119326776E-003
  1.264555168367369E-003
  1.141462081618593E-003
  9.277629579504402E-004
  5.606810326117489E-004
 -7.335294803769015E-005
 -1.163864700587708E-003
 -2.929814776871239E-003
 -5.445776102915275E-003
 -7.903909494290892E-003
 -8.013031666473961E-003
 -3.094400801101876E-003
  1.025920756053203E-002
  3.329030654546158E-002
  6.146343002819588E-002
  8.517098787590369E-002
  9.822804696307556E-002
  9.494906957464136E-002
  6.584605945156197E-002
  1.195745618404889E-002
 -1.135670626241191E-002
 -4.539841955580231E-003
  8.784084501559742E-005
  6.507791339936051E-005
  3.276080531384129E-005
  1.209905310553807E-005
  1.730277038614281E-006
 -5.131026975757139E-011
 -6.884751266109077E-013
  4.939634113837275E-022
  2.019643206250755E-026
  1.315084304982435E-037
 -1.277970189787394E-041
  2.446989175499447E-055
 -3.982729777831102E-059
  3.368366740692052E-072
 -9.672508781696843E-076
 -2.746365066419345E-089
 -3.835229269765014E-093
 -6.798542544546360E-107
 -3.037280646106796E-123
  9.339670815146808E-125
 -4.616489308891466E-128
 -6.600289585257844E-142
  4.004166190366043E-145
  1.150895085844496E-159
  3.454861118611495E-177
  1.542348713665828E-177
  2.409919865102667E-180
  3.425296674163797E-194
 -2.006661391304083E-197
  1.424168421625629E-211
  7.122904924497825E-212
  3.344435652172878E-198
  1.341341658898374E-194
  3.767172318608193E-194
  1.215713530527280E-176
  1.333655249691067E-161
  3.639396992490236E-158
  2.562666361834408E-144
 -1.378031124970384E-140
 -1.661936151201452E-126
 -1.881886219607354E-124
  1.330612450002414E-110
  1.271710672215770E-106
  1.534091707905501E-092
  3.169092559264424E-089
  1.138909683949073E-088
  2.262347603199939E-071
 -1.254559880016454E-057
 -4.230119250608768E-054
 -4.591865370289955E-041
  5.274922681760919E-039
 -5.475913396101815E-025
  4.422989776122737E-022
 -2.568397213850883E-012
 -6.428614807811580E-011
 -5.156715857815989E-011
 -1.573683331167723E-009
 -1.066945775526632E-008
 -3.933347766864218E-008
 -1.044770534220749E-007
 -2.262108982829488E-007
 -4.296536337341401E-007
 -7.437510373336312E-007
 -1.196436836651080E-006
 -1.814295060733282E-006
 -2.622128915891668E-006
 -3.640254233693780E-006
 -4.882051952740743E-006
 -6.351618989147556E-006
 -8.041347533551047E-006
 -9.929535441902670E-006
 -1.197818540838566E-005
 -1.413120514148188E-005
 -1.631326659612644E-005
 -1.842965041097319E-005
 -2.036749978860651E-005
 -2.199917779154778E-005
 -2.318910434171419E-005
 -2.380676611508351E-005
 -2.375014703754974E-005
 -2.297267122156971E-005
 -2.151583391595897E-005
 -1.957498104895621E-005
 -1.752386494318036E-005
 -1.623418299227983E-005
 -2.020434122698759E-005
 -4.476048986164509E-005
 -1.316736487334747E-004
 -3.704017619190604E-004
 -8.224279525911799E-004
 -1.532857058429307E-003
 -2.457484782250560E-003
 -3.398834981806501E-003
 -4.144394701426250E-003
 -4.585943779928668E-003
 -4.478327663034787E-003
 -3.201800524519946E-003
 -1.250920008696278E-003
 -2.742254585429784E-006
  2.309508326397672E-005
  8.591939859235783E-008
 -3.741581704931716E-008
 -1.070594980612855E-008
 -1.579061605044945E-009
 -5.130367664398668E-011
  5.297861304240516E-016
  7.337477011472855E-015
  5.790309557010868E-023
  1.926521963590171E-026
 -8.928451015360184E-041
  4.484168846832759E-044
 -3.416297098317372E-057
  8.089919861219502E-060
  6.927358670326432E-074
 -2.159042138773768E-077
 -6.125713416983931E-091
  8.988818601008638E-095
 -4.473814748564119E-108
  4.042659353307403E-112
  2.361590753126978E-125
  3.606632272581266E-130
  4.078910625919708E-143
 -6.256509672448458E-147
  1.067117147560954E-160
  8.682651365177406E-165
 -9.929539266408558E-179
  1.355579924120343E-181
  4.318038030917308E-196
  2.090272282608439E-199
  2.828636946920837E-213
  1.289260231051038E-216
 -2.090272282609474E-199
 -1.311018775652000E-195
 -1.445951919061939E-180
  4.946762176434532E-178
 -3.473060546070261E-163
 -4.998737454397558E-160
 -7.118517671761542E-146
 -2.277925654963861E-143
 -1.845119780520746E-142
  2.367297246856024E-125
 -2.679705628477943E-111
  3.252608211117808E-110
  1.498136433501767E-094
 -3.481962040360049E-090
 -1.535318854226446E-077
 -5.723668688602993E-074
 -3.422658402822850E-060
 -7.328222791209299E-057
 -1.793671619686097E-043
  2.276397554955320E-039
 -1.106215067629802E-025
 -4.487969682005246E-023
  6.509830879968895E-015
 -5.603038310109140E-015
 -1.192762395187867E-012
 -3.235223601095029E-011
 -2.101888318170263E-010
 -7.523676899801880E-010
 -1.951513675878740E-009
 -4.129518865025009E-009
 -7.710192315291566E-009
 -1.324621624467995E-008
 -2.116811348677550E-008
 -3.179912719022424E-008
 -4.543032116890679E-008
 -6.224821270924874E-008
 -8.228287861065149E-008
 -1.053822021692028E-007
 -1.311949113681524E-007
 -1.591639174805446E-007
 -1.885337701553099E-007
 -2.183742210678416E-007
 -2.476213238693051E-007
 -2.751349358007970E-007
 -2.997694654834106E-007
 -3.204502224339049E-007
 -3.362446706045332E-007
 -3.464129654889931E-007
 -3.504111796177356E-007
 -3.478471852864946E-007
 -3.384146396348523E-007
 -3.219928652853280E-007
 -2.993572874216809E-007
 -2.708249410025037E-007
 -2.107437352812086E-007
 -2.144947564576937E-008
  5.404293007210393E-007
  1.926832627681618E-006
  4.397479030131697E-006
  7.406973894573897E-006
  9.569877423714413E-006
  1.076953179751328E-005
  1.304389855992979E-005
  1.797462560545306E-005
  2.336892150429318E-005
  1.648356311743624E-005
  5.528812427984238E-006
  4.008543081688384E-007
  1.105476374038248E-007
 -1.826343696422846E-009
 -6.727400398881102E-010
 -1.794264410655947E-010
 -2.520424745988218E-011
 -6.884168712827192E-013
  7.340039149130124E-015
  1.033054275034928E-015
  1.022352382645848E-025
  2.065334925647649E-029
  8.943398198980084E-043
  5.627089145834931E-045
  3.152994407449664E-059
 -1.944692274331593E-062
  7.363773054643870E-075
 -1.518076503823278E-079
 -2.305132592347646E-092
  7.490682167502980E-096
 -4.158163906258432E-112
  1.624282775882214E-113
 -9.218952825614619E-128
 -2.254145170357549E-131
 -6.451156640034460E-145
  6.843057454227223E-149
 -1.076648769281835E-162
 -4.069992827426567E-166
  4.658341628134599E-180
  4.236187262876215E-183
 -3.437336642511645E-198
  1.633025220792142E-201
 -8.799201076907353E-215
  1.398847350687832E-214
 -3.919260529890851E-200
  3.363015850241095E-197
  7.530999578446509E-182
  1.071075495601271E-180
  1.012975992603527E-164
  1.787468494377587E-161
  6.256509672442122E-148
 -1.653943090298470E-144
  9.016580681427282E-131
  1.853007514263941E-127
  4.547991772473000E-113
 -3.731259078548815E-109
 -9.948562253781331E-097
 -2.684494029230958E-092
  1.349401336696417E-079
 -1.381786968814797E-076
  9.723461371582644E-062
  1.659470740765990E-060
  7.006492321614845E-045
  3.089048707148353E-042
 -2.113036161870618E-028
 -1.027167296856523E-025
  2.869882027114481E-016
  2.148255848703957E-015
 -6.527513747487067E-022
  5.149567343891698E-019
  1.987854579306248E-017
  2.519361347969959E-016
  1.718890738711669E-015
  7.909565845237813E-015
  2.814348350368237E-014
  8.324021095775616E-014
  2.126836276521599E-013
  4.829069985469400E-013
  9.956010881459010E-013
  1.892858333439725E-012
  3.356361362391485E-012
  5.597630368325795E-012
  8.836813111975266E-012
  1.326904408276887E-011
  1.901987540980612E-011
  2.609459523240565E-011
  3.432988770065457E-011
  4.335947185381273E-011
  5.260686200915880E-011
  6.131713264350813E-011
  6.863444687305770E-011
  7.372333572784046E-011
  7.592106485973289E-011
  7.489161572442968E-011
  7.073230874714395E-011
  6.399032592727650E-011
  5.556141298921033E-011
  4.650739863343691E-011
  3.840989745400429E-011
  3.900872880858217E-011
  1.325228539062276E-010
  8.727696247924326E-010
  4.194716358499331E-009
  1.477803339270320E-008
  3.860802541983774E-008
  7.356752695536175E-008
  1.068003405895044E-007
  1.252056007175702E-007
  1.121305831720098E-007
  5.225351218536653E-008
  8.674706740691358E-009
  1.912175673826618E-012
 -2.490230585535564E-012
  4.932275992108230E-014
  2.972767469736578E-015
  2.231061470791720E-017
  6.055528557204919E-019
  4.580617150305114E-022
  6.166740167671256E-023
  1.092772165110972E-025
  1.070282068743274E-031
  6.457128088459033E-034
 -1.868397952433111E-044
  2.736911064968691E-048
  3.310028308601996E-061
  1.353118403770685E-064
 -1.199467854874201E-078
  2.635549485809788E-081
 -2.105713987088239E-094
 -5.852095443361703E-098
  3.970469007712907E-114
  8.375208063146573E-115
 -2.930388721465199E-129
 -2.817681462945032E-132
 -1.149954081192966E-145
 -1.221974545399590E-150
  1.907168490836942E-163
  1.695830344760784E-167
 -1.397418810667283E-180
  5.883593420660168E-185
  3.353145120017671E-198
  3.317082479723827E-202
  7.075822752435195E-217
  1.158443675897258E-215
 -2.041281525984722E-201
 -2.438650996376489E-198
 -4.183888654692860E-184
  9.238026149561053E-181
  3.391660689528077E-167
  1.450002777984408E-162
 -3.910318545279508E-149
  1.012902847178884E-145
  1.972377024063031E-131
 -4.728695646261824E-129
  1.065935571672538E-114
 -8.388518158110777E-112
 -2.194535791261989E-098
  4.036645390268129E-095
 -8.433758354592089E-081
  1.091515747935545E-077
  3.266475304541250E-063
  9.939538291028163E-061
 -6.811808144539677E-047
  5.106647473881377E-044
  1.105829835391549E-033
  1.035722319015683E-032
 -6.579457402140917E-026
 -5.174432614313473E-023
 -2.918375141647029E-025
  2.392360418126251E-022
  8.565425354624625E-021
  1.029096442130923E-019
  6.719726009348602E-019
  2.965480242580400E-018
  1.024117266884634E-017
  2.996348747667334E-017
  7.591209331127886E-017
  1.700824913438815E-016
  3.448134524046984E-016
  6.431560595031824E-016
  1.116754396419761E-015
  1.820907260320343E-015
  2.806684687304978E-015
  4.110690588595535E-015
  5.743904990558919E-015
  7.681687174950319E-015
  9.857399603971362E-015
  1.216189085587306E-014
  1.445029549957724E-014
  1.655602533775001E-014
  1.831023729690564E-014
  1.956366877253004E-014
  2.020607339852071E-014
  2.017981781857940E-014
  1.948514201062312E-014
  1.817869266784751E-014
  1.636955598591512E-014
  1.420689557567306E-014
  1.179432590685770E-014
  9.071200257604123E-015
  5.914953270895852E-015
 -4.382761044585009E-015
 -4.134000638677006E-014
 -1.267447992936769E-013
 -2.469206005172063E-013
 -3.872897060476797E-013
 -6.424635741170511E-013
 -1.159091470792377E-012
 -1.545539449707184E-012
 -6.235528702731315E-013
 -5.248670948249484E-014
  1.007387489985298E-015
  9.973905060480594E-017
  8.920336114481480E-019
  1.696848299060269E-019
  7.087415360654145E-021
  1.782682010005864E-022
  8.947260387016716E-027
  2.112606482036802E-026
  2.340081919628267E-029
  5.456801506705619E-034
  1.187699456691410E-034
  3.345113521608583E-048
 -1.002286766294297E-051
 -1.620576895276420E-063
  1.320245564260270E-066
 -6.325318765939081E-080
 -5.559362196657470E-083
  9.509655095468528E-097
  5.714936956706345E-101
 -2.197293644040395E-112
 -2.379320472483985E-117
 -3.596457311734135E-130
 -8.530090366345173E-134
 -1.554962609021300E-148
  1.336534659030961E-151
 -8.055194137614531E-166
  2.649734913690864E-169
  2.146530999637922E-182
 -1.838622943955179E-186
  2.721708701312888E-202
 -1.771945769019551E-205
 -6.798833249670839E-218
 -6.295215971918427E-220
  1.275800953740425E-203
 -9.362677932516872E-200
 -1.672217826086733E-198
  6.160776044034723E-182
 -6.359363792853231E-168
 -2.185736888803012E-165
  6.682673295150143E-151
 -2.164931569600024E-148
  1.485886708976253E-133
  2.629836032084132E-131
  6.344854593330194E-117
  1.092442964195668E-113
  9.143899130210154E-100
  1.316721474757979E-097
 -1.770759810776789E-082
  5.341380291236794E-080
 -1.582570475815486E-066
 -4.389062424706738E-063
 -2.375210827032105E-052
  1.459142844803602E-047
  1.956563765540666E-036
  1.150208162626336E-034
 -5.229477577994662E-029
 -3.252496931534355E-026
 -1.373859022523549E-037
  3.009265538105056E-036
 -9.629649721936179E-035
 -1.155557966632342E-033
 -6.471124613141112E-032
 -2.440538425527505E-030
 -2.420816902896980E-029
 -1.988915557288476E-028
 -1.254288839301409E-027
 -6.295110023663674E-027
 -2.598981138341145E-026
 -9.152679766736267E-026
 -2.809165237928232E-025
 -7.646081655508970E-025
 -1.865081750108692E-024
 -4.120958881776632E-024
 -8.302729473014940E-024
 -1.534176688473824E-023
 -2.610324327069499E-023
 -4.102334191348726E-023
 -5.968685691970461E-023
 -8.044018437071002E-023
 -1.002403154127188E-022
 -1.156550361539719E-022
 -1.235142617151843E-022
 -1.220827505403596E-022
 -1.116680700301124E-022
 -9.455435746917953E-023
 -7.414626079384780E-023
 -5.380788680076313E-023
 -3.617163277621181E-023
 -2.379451876926449E-023
 -5.490269951946506E-023
 -1.796445651183377E-021
 -3.380713012898366E-020
 -3.309489143242371E-019
 -1.705476385769675E-018
 -4.736039967965224E-018
 -7.768295703200114E-018
 -7.789622900933569E-018
 -3.156353506633158E-018
  3.833379331311885E-019
  1.085832881514970E-019
  3.558042601950372E-021
  4.151026599169056E-022
  1.128006383219915E-027
  1.530844675595638E-029
 -4.092601131822876E-034
 -7.523163845262640E-037
  1.300390625597156E-037
  1.836709923159824E-040
  3.766690272105108E-042
 -1.121038771459854E-044
 -9.167582955616231E-049
 -6.264292293167968E-053
  3.480162380769140E-054
 -4.286193774130086E-067
 -1.086681489457888E-070
 -3.093110160427019E-082
  7.144498265655699E-086
 -2.301214614448341E-098
  4.576414359594521E-102
  9.869773811783144E-116
 -9.449124272234309E-119
  4.764621084914374E-132
  5.159328850611035E-136
 -2.944619217039891E-149
  6.861673472703232E-153
  4.248408311614673E-167
 -1.656084321058468E-170
  7.282989772450450E-185
 -3.591060437426982E-188
  2.175949404435180E-202
  4.983597475524669E-206
 -3.723030070891806E-219
  1.148876914874936E-218
  2.606219412373821E-217
  7.995019310107043E-202
 -1.723709009958887E-187
  4.764076339229965E-184
 -5.796295123698715E-170
  1.187081241332706E-166
  3.281669921737655E-153
 -5.916817720694335E-150
 -8.598881417680399E-136
 -5.772333552565803E-133
 -2.478458825499478E-119
 -7.754822280687828E-117
 -9.543498237763418E-102
 -4.571949565129048E-099
 -1.715747802491320E-085
  1.288490859728182E-081
 -7.640729319748260E-072
  5.275315414310879E-066
  3.262652272741179E-055
  1.856086604446768E-052
 -1.220117090157087E-048
  2.491196319594445E-044
  1.345246525751824E-042
  1.836709923159824E-040
 -9.075929893738975E-041
  1.469367938527859E-039
  3.526483052466863E-038
 -5.642372883946980E-037
  7.523163845262640E-037
  2.106485876673539E-035
 -6.018531076210112E-035
 -1.444447458290427E-034
 -4.814824860968090E-034
 -1.348150961071065E-033
 -3.081487911019577E-033
 -1.078520768856852E-032
 -3.543711097672514E-032
 -7.703719777548943E-032
 -1.941337383942334E-031
 -4.314083075427408E-031
 -8.011868568650901E-031
 -1.392832535780849E-030
 -2.243323199222252E-030
 -3.500570266918240E-030
 -4.905728754343167E-030
 -6.434146758208878E-030
 -7.937912858786431E-030
 -9.269115636346889E-030
 -9.638894185669238E-030
 -9.737501798821864E-030
 -9.244463733058732E-030
 -7.888609052210118E-030
 -6.532754371361504E-030
 -4.979684464207637E-030
 -3.611503831714945E-030
 -2.304952957442644E-030
 -1.355854680848614E-030
 -6.039716305598372E-031
  2.613101748544602E-030
 -7.888609052210118E-031
  1.735493991486226E-029
  3.194886666145098E-029
 -4.180962797671363E-029
 -1.767048427695066E-028
  2.808344822586802E-028
  4.551727423125238E-028
  3.263911995351936E-029
  3.183562198072101E-031
  1.680373876477863E-032
 -1.504632769052528E-036
 -5.642372883946980E-037
 -1.175494350822288E-038
  3.673419846319648E-040
  1.277984199464233E-041
 -4.484155085839415E-044
  4.028733084933849E-045
  9.127491484964848E-049
  0.000000000000000E+000
 -6.960324765865884E-054
 -3.964214073547182E-067
  1.931878203497088E-070
 -1.131959884853339E-072
  3.288717348825756E-085
  7.609094867953962E-090
  3.016216726994856E-101
 -1.240258542186292E-104
 -1.187422738691550E-117
 -9.560461289759187E-121
  1.702578520701803E-134
 -5.374300886027399E-138
 -2.344239362268796E-151
 -1.864585182800250E-155
  2.053544558108968E-168
  7.762895254949005E-172
 -5.713776162642799E-187
 -1.346647664031673E-189
  6.534050023497299E-204
 -7.786871055545964E-208
  4.419119427308069E-221
 -6.212222401975177E-220
  2.491798737775023E-206
 -1.274561976034759E-202
 -9.650974925560340E-189
  1.184890341660956E-185
 -2.021587305980510E-172
 -6.403526041415110E-169
  1.864585182802383E-155
 -1.800029100248867E-151
  4.702513275299712E-138
  7.719884650544616E-135
  1.204134048524715E-120
  4.516302748695483E-118
  2.909038162677706E-105
 -1.079488091766595E-100
 -1.104546025120039E-090
  2.430791083916368E-085
 -5.109541182093849E-074
 -1.811135816608718E-071
  4.483792716373943E-066
  3.987686063861281E-055
 -3.393158323359233E-053
 -1.216442038680711E-048
 -2.977759236690236E-045
  2.242077542919707E-043
  9.787956701997787E-055
  2.610121787199410E-054
  6.264292289278584E-052
  2.672764710092196E-051
 -8.552847072295026E-050
  8.210733189403225E-048
 -4.379057701015053E-047
  3.503246160812043E-046
  8.407790785948902E-045
  5.605193857299268E-044
  1.793662034335766E-043
  1.793662034335766E-043
  1.434929627468613E-042
  5.739718509874451E-042
  2.869859254937225E-042
 -5.739718509874451E-042
  2.295887403949780E-041
  0.000000000000000E+000
  0.000000000000000E+000
  1.377532442369868E-040
 -2.755064884739736E-040
 -9.183549615799121E-041
  5.510129769479473E-040
  1.836709923159824E-040
  1.836709923159824E-040
 -3.673419846319648E-040
  5.510129769479473E-040
 -5.510129769479473E-040
  2.755064884739736E-040
 -3.673419846319648E-040
  3.673419846319648E-040
 -2.295887403949780E-040
  0.000000000000000E+000
 -1.469367938527859E-039
 -2.350988701644575E-038
 -5.642372883946980E-037
  0.000000000000000E+000
  6.018531076210112E-036
 -3.009265538105056E-035
 -1.203706215242022E-035
 -1.805559322863034E-035
 -1.504632769052528E-036
  0.000000000000000E+000
 -2.869859254937225E-042
  0.000000000000000E+000
 -9.342103800126411E-045
 -2.672764710092196E-051
  1.336382355046098E-051
  3.132146144639292E-053
 -1.305060893599705E-054
 -7.009604408982790E-057
  4.978412222288913E-059
  3.889384548663214E-062
 -1.890804927374420E-063
 -5.440380320186724E-067
  0.000000000000000E+000
  1.729383157415395E-072
  2.186706593182219E-086
  8.727277271284807E-090
  5.625002937231966E-092
  1.317734487018357E-104
 -1.224163450111163E-108
 -5.421628680789046E-120
  1.728413597283885E-124
 -1.230117758363434E-136
  1.115272400670998E-139
 -3.894911270738187E-154
  1.456707174043827E-157
 -1.495076123175216E-170
  8.043975379810423E-187
  5.226987970015605E-188
 -4.975407222247236E-191
 -3.941887169895883E-205
 -2.920076645829322E-208
  1.381425089967919E-222
 -5.547313268710827E-222
 -2.920076645827598E-208
  2.084112777621866E-204
 -2.805515966729640E-191
 -7.980134305373834E-190
  6.401693135608883E-174
  6.423077036871954E-170
  5.826828696251114E-157
  3.076071889744390E-153
  3.588552959804202E-139
 -1.313717994368804E-137
 -3.567622937920147E-124
  9.466335791854158E-121
 -6.395256088196511E-109
 -4.650827601242006E-105
 -2.556819557675018E-093
 -3.272728978389134E-090
  2.252056445392263E-085
 -1.729383157415395E-073
 -2.660105729405347E-071
  4.121058435192460E-067
 -1.353118403770771E-063
  7.778769097326427E-061
 -2.178055347251400E-060
  4.460657351170866E-057
  9.558551466794714E-058
 -1.529368234687154E-056
  2.446989175499447E-055
  0.000000000000000E+000
  1.305060893599705E-054
 -2.088097429759528E-052
  8.352389719038111E-053
  6.681911775230489E-052
  2.004573532569147E-051
  2.138211768073757E-050
 -2.672764710092196E-051
  8.552847072295026E-050
  2.138211768073757E-049
 -1.710569414459005E-049
  1.026341648675403E-048
  2.736911063134408E-048
  4.105366594701613E-048
  4.105366594701613E-048
 -8.210733189403225E-048
  3.284293275761290E-047
 -1.642146637880645E-047
  3.284293275761290E-047
  1.094764425253763E-047
  0.000000000000000E+000
  1.094764425253763E-047
  0.000000000000000E+000
  0.000000000000000E+000
 -1.094764425253763E-047
 -1.094764425253763E-047
 -5.473822126268817E-048
  5.473822126268817E-048
  5.473822126268817E-048
 -9.579188720970429E-048
  1.368455531567204E-048
  0.000000000000000E+000
  4.379057701015053E-047
  4.379057701015053E-047
 -8.758115402030107E-047
  0.000000000000000E+000
  3.503246160812043E-046
  3.503246160812043E-046
 -2.627434620609032E-046
  8.210733189403225E-048
 -1.520134928864936E-049
  4.176194859519056E-053
  3.668954395014483E-053
 -1.305060893599705E-054
  0.000000000000000E+000
  7.646841173435771E-057
  7.965459555662261E-059
  2.489206111144457E-060
 -2.430865342914508E-062
  2.706236807541543E-064
  1.275039614298801E-068
  1.811135815765342E-071
 -2.515466410779478E-073
  2.865339673824977E-086
  1.963637386119091E-090
  1.090909658952570E-091
 -9.292571554833788E-105
 -7.569706382374405E-109
  5.687869374934936E-120
  5.042437389122130E-124
  3.896368142388911E-137
 -2.799115044818984E-140
 -1.053490628282029E-153
  9.711381160416053E-157
  2.209190607970679E-170
 -6.738624353254884E-174
  5.027484612381515E-188
  1.246895985249108E-191
 -9.749162561542308E-205
 -3.677133554007288E-208
  7.915727862332486E-222
 -4.502689341486184E-226
 -1.500896447162292E-225
 -2.463871607661170E-222
  0.000000000000000E+000
  1.233440375198324E-204
  1.870343977820079E-191
  3.860389970221520E-188
  1.572345682426875E-174
 -7.390923190648612E-171
  7.172259627849886E-157
 -6.759121287650187E-155
  9.546676135936265E-153
 -4.971228319599646E-137
 -6.303046736406103E-124
 -1.379610869665070E-120
  6.623493086219583E-109
  6.202995894923874E-105
 -7.670458539527698E-093
  7.915913212792584E-090
 -1.144250777639316E-085
  2.358249759973855E-074
  2.829899712133348E-072
 -4.615136285733246E-067
  4.367961163049507E-064
  0.000000000000000E+000
  8.712221389005598E-060
  2.263919769706678E-072
  7.244543263061370E-071
  1.159126922089819E-069
  0.000000000000000E+000
 -2.373891936439950E-066
 -2.848670323727940E-065
  3.418404388473528E-064
 -1.215432671457254E-063
  1.458519205748705E-062
  7.778769097326427E-062
  7.778769097326427E-062
  0.000000000000000E+000
 -1.244603055572228E-060
 -9.956824444577827E-060
 -7.467618333433370E-060
  1.659483401519965E-060
 -1.991364888915565E-059
  7.965459555662261E-059
 -1.593091911132452E-058
  3.761460259992338E-059
  3.186183822264905E-058
 -6.372367644529809E-058
  0.000000000000000E+000
  9.558551466794714E-058
 -3.186183822264905E-057
  9.558551466794714E-058
 -1.274473528905962E-057
  1.911710293358943E-057
  9.558551466794714E-058
  6.372367644529809E-058
  9.558551466794714E-058
  2.787910844481791E-058
  7.965459555662261E-059
 -7.965459555662261E-059
 -1.194818933349339E-058
  2.548947057811924E-057
 -1.019578823124769E-056
 -2.039157646249539E-056
  8.156630584998156E-056
  1.019578823124769E-056
  5.097894115623847E-057
  1.194818933349339E-058
 -1.659065596539152E-060
 -1.519290839321568E-064
  1.899113549151960E-065
  1.483682460274969E-066
  2.781904613015566E-068
 -6.954761532538915E-069
  1.086681489459205E-070
  1.131959884853339E-071
  4.731238581222941E-073
 -3.126293016944189E-075
 -2.698802673467014E-078
 -1.265063753187663E-080
  8.750847902095649E-083
 -1.430077835562811E-085
  0.000000000000000E+000
 -5.454548294804707E-092
  7.957275349007232E-105
  7.770776708014875E-108
  5.174603972232464E-111
 -1.511253940159169E-123
  8.207092104579003E-128
  5.973267769472494E-139
  5.467021571923265E-143
  1.034262093584404E-155
 -2.832486171788302E-158
  7.328253984163353E-174
 -2.000529104872371E-175
 -2.394040291610246E-189
  2.630171218809386E-192
 -3.504091974995239E-207
 -2.365802838056214E-209
  1.205595071182891E-223
  5.159331537119466E-227
 -1.453993433188067E-226
 -2.299748581164003E-223
  5.407549344124459E-210
 -2.496665532184107E-206
 -1.948274976896363E-193
 -9.566809446551878E-189
  7.721340404760879E-176
 -5.761523822031878E-173
  1.242063240791714E-170
  5.826828696250162E-156
 -4.555851309924867E-143
 -6.534184182750801E-139
 -4.103546052289501E-128
 -1.933016403419622E-122
 -1.848072847223071E-111
 -9.946328063769040E-109
  1.209260594562315E-103
 -2.386364878974094E-092
  9.818186930595453E-091
 -5.714970248561001E-086
  5.713788924309512E-083
  1.644582879143962E-079
 -1.079521069386806E-078
  5.181701133056667E-076
 -1.105429575052089E-073
  3.869003512682311E-075
  3.537374640166685E-074
  1.414949856066674E-073
 -8.489699136400043E-073
 -2.037527792736010E-071
 -3.622271631530685E-071
 -1.159126922089819E-069
  0.000000000000000E+000
  2.318253844179638E-069
 -1.854603075343711E-068
  3.812239654873163E-068
  4.451047380824906E-067
  5.934729841099874E-067
  5.934729841099874E-067
  1.186945968219975E-066
  9.495567745759799E-066
  0.000000000000000E+000
  4.747783872879899E-066
  2.914611766455957E-065
 -4.747783872879899E-065
  1.899113549151960E-065
 -3.798227098303919E-065
 -7.596454196607839E-065
 -5.829223532690829E-065
 -1.714477510044116E-065
 -1.519290839321568E-064
  1.928368399730373E-065
 -7.596454196607839E-065
  0.000000000000000E+000
  4.747783872879899E-065
  1.899113549151960E-065
  1.899113549151960E-065
 -9.495567745759799E-066
 -4.747783872879899E-066
  0.000000000000000E+000
  4.681842430200985E-066
 -2.967364920549937E-067
 -1.186945968219975E-066
 -2.373891936439950E-066
  0.000000000000000E+000
  0.000000000000000E+000
  1.390952306507783E-068
 -4.056944227314367E-069
 -1.448908652612274E-069
 -7.244543263061370E-071
 -1.811135815765342E-070
 -6.791759309120034E-072
  5.659799424265408E-073
  8.843436600416711E-075
  1.934501756341156E-075
 -3.994227956731181E-077
  3.373503341833767E-079
  6.325318765938314E-081
  1.976018669657040E-082
 -9.830405118779001E-087
 -9.818186930595453E-091
 -2.727274147384215E-092
  2.327400848548455E-105
 -1.330612450002547E-108
 -1.552381191670042E-110
 -2.518756566931949E-124
 -7.232499917301322E-127
  8.014738383509141E-131
  4.328058744431327E-143
  1.126171740989510E-146
 -2.023204408420194E-158
 -9.898222556300736E-163
 -1.123104058875606E-175
 -1.102779330270848E-177
 -3.750429330525534E-192
 -1.284263290436246E-194
 -2.667865164700920E-209
  8.317275602541341E-212
 -2.180990149782436E-226
  2.061167606270485E-228
  5.330953518144626E-241
  1.355497103843202E-225
  6.754034012229084E-226
 -1.301191560930897E-208
 -3.424702107824948E-195
  3.653015581680738E-192
  1.526925226528889E-177
  9.686772507802158E-175
 -1.087067950845651E-161
  2.367149157851629E-157
 -6.491128782541887E-147
  9.385053698451118E-142
  8.014738379310468E-131
 -1.538829769642152E-127
 -1.647163385412975E-122
 -6.468254965559090E-112
  1.237469578502369E-108
  7.131571776832851E-104
  3.728695123927217E-093
 -1.994319220277201E-091
 -1.429920744571922E-086
 -2.882632250102096E-083
 -5.271098971615262E-082
  2.024102005100260E-079
 -5.181701133056667E-077
  1.288637034640653E-090
  1.256727927116218E-088
 -2.010764683385949E-087
  0.000000000000000E+000
 -5.147557589468029E-085
  0.000000000000000E+000
 -1.317774742903815E-081
 -2.108439588646105E-081
 -1.686751670916884E-080
  3.373503341833767E-080
 -1.349396189175918E-079
 -2.159042138773611E-078
 -4.385554344383898E-078
 -4.118046071574423E-084
  0.000000000000000E+000
 -1.031540890997678E-077
  1.036340226611333E-076
 -1.381786968815111E-076
  4.145360906445333E-076
  1.381786968815111E-075
  3.454467422037778E-076
 -2.210859150104178E-075
  5.527147875260445E-076
 -5.527147875260445E-076
  1.105429575052089E-075
  1.105429575052089E-075
  4.421718300208356E-075
  4.913017405176522E-076
  0.000000000000000E+000
  5.527147875260445E-076
 -1.658144362578133E-075
 -1.105429575052089E-075
  3.070625994924754E-077
 -6.908934844075556E-077
  6.908934844075556E-077
 -3.358546598501809E-078
  3.454467422037778E-077
 -8.636168555094445E-078
  6.747006683667535E-079
  1.349401336733507E-079
  0.000000000000000E+000
 -7.590382519125977E-080
 -2.635549485807631E-081
  1.094485357107856E-081
 -1.976662114355723E-082
 -5.147557589468029E-085
 -7.863975003929734E-086
 -1.608611746708759E-086
 -7.540367562697308E-088
  2.356364863342909E-089
 -2.700001405913750E-090
  3.451706342787464E-092
  4.569316122179586E-094
  0.000000000000000E+000
 -3.371812804282711E-099
  6.753001677009535E-101
 -2.867821111442290E-104
 -3.193469880006113E-109
 -6.653062250012735E-111
 -1.264548751491934E-123
  1.869678170101611E-126
 -2.244126747377311E-129
  2.734044674782043E-142
 -1.457071585933633E-145
 -3.475838721488500E-149
  1.580628444077918E-161
 -1.831496772341830E-165
 -4.387125229982863E-177
  5.459974694395640E-182
  1.004579284962190E-193
 -4.159641842366719E-197
  1.140654939777099E-210
 -1.856534732710539E-214
  2.052006861354306E-228
 -9.339665715912695E-231
 -5.152919015672874E-231
  7.269967165941039E-227
 -1.485227786169592E-213
 -9.716690227730769E-211
  1.429746241303944E-196
  5.022896424811650E-194
  3.212442007700817E-181
  1.787753531218009E-176
  8.479151720330166E-166
 -2.222758749484269E-161
 -1.357749488005076E-149
  1.001041547649819E-146
 -2.624110292025539E-141
  1.803316136076343E-130
  7.068999254242204E-128
  2.016925713098058E-122
 -2.125283774363410E-111
 -5.322449800010188E-109
 -2.170878244829756E-104
  2.243559234841184E-101
 -3.771858391231507E-098
 -1.170419088673050E-096
  3.558074029566071E-095
  4.314632928484330E-093
  3.835229269763849E-092
  0.000000000000000E+000
 -2.147728391067755E-091
 -7.363640197946590E-091
 -6.872730851416817E-090
  3.141819817790545E-089
 -2.513455854232436E-088
 -4.021529366771898E-087
  1.508073512512030E-087
 -4.021529366771898E-087
 -3.217223493417518E-086
  0.000000000000000E+000
  0.000000000000000E+000
  1.029511517893606E-084
  3.088534553680817E-084
 -4.118046071574423E-084
 -4.118046071574423E-084
 -1.647218428629769E-083
  1.132462669682966E-083
 -2.635549485807631E-082
  3.294436857259539E-083
 -8.236092143148846E-083
  0.000000000000000E+000
  3.294436857259539E-083
  6.588873714519077E-083
  1.317774742903815E-082
 -1.317774742903815E-082
 -6.588873714519077E-083
  1.976662114355723E-082
  2.059023035787212E-083
  6.588873714519077E-083
 -6.588873714519077E-083
  3.294436857259539E-083
  9.883310571778616E-083
  0.000000000000000E+000
 -1.979768139902034E-084
  2.470827642944654E-083
 -1.029511517893606E-084
 -1.429877108164756E-085
 -2.573778794734014E-085
 -1.286889397367007E-085
 -8.043058733543795E-087
 -1.061236916413538E-087
  1.206458810031569E-086
  5.026911708464872E-088
  5.026911708464872E-088
  3.770183781348654E-088
  7.854549544476362E-090
  7.363640197946590E-090
  0.000000000000000E+000
  1.150568780929155E-092
 -5.393291160605412E-094
 -4.681676354692198E-097
  3.657559652103280E-098
  0.000000000000000E+000
 -3.181166079252425E-102
 -4.261366207880157E-105
  1.170938956002241E-108
 -6.193121601325433E-120
 -5.879560783805957E-124
  1.846595723557147E-127
 -6.892675009805396E-129
 -1.127573199207122E-142
  8.363389304643782E-145
 -6.213061688611384E-148
 -2.969466766890221E-162
  1.205923800717146E-164
  9.892343679087726E-168
 -1.767274567742261E-180
  4.706874736409206E-184
  4.875443972946256E-196
  5.715588274088153E-201
  1.138674636062204E-212
 -5.161447575374122E-216
  3.091751409406595E-230
 -8.884885387761394E-234
 -6.082608261915218E-232
  1.238131930155908E-229
  1.287245761938969E-215
  4.661964995472109E-213
  2.612840353251609E-200
  3.234440879613102E-195
 -8.227837664616924E-185
 -1.820828342521984E-180
  4.213696685735091E-176
  5.306064722770076E-165
  3.163089892333647E-161
 -2.172399192074842E-150
 -2.033365643545337E-147
 -2.769441503904880E-141
  1.903500366196588E-130
 -4.183693436184162E-128
  1.008462856549029E-122
 -7.854309600171619E-112
 -6.653062250012735E-111
 -9.689200513930547E-105
 -5.469373259065574E-102
  3.286088749936541E-100
  3.657559652103280E-098
  7.724765985242127E-096
 -1.198509146801203E-094
  3.406367872006521E-107
  4.360150876168346E-105
  2.092872420560806E-104
  0.000000000000000E+000
 -2.678876698317832E-102
  1.428734239102844E-100
  7.315119304206560E-099
  2.285974782564550E-100
 -5.852095443365248E-098
  5.526924460134435E-098
 -4.096466810355674E-097
  2.809005812815319E-096
 -7.490682167507517E-096
 -7.386641740216048E-096
 -2.996272867003007E-095
  1.498136433501503E-095
 -5.992545734006014E-094
  1.198509146801203E-093
  9.588073174409622E-094
 -3.835229269763849E-093
 -4.794036587204811E-094
  5.752843904645773E-093
  0.000000000000000E+000
  2.397018065004927E-093
  1.534091707905540E-092
 -5.752843904645773E-093
 -3.568893548211949E-093
  3.835229269763849E-093
 -9.588073174409622E-094
 -4.794036587204811E-093
 -4.794036587204811E-094
 -1.917614634881924E-093
 -5.992545734006014E-095
  2.397018293602406E-094
 -7.657143993705390E-095
  1.202671906880253E-094
  1.498136433501503E-095
  3.745341083753759E-096
  4.681676354692198E-097
  4.681676354692198E-097
  4.681675238493574E-097
  5.852095443365248E-098
  1.828779826051640E-098
 -1.828779826051640E-099
 -2.285974782564550E-100
 -1.785917798878555E-101
  3.348595872897290E-103
  3.161109385222051E-105
  8.720301752336693E-106
  2.725094297605216E-107
  1.703183936003260E-107
 -2.128979920004075E-109
 -2.494898343754776E-111
 -8.080806810013027E-113
  9.517281889933685E-116
 -9.913835302014255E-119
  1.210184973390412E-122
 -1.345060325039026E-123
 -9.232978617785736E-128
 -3.045600585726913E-129
 -2.203893071177557E-142
 -5.155363970096485E-145
  8.689596767286500E-148
 -1.750422515219499E-161
 -6.172822454929872E-164
 -1.483851551665218E-166
  4.927156474198631E-180
  1.045972163657906E-184
  3.064371573332479E-186
  9.290099033803567E-200
  3.428715063279673E-203
  5.801671039719116E-215
 -3.146839526613850E-220
 -1.912216040974151E-231
 -1.105696466940032E-236
 -2.315819822554992E-235
 -4.830861577198582E-232
  6.307511314015190E-220
 -7.735561386291715E-216
  1.275800953573401E-203
 -5.167617587560542E-199
 -3.511259132395358E-188
  1.830451286093112E-184
 -1.521450189835657E-179
 -1.648723946271380E-168
 -5.189240854968519E-165
 -2.844957546313596E-160
 -5.430997985877367E-151
 -1.114440785404656E-146
 -2.551294529853729E-141
 -3.005526895210018E-131
  7.141131899693655E-128
  6.725301625195130E-124
  7.261109840342472E-122
  3.531803826342578E-118
  2.537941837315649E-115
 -9.745696655292093E-114
  6.757016347669184E-112
  6.653062250012735E-110
 -8.515919680016301E-109
  3.326531125006368E-110
  4.257959840008151E-109
 -1.703183936003260E-108
 -2.725094297605216E-107
  4.996006212277882E-107
 -4.360150876168346E-106
  3.451786110283021E-105
 -1.744060350467339E-105
  2.790496560747742E-104
  1.116198624299097E-103
 -2.852507595503215E-103
 -1.785917798878555E-102
 -5.146915878596997E-103
 -1.785917798878555E-102
 -7.143671195514219E-102
  7.143671195514219E-102
 -1.428734239102844E-101
 -7.143671195514219E-101
  4.571949565129100E-100
  4.921195713204580E-101
  2.857468478205687E-100
  1.686700143178317E-100
 -3.571835597757109E-101
 -9.032775355810065E-100
 -6.857924347693650E-100
 -2.285974782564550E-100
  5.714936956411375E-101
  1.142987391282275E-100
 -1.428734239102844E-101
  5.714936956411375E-101
 -2.285974782564550E-100
 -2.857468478205687E-101
 -7.143671195514219E-102
  7.242888850915068E-102
  0.000000000000000E+000
  0.000000000000000E+000
  1.428734239102844E-101
  2.232397248598193E-103
  2.232397248598193E-103
 -3.348595872897290E-103
  2.790496560747742E-104
  5.406587086448749E-104
  6.976241401869354E-105
  3.488120700934677E-105
 -1.744060350467339E-105
 -2.180075438084173E-106
 -1.362547148802608E-107
 -1.362547148802608E-107
 -2.661224900005094E-109
  1.330612450002547E-110
  5.197704882822450E-113
 -9.745696655292093E-114
  3.933809847839256E-115
  7.137961417450263E-117
  0.000000000000000E+000
 -8.652822559741446E-121
  2.954553157691435E-124
  1.074860177210734E-137
  2.978433352378377E-139
 -8.200532357869981E-143
 -1.501562321387326E-145
  9.732348379362928E-148
 -1.111379374742539E-161
  0.000000000000000E+000
  0.000000000000000E+000
 -4.443289751283443E-180
  8.766554196785394E-183
  2.461711830519724E-185
  3.723297503396242E-199
 -1.360854350658997E-202
  1.661199158490388E-206
  2.966620526765179E-218
  8.212905351724916E-223
  1.104276807287702E-233
 -1.151767153047053E-238
  2.555483371023412E-238
 -2.236509989443370E-234
 -2.689606442081456E-223
 -2.266277749889764E-218
  1.903457245389415E-207
 -6.662516092085936E-203
 -3.623274708622988E-198
  4.851921657693158E-187
  1.359763812832333E-183
  2.399376465693059E-179
 -2.473085919607575E-168
  1.933246593027487E-165
 -3.161179709033309E-160
 -6.517197576224525E-150
  3.832112174373904E-147
 -1.075198705437133E-141
 -2.624170354518394E-141
  2.885305818058042E-129
 -2.521180223819117E-124
  1.718462662214385E-120
  1.920805589765262E-118
 -6.741408005369693E-117
  0.000000000000000E+000
  1.136997943117411E-113
  4.158163906257960E-112
  7.563656083690075E-124
 -2.420369946780824E-122
  0.000000000000000E+000
 -7.745183829698637E-121
  2.478458825503564E-119
 -9.913835302014255E-119
 -6.344854593289123E-117
  3.025462433476030E-122
  0.000000000000000E+000
 -2.030353469852519E-115
  3.248565551764031E-114
  0.000000000000000E+000
 -1.299426220705612E-113
  0.000000000000000E+000
  0.000000000000000E+000
 -7.796557324233674E-113
  8.316327812515919E-112
  2.079081953128980E-112
 -8.316327812515919E-112
 -9.898739703276584E-111
  1.663265562503184E-111
 -6.653062250012735E-111
 -1.663265562503184E-111
  3.326531125006368E-111
  5.322449800010188E-110
  3.326531125006368E-111
  0.000000000000000E+000
 -1.663265562503184E-111
  3.326531125006368E-111
  1.995918675003821E-110
  2.079081953128980E-111
  3.638393417975715E-112
  2.598852441411225E-113
 -6.237245859386940E-112
 -4.158163906257960E-112
 -2.079081953128980E-112
  7.074651665211600E-113
 -1.624282775882016E-113
  1.624282775882016E-114
  1.127969847038161E-116
  8.121413879410078E-115
  3.806912755973474E-116
  7.613825511946948E-116
  1.586213648322281E-116
 -2.775873884563991E-117
  7.435376476510691E-119
  1.742666361682193E-120
  6.050924866952060E-122
  0.000000000000000E+000
  9.454570104612593E-125
 -9.454570104612593E-125
  1.107957434134288E-126
 -4.616489308892868E-128
  9.016580681431383E-131
 -9.509674937447161E-132
 -1.221041161311394E-134
  1.021117168350197E-136
  7.610094028103343E-140
  3.643791233233244E-143
 -1.251301934489438E-146
  1.303439515094113E-148
  2.389465655696458E-161
 -7.597319944529073E-165
  2.185736888803281E-166
 -3.554631801026754E-180
 -2.353437368264535E-184
  1.634331505739056E-185
  4.878662847103629E-199
 -4.082563051969564E-202
  6.201810191792632E-205
 -6.400464113947938E-218
  7.684589809478481E-222
 -8.104840819147443E-225
 -7.038577046551651E-237
 -9.373105397218227E-243
 -5.001430300182465E-242
  5.758835765359223E-237
  9.380602514516339E-228
  1.383226165704516E-222
 -2.165578885026991E-217
  7.252088799648895E-217
 -2.696126234271892E-203
  3.344231524020868E-198
  8.427021826378878E-187
 -9.432135702497708E-184
 -7.884203458675654E-179
  7.654789753399037E-169
  3.255994261941031E-165
 -1.264454518310593E-160
 -4.073248487700946E-150
 -6.100096930636011E-147
  2.730841341829750E-143
  2.689774613381354E-139
  1.147077345367080E-136
 -5.228119901953011E-134
 -8.805254571710335E-133
 -1.127072585178923E-131
  1.045923359046040E-128
  9.232978617785736E-128
 -7.386382894228589E-126
  1.384946792667860E-127
 -2.215914868268577E-126
  1.181821263076574E-125
 -4.136374420768198E-125
  7.563656083690075E-124
 -1.512731216738015E-123
 -6.050924866952060E-123
  2.641576371513100E-133
  3.227159929416789E-122
  0.000000000000000E+000
 -3.872591914849318E-121
  7.766698229228082E-120
  3.872591914849318E-120
 -1.239229412751782E-119
 -6.196147063758909E-120
 -1.213412133379564E-119
 -1.376921568441844E-120
  2.974150590604276E-118
 -4.956917651007127E-119
  4.956917651007127E-119
 -1.982767060402851E-118
  9.913835302014255E-118
  3.469842355704989E-118
  0.000000000000000E+000
 -3.414765496198858E-118
  7.931068241611404E-118
  7.931068241611404E-118
 -3.965534120805702E-118
  4.956917651007127E-119
  1.982767060402851E-118
  7.931068241611404E-118
  4.956917651007127E-119
  0.000000000000000E+000
 -4.956917651007127E-119
 -6.196147063758909E-120
  8.674605889262473E-119
 -6.196147063758909E-120
 -1.161777574454795E-120
  0.000000000000000E+000
  3.845698915437512E-121
 -9.681479787123296E-122
 -2.904443936136989E-121
 -1.210184973390412E-122
 -4.235647406866442E-122
 -3.025462433476030E-123
 -3.403645237660534E-123
 -6.303046736402663E-125
 -9.454570104612593E-125
 -1.200287220312146E-126
  0.000000000000000E+000
 -2.163979363543532E-129
  0.000000000000000E+000
 -1.408840731473654E-132
  3.301970464391375E-134
  1.913251115435107E-135
  0.000000000000000E+000
  6.166800333118226E-140
 -1.057860749804217E-153
  8.448901609562734E-156
 -3.435495923204136E-158
  1.986590632352288E-161
 -2.170662841294021E-165
 -8.290726129942098E-167
  3.855871784164615E-180
 -1.506199915689303E-182
 -8.273803247811696E-186
 -1.489319001358497E-198
  1.913701430610733E-201
 -2.480724076717778E-204
 -6.055210862988091E-218
  2.831291057926432E-221
 -5.193101707179711E-224
 -1.583559859728675E-236
  4.998989379361124E-241
  9.763651144271959E-245
  1.525570580415670E-246
 -4.998989379579358E-242
  1.146668183904599E-236
 -1.500896446550473E-226
  4.919638374507665E-222
  8.863270637461515E-217
 -5.537330529032168E-207
  2.152914109437075E-202
 -3.715132377292303E-199
 -2.042914382144347E-187
 -1.025951602727821E-183
  4.798423450154561E-179
  2.708617911716129E-168
  5.426657103235052E-166
 -1.738831175646988E-160
 -9.232696566887103E-150
 -7.038573381503089E-148
 -2.960580377002010E-143
 -1.397370713781045E-139
  1.612290265816101E-137
 -1.719776283537175E-135
  4.333836234513680E-134
  1.721916449578919E-132
 -1.352487102214707E-130
 -1.442652909029021E-128
  6.560425886295985E-141
 -1.049668141807358E-139
 -1.853320312878616E-140
 -8.061451329080507E-138
 -8.598881417685874E-137
  1.031865770122305E-135
  5.493543186962987E-136
  3.439342633445988E-136
 -3.522101828684134E-132
  1.056630548605240E-132
  0.000000000000000E+000
 -2.641576371513100E-132
  4.508290340715691E-131
  2.254145170357846E-131
 -1.690609952628561E-131
  1.803316136286277E-130
  0.000000000000000E+000
 -2.885305818058042E-129
  2.083831597536079E-129
 -3.462366981669651E-128
  0.000000000000000E+000
 -4.007216322744300E-131
  0.000000000000000E+000
 -2.308244654446434E-128
  9.232978617785736E-128
 -1.154122327223217E-128
 -4.327958727087064E-129
  5.770611636116085E-129
 -6.311608196778251E-130
 -5.770611636116085E-129
  0.000000000000000E+000
 -1.442652909029021E-129
 -4.057461306644122E-130
  3.481402463046085E-130
 -1.803316136286277E-129
  0.000000000000000E+000
 -3.606632272572553E-130
 -9.016580681431383E-131
 -1.127072585178923E-131
 -4.696225343260279E-133
  1.093770998453536E-133
 -1.761050914342067E-133
 -4.402627285855167E-134
 -1.100656821463792E-134
 -2.751642053659480E-135
 -4.299440708842937E-137
 -2.015362832270127E-138
  5.038407080675317E-139
  7.580367098306064E-141
 -1.257308183774987E-142
  8.200532357869981E-143
 -5.125332723668738E-144
  1.801874785664791E-145
  2.443949090799684E-150
  0.000000000000000E+000
  5.728005681561759E-151
  1.939168590112054E-153
  0.000000000000000E+000
 -8.535393598022698E-160
  9.880857253570384E-162
  3.527327117102784E-165
  1.507404750898283E-167
 -5.979613665286531E-180
 -2.353437368264535E-183
  1.961197806887336E-185
  1.624860094683886E-198
  5.103203814961955E-202
 -2.480724076717778E-204
  9.206753358929261E-219
  3.444233152604246E-220
  6.724016083376702E-224
  7.644854478514368E-237
 -5.623863052108616E-242
  9.893833147229068E-243
  1.775889396623933E-256
  8.288567833940816E-256
 -2.123085598216065E-245
 -7.498667137936882E-241
  6.770711199630883E-236
  1.125672335581187E-225
  8.612744172394527E-222
  9.266508729287696E-217
 -2.214932211612867E-206
  6.697955007137565E-203
 -4.458975365361157E-198
  1.851391159796562E-187
  6.802904892639672E-184
  7.540789877898493E-179
 -1.766489942294810E-168
  4.175982223973849E-166
  1.160870487524042E-161
 -4.047199131062429E-158
 -7.866218739937718E-156
  4.773338067968132E-153
 -7.637340908749012E-152
 -2.443949090799684E-150
 -1.564127418111798E-148
 -3.753905803468314E-147
  1.121166533302537E-144
 -1.025066544733748E-143
  8.008332380732404E-145
  2.242333066605073E-144
 -1.025066544733748E-142
  0.000000000000000E+000
  5.248340709036788E-141
  1.049668141807358E-140
 -1.049668141807358E-140
 -5.248340710258763E-141
  3.358938053783544E-139
  2.015362832270127E-138
 -2.687150443026836E-138
  1.074860177210734E-137
  1.074860177210734E-137
  1.007681416135063E-137
  5.374300886366496E-138
 -8.598881417685874E-137
  3.821725074971962E-137
 -2.407686796952045E-135
 -4.299440708842937E-137
 -5.159328850611524E-136
  3.439552567074349E-136
 -6.879105134148699E-136
 -6.879105134148699E-136
  6.867162250409320E-137
 -2.063731540244610E-135
  2.751642053659480E-135
  1.375821026829740E-135
 -2.063731540244610E-135
  0.000000000000000E+000
 -4.777156343314536E-136
 -1.375821026829740E-135
  8.598881417685874E-137
 -3.224580531632203E-137
  8.598881417685874E-137
  2.090005899687076E-137
 -8.598881417685874E-137
  5.374300886053671E-138
 -8.061451329080507E-138
 -2.351256637648481E-138
  6.717876107567089E-139
 -8.397345134458861E-140
 -3.452241888646167E-139
 -3.440578909321943E-140
  4.198672567229430E-140
 -3.149004425423028E-140
 -7.872511063555182E-141
  1.640106471573996E-142
  2.448770079085735E-143
  4.804999428439442E-144
 -8.008332380732404E-146
 -5.005207737957752E-147
 -3.910318545279494E-149
 -1.771863090829771E-149
 -3.054936363499605E-151
 -1.432001420390440E-152
 -7.621491934695211E-154
  3.823856331914168E-157
  5.175263503298809E-171
  8.086349223904390E-173
  4.674920645069725E-174
 -3.979259681257882E-177
 -2.354378743211841E-180
 -2.353437368264535E-184
  5.720160270091128E-186
 -1.069631519616026E-198
 -3.189502384351222E-202
  1.311239869122233E-203
  9.065110999561118E-218
 -1.383226165704516E-220
 -3.458065414261291E-223
 -1.766042968043495E-237
  4.799029804466019E-240
  1.510111375098314E-242
 -2.604681141036267E-255
  1.553567864796304E-259
  8.852550124920783E-260
  9.116839266499168E-255
  1.220456391573459E-244
 -7.334454730458320E-241
 -2.184134444608575E-235
 -2.701613604891633E-225
  2.956645929193404E-221
  1.350205790676818E-216
 -5.537330526131332E-207
  1.136260224425123E-202
 -1.281924798318443E-197
 -4.341193061956405E-187
  3.861108182309003E-185
  3.770018388970324E-179
 -2.944149903824683E-169
  2.543745517141431E-167
 -3.704778804378570E-162
 -1.707078719604540E-159
  3.359530920181734E-156
  0.000000000000000E+000
  4.773338067968132E-153
 -7.637340908749012E-152
 -2.443949090799684E-150
  2.189778385356517E-147
  0.000000000000000E+000
 -1.365662975683632E-158
  7.283535870312702E-158
 -2.913414348125081E-157
 -2.330731478500065E-156
 -4.475004438720124E-154
  1.193334516992033E-153
 -1.790001775488050E-153
  1.193334516992033E-153
  4.412634064355462E-151
  2.443949090799684E-150
  9.775796363198735E-150
  2.688343999879652E-149
  0.000000000000000E+000
  8.119358553525019E-149
  0.000000000000000E+000
  0.000000000000000E+000
 -5.005207737957752E-147
  0.000000000000000E+000
 -1.251301934489438E-147
  6.006249285549303E-146
 -2.002083095183101E-146
  1.181787812205618E-147
 -1.001041547591550E-146
 -4.004166190366202E-146
 -1.112271780586571E-146
  2.002083095183101E-146
  5.005207737957752E-147
  4.038927547512373E-146
  1.876952901734157E-147
  5.005207737957752E-147
 -5.005207737957752E-147
  1.251301934489438E-147
 -6.256509672447190E-148
  0.000000000000000E+000
  1.251301934489438E-147
 -1.368611490847823E-148
  1.900847635435147E-149
  3.128254836223595E-148
  9.775796363198735E-150
  1.221974545399842E-150
  3.054936363499605E-151
 -3.054936363499605E-151
  2.291202272624704E-151
 -2.386669033984066E-153
  1.193334516992033E-153
  1.076870778425733E-154
  2.330731478500065E-156
  1.165365739250032E-156
  9.104419837890877E-159
 -4.267696799011349E-160
  7.112827998352248E-161
  8.891034997940310E-162
  4.862284764498607E-163
  1.139597991679361E-164
 -7.207278965234054E-167
  8.611638469489219E-169
 -8.280421605278095E-171
 -9.602539703386463E-174
 -6.613591284199147E-176
 -5.586729785055787E-178
  1.227552931286782E-180
 -1.985712779473202E-184
 -2.553642977881100E-187
 -8.361089130433666E-199
  4.082563051969564E-202
 -1.063167461450891E-204
 -2.415002227226829E-217
 -1.825858538729962E-220
 -3.842294904734729E-223
  2.702813585875262E-236
 -8.398302157815533E-240
  2.707785913978033E-242
  6.985706951568701E-255
 -3.902338904868558E-259
 -7.565298224137437E-261
  2.668496633315238E-263
  1.951487025587344E-259
 -3.787870296992413E-255
 -6.509100748693270E-245
  7.311021967741201E-241
  6.552595295017902E-236
  6.904123656962758E-225
  1.880323069004577E-221
 -6.445612615996533E-217
  3.876131370902684E-206
 -3.747665301612685E-203
 -6.688871304346933E-198
 -6.128743147235707E-187
 -8.457665542200674E-185
 -9.639679460411536E-181
  3.238932298698276E-178
  1.595158733621764E-174
 -2.911085720605580E-172
 -1.242063240791714E-170
  1.324867456844495E-169
  4.239575861902385E-168
  1.241347812365018E-164
 -1.302397704776413E-163
 -1.333655249691046E-161
  0.000000000000000E+000
  2.222758749485077E-162
 -1.383049888568456E-161
  7.112827998352248E-161
  1.422565599670450E-159
  1.365662975683632E-158
  3.186546943261807E-158
  3.635445421347836E-160
  2.731325951367263E-158
 -8.740243044375242E-157
 -2.330731478500065E-156
 -2.330731478500065E-156
 -3.729170365600103E-155
  1.912241392605083E-157
  0.000000000000000E+000
  0.000000000000000E+000
  3.729170365600103E-154
  1.491668146240041E-154
 -2.386669033984066E-153
 -3.314818102273278E-155
  0.000000000000000E+000
 -1.193334516992033E-153
  3.580003550976099E-153
 -6.946121092140867E-164
  6.961118023196055E-154
  4.773338067968132E-153
 -4.773338067968132E-153
  6.629636205588474E-154
 -2.386669033984066E-153
  4.661462957000129E-155
 -1.193334516992033E-153
 -5.966672584960165E-154
  0.000000000000000E+000
  1.864585182800052E-154
  0.000000000000000E+000
  5.593755548400155E-155
  7.458340731200207E-155
 -1.864585182800052E-155
  1.864585182800052E-155
  2.330731478500065E-156
  6.992194435500194E-156
 -5.826828696250162E-157
 -1.165365739250032E-156
 -2.913414348125081E-157
  1.456707174062540E-157
  1.820883967578175E-157
  9.104419837891136E-159
 -4.978979598846574E-160
 -1.066924199752837E-160
 -1.778206999588062E-161
  1.250301796585356E-162
 -8.682651365176084E-165
 -3.014809501797183E-166
 -3.391660689521908E-167
  0.000000000000000E+000
  3.312168642111238E-170
 -2.070105401319524E-171
  1.415111114183268E-173
  2.154636262449221E-188
 -1.122206386692302E-189
 -1.402757983365378E-191
  6.301451878399159E-193
 -1.190619092173754E-195
 -2.306648124362803E-200
  1.403381049114538E-202
  1.904841701765152E-204
 -6.055210862988091E-218
  2.213161865127226E-221
 -6.147671847571085E-223
  1.305336106814757E-236
  1.619672559007281E-239
 -1.249747344910184E-242
 -5.565255590196546E-255
  2.926754178651418E-259
 -1.129148988675602E-261
  6.160225807638731E-274
  2.053859901140210E-273
  5.469315413248153E-263
 -3.251949087390465E-259
  1.421491985080120E-255
  2.213094256618711E-243
 -8.014004849254778E-241
  6.989307007224310E-236
  2.701613604891633E-225
 -6.721614648970384E-222
 -1.611580206948344E-216
 -8.305995808052429E-207
 -4.246025049167564E-203
  6.317562194770301E-198
 -6.064902074457553E-188
  9.193114719783341E-187
 -1.338811682871488E-181
 -4.048665373372845E-179
 -7.896825413969131E-177
  1.010793652988049E-173
 -6.792533348079687E-172
 -1.656084321055619E-170
  1.324867456844495E-168
  3.052494620569717E-166
  2.170662841294021E-165
 -1.389224218428173E-163
  2.369047624190739E-176
 -6.971416185769623E-177
  2.021587305976097E-174
 -1.617269844780878E-173
  0.000000000000000E+000
  6.469079379123512E-172
  3.105158101979286E-171
 -2.070105401319524E-171
  2.119787930951192E-168
  4.239575861902385E-168
 -3.768529846911506E-168
  0.000000000000000E+000
 -2.713328551617526E-166
 -1.356664275808763E-166
  0.000000000000000E+000
 -1.085331420647010E-165
  4.341325682588042E-165
  0.000000000000000E+000
  4.341325682588042E-165
 -3.159520725902257E-164
  0.000000000000000E+000
 -6.511988523882063E-165
 -4.341325682588042E-164
 -1.389224218428173E-163
  5.209590819105650E-164
 -6.946121092140867E-164
  5.209590819105650E-164
  2.083836327642260E-163
  8.682651365176084E-165
  0.000000000000000E+000
  6.946121092140867E-164
  4.341325682588042E-165
  0.000000000000000E+000
 -2.170662841294021E-165
  1.085331420647010E-165
  1.356664275808763E-166
  3.391660689521908E-167
 -2.713328551617526E-166
  3.391660689521908E-167
  2.944078025439110E-169
 -7.949204741066971E-169
  4.239575861902385E-168
  2.944158888931349E-169
  0.000000000000000E+000
  2.070105401319524E-171
 -5.175263503298809E-172
 -4.043174611952195E-173
 -6.064761917928292E-174
 -2.599782991755150E-175
 -3.948412706984565E-177
 -2.327982589689386E-178
 -1.542348713665846E-179
 -2.409919865102884E-181
 -4.518599747067908E-182
  7.060312104793606E-184
 -1.746691796758835E-185
 -7.182120874830735E-188
 -1.262482185028840E-190
  2.191809349008403E-192
 -1.198645737738970E-194
  1.387940795651989E-196
  2.327060939622651E-199
 -6.538479887920004E-203
 -6.644796634040871E-206
  4.036807241992060E-218
 -1.720387543594992E-221
  1.332796045080921E-223
 -2.149965352400777E-237
 -5.998787255582524E-240
 -4.998989379650967E-242
 -2.414247002478681E-255
 -1.788571998064756E-259
  3.726191662639837E-261
  5.650258396456917E-274
 -3.525770265360995E-278
 -5.332727526358505E-278
  1.283267551942911E-273
 -5.425208031288730E-263
  3.035364196999811E-259
 -1.041872456414507E-254
  7.160010830382429E-244
  4.799029804466019E-240
 -2.271476787049856E-235
  5.103047919372390E-225
  2.161290883913307E-222
 -9.669470175880736E-217
 -2.768665263935917E-206
 -9.568507153053665E-204
  1.459516291079119E-200
  2.403813124999679E-197
  3.390455086747373E-193
  4.208273950096134E-191
 -4.039942992092288E-189
  1.220960548721225E-187
 -1.838622943956668E-186
 -2.309310417609575E-183
  0.000000000000000E+000
 -9.639679460411536E-181
  6.169394854663383E-179
 -1.233878970932677E-178
  9.639679460411536E-181
  0.000000000000000E+000
  0.000000000000000E+000
 -1.480654765119212E-177
 -1.579365082793826E-176
 -9.476190496762957E-176
 -2.072916671166897E-176
 -3.158730165587652E-176
 -5.053968264940244E-175
  0.000000000000000E+000
 -8.086349223904390E-174
 -2.122666671286670E-173
 -3.234539689608825E-173
  8.044232822324138E-174
  3.032380958964146E-174
 -1.552579050989643E-171
  6.469079379123512E-173
  8.280421605278095E-171
  1.725087834031283E-172
 -1.617269844780878E-172
 -3.881447627474107E-172
  4.140210802639048E-171
 -2.156359797057704E-172
  5.175263503298809E-172
  2.070105401319524E-171
 -8.280421605278095E-171
  0.000000000000000E+000
  2.484126481583429E-170
  1.293815875824702E-172
  1.037748150375960E-171
  0.000000000000000E+000
 -1.035052700659762E-171
 -1.552579050989643E-171
 -2.587631751649405E-172
  0.000000000000000E+000
  0.000000000000000E+000
  1.293815875824702E-172
 -8.086349223904390E-174
 -1.617269844780878E-173
  2.021587305976097E-173
  8.142504426876771E-175
 -7.075555570916341E-174
  2.021587305976097E-174
 -6.317460331175305E-176
 -4.387125230033923E-177
  0.000000000000000E+000
  4.935515883730707E-177
  0.000000000000000E+000
  0.000000000000000E+000
 -9.639679460411536E-180
  8.033066217009500E-182
  1.412062420958721E-183
  1.176718684132268E-184
  5.515868831870005E-186
 -8.043975379810423E-187
 -8.977651093538419E-189
 -1.052068487524033E-190
  2.491798737774392E-205
  2.336061316663492E-207
 -1.581708183157573E-208
 -1.520873253036128E-210
  1.165903812141953E-211
  0.000000000000000E+000
  1.859055966706870E-218
 -1.798194015415871E-221
  8.645163535653227E-224
  7.678447687145630E-237
 -1.499696813895631E-240
  2.499494689823778E-242
  3.329995865487836E-255
  0.000000000000000E+000
 -1.806638381879484E-261
 -8.732627793246113E-274
 -7.051540530721991E-279
  1.713916101224276E-280
 -9.181693398843147E-282
  4.517393152493775E-279
  1.001431580011014E-273
  5.645744942564659E-263
 -3.455195905352369E-260
 -2.557436824694658E-254
 -9.763651131223703E-244
 -1.391906105396882E-240
 -9.085715187007246E-235
  9.474408912170642E-226
 -2.151685146660416E-222
 -4.028618543091090E-217
 -2.320668415887646E-215
  4.983597475548784E-206
 -1.306579651749478E-200
  1.463190597825892E-198
 -1.284263290434611E-195
  2.630171218810084E-192
 -1.402757983365378E-191
  0.000000000000000E+000
  2.872848349932294E-187
 -2.206347532748002E-185
 -4.706874736529071E-184
  2.140438817391019E-196
  6.024799662757210E-181
  1.369880843130252E-193
  1.095904674504202E-193
  0.000000000000000E+000
 -2.244412773384605E-190
 -8.977651093538419E-190
  4.488825546769209E-190
  0.000000000000000E+000
  1.739419899373069E-189
  1.838622943956668E-186
  1.752437493458699E-186
 -2.206347532748002E-185
  3.063623435669985E-187
 -2.941751822075201E-185
  4.086514557140019E-187
 -5.883593420661338E-185
 -7.354491775826673E-185
  1.882749894611628E-183
 -4.518599747067908E-182
  0.000000000000000E+000
  2.108679881965024E-181
  0.000000000000000E+000
  3.765499789223256E-183
  6.024799662757210E-182
  0.000000000000000E+000
 -3.012399831378605E-182
  0.000000000000000E+000
  5.271699704912559E-182
  0.000000000000000E+000
  7.530999578446513E-183
 -7.530999578446513E-183
 -2.409919865102884E-181
 -5.648249683834885E-183
 -3.765499789223256E-183
  1.882749894611628E-182
  3.765499789223256E-183
  5.883593420661338E-184
  5.883593420661338E-185
  9.413749473058141E-184
 -5.883593420661338E-185
 -8.115796588558731E-187
  1.149139339972918E-186
  0.000000000000000E+000
  2.298278679945835E-187
  0.000000000000000E+000
  4.488825546769209E-189
 -5.611031933461512E-191
  1.402757983365378E-190
  2.805515966730756E-191
  2.191809349008403E-192
 -3.424702107825630E-194
  1.284263290434611E-195
  1.337774260869387E-197
  5.016653478260200E-198
 -1.175778158967234E-199
  1.633025220787825E-201
  8.930606676183421E-203
  1.594751192175611E-204
 -5.840153291658731E-208
  6.387667662751737E-209
  6.237956701905993E-211
  2.320668415887646E-214
 -3.082137739850780E-216
  5.046009052490076E-219
 -6.138066110313791E-222
  6.003585788560711E-226
 -5.566874573180582E-238
 -8.998180883373786E-241
 -2.082912241525498E-243
 -1.421491985080120E-255
 -2.438961815542848E-259
  2.935787370559706E-261
 -4.621015540592735E-274
  1.057731079608299E-277
  3.917522517067946E-280
 -1.692974249421642E-293
  1.559395645348778E-292
 -8.416552281337606E-282
 -3.195229302983402E-279
  6.162482300608562E-274
  8.468617414586397E-263
 -3.770228473193320E-259
 -4.073209317716402E-254
  6.509100748693270E-245
 -2.671334949751593E-241
 -1.135690403226883E-235
  4.502689343582784E-226
  7.672582637892239E-223
 -6.445833932183046E-219
 -2.764858854866141E-216
  5.291123988223833E-213
  7.604366265180639E-211
  3.406756086800926E-208
  1.557374211108995E-206
  1.993438990219514E-205
  3.189502384351222E-204
 -8.165126103939127E-202
  5.225680706521041E-200
  1.672217826086733E-198
 -2.675548521738773E-196
  8.561755269564074E-196
 -3.344435652173467E-198
  3.418756444443819E-197
  6.421316452173056E-196
 -1.712351053912815E-195
  6.849404215651259E-195
  0.000000000000000E+000
 -5.479523372521008E-194
 -2.739761686260504E-194
 -8.767237396033612E-193
  1.753447479206722E-192
 -4.286204949262712E-192
  5.611031933461512E-191
  5.611031933461512E-191
 -2.805515966730756E-191
  0.000000000000000E+000
  5.386590656123051E-189
 -2.244412773384605E-190
  2.805515966730756E-191
  8.977651093538419E-190
  1.122206386692302E-189
  3.366619160076907E-190
  8.946478693839127E-190
 -2.244412773384605E-190
 -4.937708101446130E-189
 -7.182120874830735E-189
 -1.436424174966147E-188
 -8.977651093538419E-190
  2.872848349932294E-188
  1.122206386692302E-190
  5.386590656123051E-189
  4.208273950096134E-190
 -5.611031933461512E-190
  4.488825546769209E-190
 -1.795530218707684E-189
 -8.728271893592529E-191
  0.000000000000000E+000
  5.611031933461512E-191
  9.936202381082744E-192
  5.611031933461512E-191
  1.402757983365378E-190
  1.227413235444706E-191
  7.013789916826890E-192
 -8.767237396033612E-193
 -4.383618698016806E-193
 -6.849404215651259E-195
 -2.739761686260504E-194
  6.849404215651259E-195
  0.000000000000000E+000
 -1.070219408695509E-196
 -2.675548521738773E-197
 -1.358676983695471E-198
  1.306420176630260E-200
 -2.041281525984782E-202
 -3.827402861221466E-203
 -1.594751192175611E-204
 -9.967194951097568E-206
 -2.433397204857805E-207
  5.187098121391936E-222
 -1.296774530347984E-223
 -2.701613604891633E-225
  0.000000000000000E+000
  1.082112993292318E-229
 -5.032147476247760E-232
  1.592202912406518E-234
  1.785239087261359E-237
  1.499696813895631E-241
  1.041456120762749E-243
  9.490488216640332E-256
 -6.503898174780929E-260
  4.516595954643254E-262
  2.055665095516075E-274
  5.288655398041493E-279
  2.448451573131728E-281
 -1.670955798200840E-293
  1.796644457252917E-296
  2.038994353705833E-297
 -4.457513124922300E-293
  2.065881014859958E-281
  3.217265367141908E-278
 -3.286187124289185E-273
  2.117154356234526E-263
  1.097532816994282E-259
  1.136569213839317E-254
 -1.057728869616707E-244
  3.503198026209325E-241
  1.965682607909281E-236
 -4.690301400875855E-227
 -1.958669863546434E-224
 -2.360648355045470E-219
 -1.699708312417710E-216
  3.829102886214616E-214
  1.886239288433479E-211
 -1.520873253036128E-209
  4.866794409715609E-209
 -6.229496844435980E-207
  3.986877980439027E-205
  3.508452622786344E-203
 -4.082563051969564E-202
  1.306420176630260E-200
  1.045136141304208E-199
  1.901091566295160E-211
  2.851637349442740E-211
 -3.053628328361600E-210
  1.460038322914683E-208
 -1.168030658331746E-207
  1.168030658331746E-207
  0.000000000000000E+000
  3.114748422217990E-207
  7.973755960878054E-205
 -3.189502384351222E-204
  3.321587184630903E-206
 -1.416821188556408E-204
  3.061922288977173E-202
 -6.379004768702443E-203
  0.000000000000000E+000
  8.292706199313176E-203
  2.041281525984782E-201
 -7.838521059781562E-200
 -4.899075662363476E-201
 -1.045136141304208E-199
  1.959630264945391E-200
 -3.592655485733216E-200
  3.135408423912625E-199
 -5.225680706521041E-200
  5.225680706521041E-200
 -7.258011691439738E-201
  5.225680706521041E-200
 -6.270816847825250E-199
 -1.306420176630260E-200
  0.000000000000000E+000
  0.000000000000000E+000
  6.532100883151302E-201
  6.350349083218038E-202
 -3.919260529890781E-200
  3.266050441575651E-201
  4.082563051969564E-202
 -5.103203814961955E-203
  1.633025220787825E-201
 -7.654805722442932E-203
 -2.835199751323925E-204
 -6.379004768702443E-204
 -9.712661603469441E-204
 -3.986877980439027E-205
 -3.045510667373520E-206
  6.229496844435980E-207
 -2.433397204857805E-208
 -9.733588819431218E-209
  4.866794409715609E-209
  6.083493012144511E-210
  1.056368262912057E-211
 -5.940911144672374E-213
 -2.436701836682029E-214
  2.152963862395766E-216
  1.813022199912224E-217
 -5.665694374725699E-219
  3.541058984203562E-220
  8.299356994227098E-222
 -1.013105101834363E-224
  2.532762754585906E-226
  5.276589072053972E-228
  1.803521655487197E-230
  1.132233182155746E-233
  9.828413039546407E-236
  7.510481643989320E-238
  2.811931526054308E-242
  5.858190679279808E-244
  6.503898174780929E-260
 -3.251949087390465E-260
  7.904042920773575E-262
 -2.527272126210761E-275
  1.410308106144398E-278
  9.793806292607079E-281
 -7.241623957063671E-293
 -4.969442115805940E-297
 -1.858231560398727E-299
  1.078437959197905E-300
 -6.032616030004807E-298
  1.545022489690755E-292
 -1.262482842421099E-281
  9.420417427761409E-279
  2.464654446297950E-273
 -1.340864423396977E-262
 -1.158506862382853E-259
  3.789431232554361E-255
 -7.322738335460097E-245
  7.662513408497989E-241
  1.566883231158155E-237
 -4.619354128586811E-235
  1.090717965476702E-231
 -1.726227870252032E-229
  2.242550355622938E-227
  2.363911904280179E-225
 -2.161290883913307E-224
  1.537218141183339E-222
 -1.770529492101781E-220
  1.699708312417710E-218
  1.813022199912224E-217
 -1.740501311915735E-215
  3.713069465420234E-214
 -8.911366717008562E-213
  0.000000000000000E+000
  3.126404489883837E-210
 -9.733588819431218E-209
 -7.786871055544975E-208
  1.168030658331746E-207
  7.786871055544975E-208
  1.245899368887196E-206
  0.000000000000000E+000
  7.973755960878054E-205
 -6.379004768702443E-204
 -2.551601907480977E-203
  1.435276072958050E-203
 -3.827402861221466E-203
 -1.063375111345222E-203
  0.000000000000000E+000
 -1.633025220787825E-201
  1.306420176630260E-200
 -1.306420176630260E-200
  0.000000000000000E+000
 -9.798151324726953E-201
  5.225680706521041E-199
  6.532100883151302E-201
 -6.532100883151302E-201
  2.612840353260521E-200
  1.306420176630260E-200
  8.165126103939127E-202
 -7.654805722442932E-202
 -1.635118331727556E-201
  3.061922288977173E-202
  0.000000000000000E+000
 -1.633025220787825E-201
  1.224768915590869E-201
 -1.020640762992391E-202
 -1.633025220787825E-201
 -2.041281525984782E-202
 -2.245409678583260E-201
  1.633025220787825E-201
  1.786121335236684E-202
  0.000000000000000E+000
  6.379004768702443E-204
  0.000000000000000E+000
 -2.990158485329270E-205
  8.585025338738335E-206
 -3.760815380107737E-206
  4.049172948883387E-206
  2.336061316663492E-207
  9.733588819431218E-209
 -6.813512173601853E-208
 -6.083493012144511E-210
  0.000000000000000E+000
  0.000000000000000E+000
  7.219907655600453E-214
 -2.320668415887646E-215
 -5.439066599736671E-217
 -5.665694374725699E-219
  7.082117968407124E-220
 -1.659871398845420E-221
  1.080645441956653E-224
  8.442542515286355E-227
  4.204781916793009E-228
  4.005589391093217E-230
  4.025717980998208E-233
  7.862730431637126E-236
  2.457112632991689E-237
  1.171638135855962E-243
  3.559664476204027E-246
 -1.835660220850169E-255
 -3.074108121673799E-260
 -2.425906026253448E-264
 -4.621297602213964E-274
  3.112594062389004E-279
  3.060564466414660E-282
  1.460557264313180E-293
  3.568800077156309E-297
 -1.451743406946860E-301
  3.451001469433296E-299
 -4.587177337667021E-297
  6.413338752028713E-291
  1.897549968976672E-280
  9.695868229742737E-279
 -9.037254344173303E-273
  1.693723483035585E-261
  8.942859990323778E-260
  1.515501930857673E-253
 -6.183645708530674E-244
  1.332738379536156E-241
 -3.931365215818563E-236
 -9.183669144152163E-233
 -1.835727399335183E-230
  2.539358490925974E-227
  3.377017006114542E-226
 -1.350806802445817E-224
 -1.037419624278387E-222
  2.213161865127226E-221
  1.416423593681425E-219
 -4.532555499780559E-218
 -5.801671039719116E-216
 -9.282673663550585E-215
  2.227841679252140E-213
 -2.376364457868950E-212
  2.006661391304080E-197
 -4.280877634782037E-196
  6.849404215651259E-195
  0.000000000000000E+000
 -4.109642529390756E-194
 -6.575428047025209E-193
 -4.383618698016806E-193
 -4.109642529390756E-194
 -1.402757983365378E-191
 -3.506894958413445E-192
  6.234479926130719E-192
 -2.693295328061526E-189
  0.000000000000000E+000
 -8.728271896496252E-191
  3.366619160076907E-190
 -2.693295328061526E-189
 -8.977651093538419E-190
  1.077318131224610E-188
  5.745696699864588E-188
  1.149139339972918E-187
 -1.197020145526420E-189
 -4.309272524898441E-188
  2.872848349932294E-188
 -4.309272524898441E-188
  0.000000000000000E+000
  1.021457191086936E-187
  0.000000000000000E+000
  2.154636262449221E-188
 -2.140438817391019E-195
  7.182120874830735E-189
 -5.945200057495872E-188
 -1.436424174966147E-188
  1.576076525310005E-188
 -1.326385604263783E-189
 -2.244412773384605E-190
  5.745696699864588E-188
 -2.244412773384605E-190
  4.488825546769209E-190
  0.000000000000000E+000
 -1.402757983365378E-191
 -2.244412773384605E-190
 -1.948274976896374E-191
  0.000000000000000E+000
  7.013789916826890E-192
  0.000000000000000E+000
  0.000000000000000E+000
 -1.712351053912815E-195
 -4.109642529390756E-194
 -5.993228688694852E-195
  1.783699014492414E-197
  8.361089130433666E-199
  2.612840353260521E-200
  1.633025220787825E-201
 -1.020640762992391E-202
  0.000000000000000E+000
  6.540971686657779E-206
 -9.733588819431218E-209
 -8.299356994227098E-222
 -3.458065414261291E-223
 -3.208166155808815E-225
  1.055317814410794E-227
  2.473401127525299E-229
  5.730357938577137E-232
  3.931365215818563E-235
 -8.736483789348998E-237
 -9.373105086847693E-243
 -2.440912780759976E-245
 -9.471626911933467E-256
  3.863277407041504E-260
  1.984832221447371E-264
 -1.078293371795884E-273
 -1.663722843967220E-278
  4.208276140668803E-282
 -1.113399683398539E-292
  1.146794334416755E-297
 -7.931994146382558E-297
  3.028540105638071E-291
 -2.448451573195862E-280
  2.820616212288796E-278
 -1.971813816757153E-272
 -5.194085347336944E-261
 -6.503898174780929E-260
  4.546510995691560E-254
 -3.124368362646289E-243
 -7.498484069478155E-242
  4.542905583801668E-235
 -4.502689324712231E-226
  6.483872651739920E-224
 -7.302450527416906E-218
 -2.104556169658109E-213
  9.505457831475799E-212
  0.000000000000000E+000
 -1.095028742186012E-208
 -1.557374211108995E-207
  2.317372826130184E-204
 -5.103203814961955E-203
  1.633025220787825E-201
 -9.798151324726953E-201
  0.000000000000000E+000
  1.254163369565050E-198
  4.383618698016806E-193
 -4.383618698016806E-193
 -7.013789916826890E-192
  1.402757983365378E-190
 -1.122206386692302E-190
  2.154636262449221E-188
  3.591060437415368E-189
  0.000000000000000E+000
 -9.193114719783341E-187
 -7.354491775826673E-186
  3.677245887913336E-186
  7.354491775826673E-186
 -1.470898355165335E-185
 -1.470898355165335E-185
  3.677245887913336E-185
  5.648249683834885E-183
 -7.530999578446513E-183
  9.413749473058141E-184
 -1.882749894611628E-183
  9.413749473058141E-184
 -5.648249683834885E-182
 -7.530999578446513E-183
  1.317924926228140E-182
 -1.204959932551442E-181
  3.765499789223256E-183
 -4.182867197501420E-184
 -5.479096372990871E-184
  3.765499789223256E-183
  5.887902693186237E-185
  1.882749894611628E-183
 -1.506199915689303E-182
 -8.365734395002840E-184
 -9.413749473058141E-184
  0.000000000000000E+000
  0.000000000000000E+000
 -1.882749894611628E-183
 -9.413749473058141E-184
  2.353437368264535E-184
 -2.941796710330669E-185
 -1.470898355165335E-185
 -7.354491775826673E-186
  3.677245887913336E-186
 -1.149139339972918E-187
  1.599144101036531E-189
 -1.793776771228477E-189
  0.000000000000000E+000
  0.000000000000000E+000
  8.416547900192268E-191
 -8.767237396033612E-192
 -2.739761686260504E-194
 -3.819345514782099E-195
 -1.070219408695509E-196
  2.508326739130100E-198
  1.567704211956312E-199
  8.165126103939127E-202
  9.249556914618543E-203
  2.292454838752441E-204
 -1.168030658331746E-207
 -1.825047903643353E-209
  3.326910241016530E-211
  9.862840767522497E-214
  2.175626639894668E-216
  2.014530587732058E-218
  1.418347142568108E-224
  1.876120541479789E-227
  7.645454357239927E-237
 -1.171638135855962E-241
 -2.440912780759976E-245
 -4.735878494948481E-255
 -7.215262037647593E-260
  2.117154351798080E-263
  1.643178180630961E-273
  7.822802776269708E-279
 -1.338996952828861E-282
 -1.670140618561459E-292
  4.008343600783952E-291
 -2.111789481856848E-280
  6.170097964381742E-279
 -4.929263762736504E-272
  1.129148988677246E-261
  1.625974543695232E-259
 -3.220418189039127E-254
 -5.207280603864895E-243
 -7.498484069478155E-241
 -1.188148598019501E-234
 -1.320788873782140E-224
 -1.556129436417581E-222
 -2.095067548004037E-216
 -2.436701836682029E-214
 -2.005057511326926E-211
 -2.098805089189856E-208
 -6.229496844435980E-207
 -4.983597475548784E-206
  1.133768425687348E-203
  1.633025220787825E-201
  0.000000000000000E+000
 -1.672217826086733E-198
  2.006661391304080E-197
 -2.140438817391019E-196
 -6.849404215651259E-195
  0.000000000000000E+000
 -2.467757941865353E-178
  3.948412706984565E-177
  1.381944447444598E-176
  0.000000000000000E+000
  1.263492066235061E-175
  1.272266316695043E-175
  7.896825414658614E-177
  7.075555570916341E-174
  2.021587305976097E-174
  3.234539689561756E-173
 -2.070105401319524E-171
  6.612836698658675E-172
 -1.035052700659762E-171
 -6.469079379205882E-173
 -2.120420462989796E-172
  5.175263503298809E-172
 -5.175263503298809E-171
 -1.324867456844495E-169
  0.000000000000000E+000
  3.312168642111238E-170
  1.656084321055619E-170
 -1.656084321055619E-170
 -4.600234225690035E-171
 -2.649734913688990E-169
  1.324867456844495E-169
 -2.318518049477867E-169
  6.624337284222476E-170
  2.070105401319524E-171
  0.000000000000000E+000
  5.299469827377981E-169
  6.624337284222476E-170
  1.656084321055619E-170
  0.000000000000000E+000
  5.750292781434754E-172
  2.070105401319524E-171
 -9.703619068685268E-173
 -2.594370375996383E-172
 -6.772317475066995E-173
  2.920070553181182E-174
  9.703619068685268E-173
  4.043174611952195E-174
  1.516190479482073E-174
 -2.526984132470122E-174
 -2.526984132470122E-175
 -5.053968264940244E-175
  0.000000000000000E+000
 -7.896825413969131E-177
 -7.403273825596060E-178
 -1.542348713665846E-179
  2.409919865102884E-181
 -7.530999578446513E-183
  2.353437368264535E-184
 -1.838622943956668E-186
 -1.149139339972918E-187
 -1.436424174966147E-188
  1.613171680870185E-190
 -6.229496844435980E-205
  1.012293237220847E-206
  0.000000000000000E+000
 -5.893383855514995E-210
 -6.683525037756421E-213
  2.465710191880624E-215
  9.315198290320495E-218
  3.077137895971571E-222
 -1.500896458344569E-226
 -2.446182842612017E-235
  1.581711483405548E-242
 -3.661369174549880E-245
  3.031336861301896E-254
  1.585325180102852E-259
 -4.234308703596160E-263
 -2.875448991455690E-273
 -8.704245342609957E-279
  1.530282233006913E-282
 -3.519649136998151E-281
  1.256055657034855E-278
  5.258009402894975E-272
  1.354978787043655E-261
  3.414546541759988E-259
  4.546568229995498E-253
  1.353892957037608E-242
 -1.499696813895631E-241
 -1.048290472427948E-234
  1.921147452591035E-224
 -5.532904662818065E-222
 -4.834718489226379E-216
  1.384332630807624E-206
  3.588190182395124E-204
  2.787369923732220E-199
  1.902612282126085E-195
 -3.835666360764705E-193
 -9.994650631478318E-191
  0.000000000000000E+000
  1.436424174966147E-188
  2.298278679945835E-185
  3.530156052396803E-184
  1.882749894611628E-183
  3.012399831378605E-182
 -2.409919865102884E-181
  4.738095248381478E-176
  5.053968264940244E-175
 -8.086349223904390E-174
  1.617269844780878E-173
  0.000000000000000E+000
  8.280421605278095E-171
 -4.140210802639048E-171
 -8.279410811625107E-171
  0.000000000000000E+000
  3.207304865375646E-168
 -1.060411491825926E-168
 -2.103227087740636E-168
 -9.421179062992735E-168
  5.087491034282862E-167
 -4.241645967303704E-168
  1.145629450776646E-165
  0.000000000000000E+000
  6.180506686179570E-166
 -3.255994261941031E-165
  2.170662841294021E-165
 -4.341325682588042E-165
  6.511988523882063E-165
  1.899329986132268E-165
  3.473060546070434E-164
 -1.736530273035217E-164
 -1.085331420647010E-165
 -3.473060546070434E-164
  1.736530273035217E-164
 -1.085331420647010E-165
 -4.341325682588042E-165
 -6.511988523882063E-165
 -2.170662841294021E-165
  5.426657103235052E-166
  0.000000000000000E+000
  8.139985654852579E-166
  2.713328551617526E-166
  5.426657103235052E-166
  1.017498206856572E-166
  0.000000000000000E+000
 -1.271872758570715E-167
  0.000000000000000E+000
  1.059893965475596E-168
 -1.324867456844495E-169
  8.280421605278095E-171
  0.000000000000000E+000
 -3.881447627474107E-172
  0.000000000000000E+000
 -8.086349223904390E-174
 -1.516190479482073E-174
 -1.776785718143054E-176
 -2.467757941865353E-178
  5.783807676246922E-179
 -4.819839730205768E-181
 -4.518599747067908E-182
  1.647406157785175E-183
 -4.136901623902503E-186
  5.745696699864588E-188
  8.767237396033612E-191
  8.767237396033612E-193
 -2.568526580869222E-195
 -4.013322782608160E-197
  3.483797769355309E-199
  6.603266655102138E-205
  6.921663154038121E-208
  5.842747323935877E-217
  7.975163361640102E-222
  1.801075737433114E-225
  2.096720116720226E-235
  2.202679695409208E-241
  3.254550374346635E-245
 -1.799446515812989E-254
  1.595487521000947E-259
 -6.351463061309501E-263
 -1.334997653276287E-273
 -7.712622455477177E-280
  3.525770265360995E-279
 -2.103209402390415E-271
 -1.411436227433740E-262
 -5.812858993710456E-259
 -1.060936682744424E-253
 -1.145601732861189E-242
 -2.999393627791262E-241
 -1.258036869061940E-234
 -6.964159514384464E-224
  4.841291579965807E-222
  2.175670903131971E-216
 -1.439705937432330E-205
  2.272520448850245E-203
 -6.503012621406019E-198
  3.023369829564814E-195
  0.000000000000000E+000
  0.000000000000000E+000
 -8.618545049796882E-188
  1.838622943956668E-186
  7.354491775826673E-184
 -1.506199915689303E-182
  6.024799662757210E-181
 -1.927935892082307E-180
  0.000000000000000E+000
  1.604042662212480E-177
  0.000000000000000E+000
  3.556413999176124E-161
 -1.707078719604540E-159
 -6.828314878418158E-159
  3.641767935156351E-158
 -8.193977854101790E-158
  1.456707174062540E-157
 -2.913414348125081E-157
 -5.826828696250162E-157
  1.165365739250032E-156
  3.729170365600103E-155
 -8.950008877440248E-154
 -7.458340731200207E-155
  2.386669033984066E-153
 -1.491668146240041E-154
  0.000000000000000E+000
 -2.983336292480083E-154
  0.000000000000000E+000
  3.818670454374506E-152
  1.591112689323868E-152
  7.637340908749012E-152
 -3.818670454374506E-152
 -9.281490687715330E-153
  3.818670454374506E-152
 -7.697007634598613E-152
  1.527468181749802E-151
 -9.546676135936265E-153
  0.000000000000000E+000
 -1.193334516983350E-153
 -1.909335227187253E-152
 -1.527468181749802E-151
 -7.637340908749012E-152
  0.000000000000000E+000
  1.909335227187253E-152
  7.955563446606318E-154
 -8.950008877440248E-154
 -2.983336292480083E-154
  1.035880657068932E-155
 -7.458340731200207E-155
  2.330731478500065E-156
 -1.165365739250032E-155
  0.000000000000000E+000
 -1.820883967578175E-157
  2.953878436292896E-157
  4.370121522187621E-157
  0.000000000000000E+000
 -1.707078719604540E-159
  3.414157439209079E-159
 -1.817722710690030E-160
  6.668276248455232E-162
  3.473060546070434E-164
  1.085331420647010E-165
  3.391660689521908E-167
 -1.921057812424518E-168
  0.000000000000000E+000
  1.293815875824702E-171
  4.295873025199207E-174
  7.182120874830735E-189
  5.611031933461512E-190
 -3.506894958413445E-191
 -1.232892758817227E-193
 -1.334429825217213E-195
 -3.249720189367773E-199
 -8.509492689499548E-204
 -1.989978132854067E-207
  3.222806307998267E-217
 -3.371613778904759E-222
  9.005378699745936E-226
 -3.145284133847029E-235
  3.332138858374355E-240
 -8.787286016191780E-244
 -2.462740067269848E-254
 -2.896267155957133E-260
  5.116456354799991E-263
 -6.416901882957011E-275
 -8.215665253857823E-272
  9.464417489334198E-271
  4.959222358270459E-259
  8.486910712678935E-253
 -1.223710942281977E-242
  5.361416109676881E-240
 -1.223099932085427E-234
 -7.684589809357710E-224
  0.000000000000000E+000
 -3.867544622547130E-216
  1.240362038317552E-204
 -1.913701430610733E-203
 -5.946048957041071E-198
 -1.276821498371859E-187
  4.412695065496004E-185
  2.056433572389551E-179
  2.763888894889196E-176
  2.526984132470122E-175
 -7.762895254948214E-172
  0.000000000000000E+000
  1.324867456844495E-169
 -5.087491034282862E-167
 -3.561243723998003E-166
 -8.682651365176084E-165
 -3.087164929840276E-164
  0.000000000000000E+000
  6.486899134497250E-158
 -2.330731478500065E-156
 -1.864585182800052E-155
 -2.983336292480083E-154
  1.193334516992033E-153
  9.546676135936265E-153
  9.546676135936265E-153
  1.527468181749802E-151
  6.109872726999209E-151
  4.887898181599367E-150
  1.955159272639747E-149
 -7.820637090558988E-149
  4.887898181599367E-150
 -1.527468181749802E-151
  6.256509672447190E-148
 -6.256509672447190E-148
 -6.256509672447190E-148
 -1.593454807201394E-147
 -1.001041547591550E-146
 -5.005207737957752E-147
 -1.534800029022201E-147
  3.910318545279494E-148
 -1.032324095953786E-146
  1.001041547591550E-146
  2.002083095183101E-146
 -4.004166190366202E-146
  0.000000000000000E+000
  6.256509672447190E-148
  5.005207737957752E-147
  1.251301934489438E-147
  9.971312290462710E-148
  2.346191127167696E-148
  1.251301934489438E-147
  3.128254836223595E-148
  1.173095563583848E-148
 -3.910318545279494E-149
 -3.910318545279494E-149
 -1.368611490847823E-148
 -3.665923636199526E-150
  1.205267862161953E-150
  6.109872726999209E-151
  1.909335227187253E-152
 -4.176670809472116E-153
  0.000000000000000E+000
  0.000000000000000E+000
  1.398438887100039E-155
  1.398438887100039E-155
 -7.283535870312702E-158
 -1.138052479736360E-159
  0.000000000000000E+000
 -1.778206999588062E-161
  6.946121092140867E-164
 -1.519463988905815E-164
 -2.034996413713145E-166
  3.312168642111238E-169
  6.469079379123512E-171
  1.010793652988049E-174
 -1.895238099352591E-175
 -8.945622539261906E-178
  1.284035428125130E-180
 -2.351139089584589E-184
 -1.276821489007439E-188
 -1.393787025942409E-198
  7.375724263812200E-203
 -2.491798737774392E-206
  4.190090832770772E-216
  4.457662448071195E-222
 -3.452061827773733E-225
 -9.609577280462757E-236
 -4.030435187344508E-241
 -6.671828273548450E-244
  2.840902722744310E-255
 -2.159497440845230E-260
  3.352161060340961E-263
  5.645744944043475E-263
 -3.373897178167607E-259
 -6.971387969347103E-253
 -1.562184184051077E-243
  2.924408787096480E-240
  2.236511055894517E-234
 -5.043012059780570E-224
 -6.916130828522582E-222
 -2.707506978293234E-215
 -4.872850864155906E-205
  9.887457391488787E-203
 -1.189087314516655E-197
  3.064371572119546E-186
  2.941796710330669E-185
  9.596752762814391E-179
 -2.763888894889196E-176
  1.819428575378488E-173
  8.797947955607976E-171
  4.968252963166857E-169
  1.271872758570715E-167
  5.426657103235052E-165
  3.473060546070434E-164
 -3.889827811598886E-162
 -5.334620998764186E-161
 -2.133848399505674E-160
  3.203332952292961E-145
  0.000000000000000E+000
  1.312085177259197E-141
  0.000000000000000E+000
 -2.915744838354302E-141
  0.000000000000000E+000
  1.049668141807358E-139
  8.397345134458861E-140
  1.854413717194271E-139
  1.175628318824241E-138
  0.000000000000000E+000
 -1.504804248095028E-136
  3.439552567074349E-136
 -2.751642053659480E-135
  8.598881417685874E-137
 -2.063731540244610E-135
  1.719776283537175E-136
  0.000000000000000E+000
  2.201313642927584E-134
 -1.100656821463792E-134
  0.000000000000000E+000
  2.751642053659480E-135
  1.100656821463792E-134
  4.402627285855167E-134
 -2.201313642927584E-134
  1.761050914342067E-133
 -1.100656821463792E-134
 -4.952955696587063E-134
  0.000000000000000E+000
 -2.201313642927584E-134
 -4.402627285855167E-134
 -1.650985232195688E-134
  1.100656821463792E-134
  0.000000000000000E+000
 -1.375821026829740E-135
  6.879105134148699E-136
  1.719776283537175E-136
  0.000000000000000E+000
 -2.149720354421468E-137
 -1.343575221513418E-138
 -2.687150443026836E-138
 -1.343575221513418E-138
  2.687150443026836E-138
  1.679469026891772E-139
 -1.049668141807358E-139
  3.149004425422073E-140
 -6.560425886295985E-142
  7.699388713777761E-142
 -5.125332723668738E-144
  6.406665904585923E-144
  4.004166190366202E-146
  0.000000000000000E+000
  9.775796363198735E-150
 -6.109872726999209E-151
 -1.282834605766436E-152
 -3.729170365600103E-155
  5.462651902734526E-157
  4.140210802639048E-171
  2.587631751649405E-172
 -1.086603176962152E-173
 -2.720028353344323E-176
  1.022333192774114E-180
 -2.484439253021448E-184
  9.576161023745059E-189
 -1.337815086499906E-197
  3.109764824742441E-203
 -1.160334207943823E-215
  2.900835519859558E-216
  7.348389005305243E-222
  4.202510051913870E-225
  1.659840438470662E-235
 -1.466890946091664E-240
 -8.136375943432338E-245
  1.154409406532741E-255
  1.377076584980166E-260
 -1.951169452434279E-259
 -3.713018233678494E-253
  4.946916573917164E-243
  2.474499742927791E-240
  4.333235971644547E-234
  2.881721179892982E-224
 -1.486968128132355E-221
 -3.222363675625241E-216
 -1.107466105673403E-205
  1.499066120645074E-202
 -2.972759111922157E-197
  3.243126581035431E-186
  2.316664909385402E-184
  3.427452045645739E-178
  2.885266905797544E-168
 -2.713328551617526E-166
  1.264519638195832E-160
  7.283535870312702E-158
  2.709475343756325E-155
 -4.176670809472116E-153
 -1.527468181749802E-151
  0.000000000000000E+000
 -7.820637090558988E-149
  4.449073544851284E-147
  0.000000000000000E+000
  7.872511063555182E-141
  2.099336283614715E-140
 -1.343575221513418E-138
 -1.074860177210734E-137
 -8.598881417685874E-137
 -8.168937346801580E-136
 -2.751642053659480E-135
  0.000000000000000E+000
  0.000000000000000E+000
 -3.913431547702132E-134
 -5.635362925894614E-132
 -2.254145170357846E-131
 -4.508290340715691E-131
  5.635362925894614E-132
  9.016580681431383E-131
  0.000000000000000E+000
  3.606632272572553E-130
  1.442652909029021E-129
  0.000000000000000E+000
 -5.770611636116085E-129
 -3.245969045315298E-129
 -3.606632272572553E-130
  9.016580681431383E-131
 -1.026692683061425E-130
 -2.885305818058042E-129
 -1.384946792667860E-127
  1.846595723557147E-127
  1.474712840924619E-128
  0.000000000000000E+000
  1.407585982697185E-129
  0.000000000000000E+000
  3.606632272572553E-130
  1.803316136286277E-130
  7.213264545145106E-130
  3.757642388477385E-131
  4.508290340715691E-131
 -3.099449609242038E-131
 -1.150599124737711E-131
  2.254145170357846E-131
 -2.817681462947307E-132
  1.467184141892652E-134
  3.522101828684134E-133
 -6.879105134148699E-135
  2.751642053659480E-135
 -6.879105134148699E-136
 -4.299440708842937E-137
  4.702513275296962E-138
 -1.343575221513418E-138
  2.099336283614715E-140
  1.312085177259197E-141
  1.140386531016294E-142
 -6.406665904585923E-145
 -8.008332380732404E-146
 -2.971842094412415E-147
  4.887898181599367E-150
  0.000000000000000E+000
  0.000000000000000E+000
  2.913414348125081E-157
 -1.849335279571584E-158
 -1.778206999588062E-161
 -2.170397867802652E-165
  9.936505926333714E-170
  6.855092366280938E-180
  2.500527203781069E-184
 -2.042914380271463E-187
  8.919583755943103E-198
  4.535073702749393E-203
 -1.384332630807624E-207
 -7.654884259102050E-217
  9.839276749015329E-222
 -1.838598148891728E-225
 -8.734234244128155E-237
 -6.665156445350602E-241
 -1.566252369188780E-244
 -5.919848118685602E-256
 -2.225894111337025E-254
 -4.686552543492045E-243
 -2.249545220843446E-241
 -2.026841443737396E-234
 -3.001792893541259E-224
  1.435097146918436E-221
 -3.706638902304920E-215
 -1.591982527169269E-205
 -2.810748976209514E-203
  1.902609106798532E-196
 -6.128743144239093E-186
  7.060312104793606E-184
  4.387127321927178E-178
  1.837149541210610E-167
  7.800819585900388E-166
 -1.928364772297417E-159
 -1.165365739250032E-156
 -1.211980368820034E-154
 -4.534671164569726E-152
 -1.832961818099763E-150
 -2.346191127167696E-148
  2.127213288632045E-146
  3.203332952292961E-145
 -5.125332723668738E-144
 -2.050133089467495E-143
  4.616489308892868E-128
  7.386382894228589E-127
 -2.836371031383778E-124
 -5.672742062767556E-124
 -3.781828041845037E-124
 -4.543446189160975E-123
  1.176568724112446E-123
  0.000000000000000E+000
  0.000000000000000E+000
  3.872591914849318E-121
  1.394133089345755E-119
 -2.478458825503564E-119
  1.363152354026960E-118
  3.965534120805702E-118
 -3.965534120805702E-118
  3.056765884768493E-118
  1.982767060402851E-118
 -3.172427296644562E-117
 -3.965534120805702E-117
 -2.379320472483421E-117
 -6.344854593289123E-116
 -2.026828550627614E-117
 -1.268970918657825E-116
 -5.075883674631298E-116
 -1.268970918657825E-116
  2.502692645163538E-116
 -1.288798589261853E-117
  2.537941837315649E-116
  1.268970918657825E-116
 -2.537941837315649E-116
  1.286595514750615E-116
 -4.758640944966842E-117
  1.903456377986737E-116
 -3.172427296644562E-117
  7.931068241611404E-118
 -9.913835302014255E-119
  4.337302944631236E-119
  0.000000000000000E+000
 -9.294220595683447E-120
 -1.936295957424659E-120
  0.000000000000000E+000
  3.872591914849318E-121
 -1.549036765939727E-120
 -7.261109840342472E-122
  1.243801222651318E-122
 -9.076387300428090E-123
  3.361624926084143E-124
  4.727285052306297E-125
 -1.477276578845718E-126
  0.000000000000000E+000
  2.596775236252238E-128
 -2.028730653322061E-130
  0.000000000000000E+000
 -1.565378590526289E-133
  8.596082302635840E-137
 -1.074860177210734E-137
  1.784435841072508E-139
  2.088335404736058E-153
 -5.185877539662644E-155
 -9.104419837890877E-158
  3.477380165124609E-160
 -5.426657103235052E-166
  1.884255938595863E-168
  8.654624715550733E-179
  2.077643926671035E-184
  3.575100169755939E-187
  7.431999843881693E-198
 -9.568507153053665E-203
  8.029129266226392E-206
  2.820453480918137E-217
  2.463871607661170E-222
 -1.463374036035386E-225
 -1.419553016161048E-236
 -9.168068413072900E-242
 -2.796879227954140E-246
  9.893833147288742E-243
  9.332097752092735E-241
 -3.319824847835458E-235
 -1.921147452087820E-224
 -1.383226165704516E-222
  1.128102825121043E-215
  8.859728841810131E-206
 -4.752358552683320E-202
 -2.853972857362051E-196
  0.000000000000000E+000
 -4.706874736529071E-184
  2.083884065852988E-177
  1.507404747915381E-167
 -2.713328551617526E-166
  6.322012112012010E-160
  2.172399189798737E-150
  4.692382254335393E-148
 -8.893092942155720E-141
 -5.983108408301938E-139
  1.397318230373954E-136
 -1.513403129512714E-134
  1.144683094322343E-132
 -2.254145170357846E-131
  1.081989681771766E-129
  0.000000000000000E+000
  7.563656083690075E-124
  2.555097570771553E-122
 -6.777035850986307E-121
  0.000000000000000E+000
  4.956917651007127E-119
  0.000000000000000E+000
  1.189660236241711E-117
 -7.931068241611404E-117
 -2.537941837315649E-115
 -2.030353469852519E-115
  4.872848327646047E-114
 -3.248565551764031E-114
 -3.248565551764031E-113
 -3.248565551764031E-114
 -5.197704882822450E-113
  0.000000000000000E+000
  6.497131103528062E-113
  0.000000000000000E+000
 -2.656590618210156E-112
  6.653062250012735E-111
  3.003907958646802E-112
 -2.079081953128980E-112
 -3.248565551764031E-113
 -8.316327812515919E-112
  1.848129245933256E-112
  1.330612450002547E-110
  2.661224900005094E-110
 -3.326531125006368E-111
 -1.040556153299416E-112
 -4.158163906257960E-112
 -2.494898343754776E-111
 -5.773817679893102E-113
  1.039540976564490E-112
 -2.598852441411225E-112
 -1.039540976564490E-112
 -2.598852441411225E-113
  0.000000000000000E+000
 -6.497131103528062E-114
 -6.497131103528062E-114
 -5.075883674631298E-115
  4.060706939705039E-115
  2.537941837315649E-115
  7.931068241611404E-118
 -1.586213648322281E-117
  3.965534120805702E-118
  2.478458825503564E-119
  0.000000000000000E+000
 -1.161777574454795E-120
  4.840739893561648E-122
  1.134548412553511E-123
  1.477276578845718E-125
 -3.693191447114294E-127
 -2.885305818058042E-129
 -1.352487102214707E-130
 -3.522101828684134E-133
 -1.375821026829740E-134
 -5.132457346181256E-136
  1.867261217886995E-139
  1.811484784521670E-142
 -1.557284360657558E-146
  1.357749494888752E-151
 -3.163958157470165E-161
  2.543745517141431E-166
  4.710639846613044E-168
 -1.062501661775653E-178
 -1.277842946049884E-183
  3.830464466353430E-188
 -3.344435652173467E-198
  3.971927188012381E-203
 -1.384332632097986E-207
 -3.423872063445075E-217
 -4.456987044669972E-222
  3.283210986903283E-227
  4.368185656043978E-237
  7.810920904978963E-243
 -2.416178200708345E-241
 -2.074860535960883E-236
  2.964270483151976E-224
  7.683389092311806E-222
  5.801671039719116E-216
  1.107466105806434E-205
 -2.424021812106928E-202
 -3.567343594811005E-197
 -1.532185789484475E-187
  9.413749473058141E-184
  3.400027910680826E-177
 -2.261107127400849E-167
 -4.341325682588042E-165
  8.092856223242403E-159
  1.737919352567343E-148
 -1.501562321387326E-146
  4.082087264430728E-141
 -1.074860177210734E-137
  1.203843398476022E-135
  9.685780028881368E-133
  5.635362925894614E-132
 -1.081989681771766E-129
  6.924733963339302E-128
 -2.585234012980006E-126
 -7.090927578459445E-125
  0.000000000000000E+000
 -6.386939760012226E-109
  2.725094297605216E-107
  6.540226314252520E-106
  4.360150876168346E-106
  3.488120700934677E-105
  6.976241401869354E-105
 -1.395248280373871E-104
  8.929588994392773E-103
  2.232397248598193E-103
  8.929588994392773E-103
 -1.071550679327133E-101
 -1.428734239102844E-101
  2.000227934743981E-100
 -2.285974782564550E-100
  2.857468478205687E-101
  0.000000000000000E+000
 -1.828779826051640E-099
  5.714936956411375E-100
  0.000000000000000E+000
  1.828779826051640E-098
 -1.828779826051640E-099
 -7.315119304206560E-099
 -4.389071582523936E-098
  5.486339478154920E-099
  0.000000000000000E+000
  3.657559652103280E-099
 -6.400729391180740E-099
  0.000000000000000E+000
  3.657559652103280E-099
 -7.315119304206560E-099
  1.371584869538730E-099
 -4.571949565129100E-099
 -2.285974782564550E-100
  4.571949565129100E-100
  8.572405434617062E-101
 -3.571835597809086E-102
  4.286202717308531E-101
  0.000000000000000E+000
  4.464794497196387E-103
  1.785917798878555E-102
 -2.232397248598193E-103
  2.232397248598193E-103
  1.395248280373871E-104
 -1.744060350467339E-105
  1.744060350467339E-105
 -2.180075438084173E-106
  2.725094297605216E-107
 -8.515919680016301E-109
 -1.862857430003566E-109
  1.871173757816082E-111
  2.598852441411225E-113
 -1.827318122867267E-114
 -7.137961417450263E-117
 -2.168651472315618E-119
  9.136896549097610E-121
 -1.849550276714839E-123
  1.531675752525296E-136
  2.519203540337658E-139
  1.166253444606060E-141
  1.251301934489438E-147
  5.648237898484146E-149
 -3.162221627197130E-161
 -6.514108311813014E-165
  1.207101460666830E-168
 -1.032516810446266E-178
  5.268803873775827E-185
  1.356622831719238E-187
  2.694134390032865E-198
  7.158314823941384E-203
  4.542341449188770E-207
 -9.316858161719340E-218
 -8.789249594446590E-223
  1.876120726253954E-227
 -1.330930932438553E-237
 -2.962174485529760E-236
 -1.500896223445497E-226
  5.071829274357246E-222
 -1.792904558558217E-216
  1.785789095424320E-205
  8.571787657943908E-204
 -3.604313754848497E-197
 -6.894836039837506E-187
 -3.640473429034203E-184
 -1.370973287258717E-177
 -1.507404749494746E-167
 -2.170662841294021E-165
  5.058026456875137E-158
  2.519983063808303E-148
  1.751822708285213E-146
  1.049668141807358E-140
 -1.803316136286277E-130
  2.452509945349336E-127
  1.347276239907295E-123
 -1.316681251048768E-119
  2.974150590604276E-118
 -1.015176734926260E-115
  1.015176734926260E-113
  1.039540976564490E-112
 -3.326531125006368E-111
  4.087641446407825E-106
 -1.395248280373871E-104
 -2.790496560747742E-104
 -8.929588994392773E-103
 -7.143671195514219E-102
  0.000000000000000E+000
  0.000000000000000E+000
  3.657559652103280E-099
  2.926047721682624E-098
  5.852095443365248E-098
  9.363352709384397E-097
  0.000000000000000E+000
  4.330550628090283E-096
 -7.490682167507517E-096
  7.490682167507517E-096
  0.000000000000000E+000
  7.490682167507517E-096
  7.191054880807217E-094
  2.996272867003007E-095
  7.191054880807217E-094
 -1.331351713365594E-095
  9.588073174409622E-094
  8.322776988361014E-096
 -4.794036587204811E-094
 -3.835229269763849E-093
  6.232247563366254E-093
 -4.794036587204811E-093
  2.397018293602406E-093
  0.000000000000000E+000
  2.397018293602406E-094
  7.191054880807217E-094
 -9.588073174409622E-094
  0.000000000000000E+000
  1.198509146801203E-094
  0.000000000000000E+000
  1.498136433501503E-095
  3.745341083753759E-096
  1.123602325126128E-095
  3.745341083753759E-096
  0.000000000000000E+000
 -4.681676354692198E-097
 -8.778143165047872E-098
 -3.657559652103280E-099
 -4.571949565129100E-100
 -1.500170951057986E-100
  0.000000000000000E+000
  7.813390370093677E-103
  2.232397248598193E-103
  1.046436210280403E-104
  3.815132016647303E-106
 -1.703183936003260E-108
  2.661224900005094E-110
 -3.326531125006368E-111
  3.898278662116837E-113
 -1.268970918657825E-115
  1.685352001342423E-117
 -7.745183829698637E-121
  4.210238249710296E-125
  9.088713326882834E-128
  1.753224017657282E-131
 -5.248981375627247E-141
 -4.004166190368023E-146
  8.689596767161314E-150
  2.291872654351879E-160
 -7.292070482472102E-166
 -1.177659962393588E-169
  5.141201602842291E-180
  1.130753110533351E-184
 -1.596026861050271E-188
  2.032350919308598E-200
  9.657104441796660E-204
 -5.407549112464507E-208
  7.680163485739338E-218
 -1.013105097808645E-224
 -3.494546858504595E-236
 -6.262227970441607E-233
 -7.780647190139340E-223
  4.028938222026248E-218
 -8.305995709424021E-207
 -4.536181168789061E-203
 -1.337733435238867E-197
  5.234968105866942E-187
  2.096030156110602E-184
  9.595999662856547E-179
 -2.355319940827604E-169
 -3.662993544683660E-165
  6.069624802129072E-159
  8.342012897203215E-148
 -1.301354011869016E-145
  4.665334111719469E-141
  1.025886513139554E-128
 -1.846595723557147E-127
  1.102617079301761E-121
  7.667731991401650E-119
  4.282776850470158E-116
  2.436424163823023E-114
  3.638393417975715E-112
  9.979593375019103E-111
  3.492857681256686E-110
 -1.192228755202282E-107
  4.794036587204811E-093
 -1.840910049486647E-091
 -7.854549544476362E-090
  9.425459453371635E-089
 -1.256727927116218E-088
 -1.885091890674327E-087
 -4.021529366771898E-087
  1.608611746708759E-086
 -2.252056445392263E-085
 -2.573778794734014E-085
  5.326292228002668E-085
  1.029511517893606E-084
  6.177069107361635E-084
 -1.647218428629769E-083
  1.976662114355723E-082
  0.000000000000000E+000
 -2.635549485807631E-082
  3.953324228711446E-082
  0.000000000000000E+000
  1.054219794323052E-081
  0.000000000000000E+000
 -2.108439588646105E-081
  2.108439588646105E-081
 -4.216879177292209E-081
  1.317774742903815E-081
 -8.170203406007491E-081
  2.108439588646105E-081
  4.392582476320483E-082
  0.000000000000000E+000
 -6.881712546276013E-082
  2.635549485807631E-081
 -2.781968901702878E-082
  5.271098971615262E-082
  5.490728095304723E-083
 -2.635549485807631E-082
 -3.294436857259539E-083
  1.647218428629769E-083
  8.236092143148846E-084
  1.647218428629769E-083
  2.573778794734014E-085
 -1.286889397367007E-085
 -1.608611746732167E-086
 -3.217223493417518E-086
 -6.032294050157846E-087
 -5.026911708464872E-088
 -7.540367562697308E-088
  1.309091590746066E-088
  3.927274772238181E-090
  4.142047611344957E-091
  8.629265856968660E-093
 -5.992545734006014E-095
 -1.217235852219972E-095
 -9.509655095468528E-098
  1.085838021718161E-099
  2.232397248598193E-103
 -9.301087474513804E-105
  7.093827624076079E-109
  3.872591914849318E-121
 -5.378764023577258E-123
 -4.111560790732710E-128
  3.556540157669881E-130
  1.858733945567991E-141
 -1.751822708285213E-146
 -2.606879030148394E-149
  7.901212742310236E-162
  3.921607672259706E-166
 -1.840093690198897E-169
  1.413819960630849E-179
 -2.485971438751000E-185
  1.596026706579150E-189
  2.264505938134355E-199
  4.454090441956808E-205
 -1.321491736824912E-215
  3.777590658537746E-219
 -8.051435961996417E-233
  1.359798073581623E-230
  1.004775486562674E-218
  1.237689821806780E-214
  1.694423149409771E-203
 -1.858019806774021E-199
  1.021457244449367E-187
 -2.614930401267950E-185
 -2.193573074713062E-178
 -2.355319921085540E-168
 -5.765823172187243E-165
  7.081223147383007E-159
 -3.823422577323368E-148
  8.258592767630291E-146
  1.026343873748474E-139
  5.129432566033664E-129
 -3.693191447114294E-127
  3.227162391168730E-121
 -7.392291412999167E-112
 -1.596734940003057E-108
  8.678062790723812E-104
 -2.031977463386520E-100
  0.000000000000000E+000
  0.000000000000000E+000
 -6.741613950756766E-095
 -1.198509146801203E-093
 -3.927274772238181E-090
  3.016147025078923E-087
 -3.217223493417518E-086
  3.538945842759270E-085
  0.000000000000000E+000
 -6.177069107361635E-084
  2.470827642944654E-082
  1.054219794323052E-081
 -2.701438222952822E-081
 -6.747006683667535E-080
  5.397605346934028E-079
 -2.159042138773611E-078
  1.079521069386806E-078
 -1.727233711018889E-077
  8.636168555094445E-078
  6.908934844075556E-077
  0.000000000000000E+000
 -1.381786968815111E-076
 -3.454467422037778E-077
  0.000000000000000E+000
 -2.763573937630222E-076
 -2.763573937630222E-076
  0.000000000000000E+000
  2.072680453222667E-076
 -1.105429575052089E-075
  2.763573937630222E-076
  4.145360906445333E-076
 -3.420885250489617E-076
  6.908934844075556E-077
 -6.908934844075556E-077
 -1.381786968815111E-076
  1.727233711018889E-076
 -1.381786968815111E-076
 -6.908934844075556E-077
 -8.636168555094445E-078
 -1.727233711018889E-077
 -4.318084277547222E-078
 -4.318084277547222E-078
  5.997192854955264E-079
 -2.159042138773611E-078
 -3.373503341833767E-080
  4.216879177292209E-081
  0.000000000000000E+000
 -6.588873714519077E-082
  3.294436857259539E-083
  0.000000000000000E+000
 -2.573778794734014E-085
 -6.434446986835036E-086
 -1.787400930714902E-087
 -3.141819817790545E-089
 -3.068183415811079E-091
  1.534091707905540E-092
  1.558061890841564E-093
  2.574921995080709E-096
  3.406102426021179E-098
 -1.071550679327133E-101
 -5.953036620476035E-103
 -5.987756025011462E-110
  3.927154799601736E-112
  4.235647406866442E-122
  4.313532197996773E-127
  5.009211490004833E-131
 -7.653563256265958E-142
  1.835161372281483E-146
  3.275570658062874E-150
  1.580622414459274E-161
 -9.421279692633827E-167
  3.827394877470693E-169
 -1.285290594721246E-180
 -5.286040995125828E-186
 -1.932487316143256E-196
  1.045136141303971E-199
  7.838702204776800E-214
  3.535393289829990E-216
  3.206260720866103E-230
  4.397157560044972E-229
 -8.267381231606072E-215
 -3.168485943825289E-212
  1.671809569792182E-198
 -2.905942977777347E-195
 -2.615441139726160E-184
  8.225859806217377E-179
  1.530957932911950E-168
 -5.125176149798326E-165
  1.390952066049843E-159
  2.824118948559242E-149
  1.595409966474034E-146
  2.740800101997682E-140
 -3.686779656332856E-129
 -3.924015912558938E-127
  2.151328336241442E-121
  5.913833111810892E-110
 -8.515919680016301E-109
 -5.457001330954446E-103
 -1.164418404868818E-099
  9.509655095468528E-098
 -2.153571123158411E-095
 -2.397018293602406E-093
  9.204550247433237E-092
 -1.963637386119091E-090
 -1.658144362578133E-075
  1.061212392050005E-073
  5.659799424266695E-073
  2.263919769706678E-071
 -1.086681489459205E-070
  1.448908652612274E-070
  0.000000000000000E+000
  9.273015376718553E-069
 -3.709206150687421E-068
 -1.648536066961692E-068
  0.000000000000000E+000
  6.594144268656409E-068
  4.747783872879899E-066
  0.000000000000000E+000
 -2.848670323727940E-065
 -7.596454196607839E-065
 -1.097265606177302E-064
 -3.798227098303919E-065
 -2.110126165693693E-065
  0.000000000000000E+000
 -1.519290839321568E-064
 -6.077163357286271E-064
  1.215432671457254E-063
  1.823149007185881E-063
  1.215432671457254E-063
 -1.097265606193883E-064
 -1.215432671457254E-063
  0.000000000000000E+000
 -1.215432671457254E-063
  1.519290839321568E-064
 -1.076164344512074E-064
  3.038581678643136E-064
  3.038581678643136E-064
 -8.440504662912952E-066
 -5.697340647455879E-065
 -9.495567745759799E-066
 -1.899113549151960E-065
  4.747783872879899E-066
 -4.747783872879899E-066
 -2.472804100487068E-067
 -7.418412301374843E-068
 -9.273015376718553E-069
 -9.273015376718553E-069
 -1.159126922089819E-069
 -1.159126922089819E-069
  0.000000000000000E+000
  0.000000000000000E+000
 -5.659799424266695E-073
  5.306061960250027E-074
 -3.869003512682311E-075
  6.908934844075556E-077
  8.771108688767795E-079
 -1.265063753187663E-080
  2.882632250102096E-083
 -2.859056034189396E-086
  6.519889758598543E-091
  4.527701219264635E-094
  2.232397248598193E-103
  1.929388052503693E-109
  4.620182118602260E-113
 -2.016482530124405E-123
  3.345151432811043E-128
  1.953592480941811E-130
  5.102308768074133E-142
 -6.951677413729051E-148
 -8.146496950364738E-151
  2.370942666116877E-161
  4.239575277537304E-168
 -3.290343922486951E-178
  2.142216364517041E-181
  1.273085624724360E-193
  2.257494065218307E-197
 -3.168485943824546E-212
 -2.088601574265850E-214
 -5.643018868724303E-228
 -2.342402475215628E-227
 -7.426138930835069E-213
  7.942338099188677E-210
 -2.488260125217424E-195
 -5.114221814353273E-193
  1.199594095341629E-179
 -5.966490312777115E-176
 -1.119248033606991E-165
  2.529120073286283E-159
  4.127558422379036E-149
 -8.453239734803185E-146
  2.915737719836099E-140
 -4.808843030656560E-130
 -4.847313774337511E-127
  1.140262518360486E-120
 -9.462132978277813E-110
  8.279366355296020E-109
 -2.033962694582325E-102
 -7.159094637368763E-092
 -9.818186930595453E-090
 -1.372676787491778E-084
  1.976662114355723E-082
  1.686751670916884E-079
 -5.397605346934028E-079
  2.245403824324556E-076
 -2.263919769706678E-072
 -4.346725957836822E-070
  9.273015376718553E-069
  0.000000000000000E+000
  5.934729841099874E-066
  9.495567745759799E-066
  1.519290839321568E-064
 -3.038581678643136E-064
  1.620626351358348E-063
 -1.944692274331607E-062
 -3.889384548663214E-062
 -1.400178437518757E-060
 -6.223015277861142E-061
  4.978412222288913E-060
 -4.978412222288913E-060
  9.956824444577827E-060
  3.982729777831131E-059
  0.000000000000000E+000
  0.000000000000000E+000
  0.000000000000000E+000
  3.982729777831131E-059
 -1.593091911132452E-058
 -3.186183822264905E-058
 -7.965459555662261E-059
 -4.779275733397357E-058
  7.965459555662261E-059
  7.744736982525624E-059
  0.000000000000000E+000
  0.000000000000000E+000
 -3.982729777831131E-059
 -7.965459555662261E-059
 -7.965459555662261E-059
  2.987047333373348E-059
 -5.974094666746696E-059
 -4.978412222288913E-060
  1.991364888915565E-059
  3.111507638930571E-060
 -1.866904583358343E-060
  1.244603055572228E-060
 -4.127068624196188E-061
 -2.917038411497410E-062
  4.861730685829017E-063
  2.532145216859029E-063
  0.000000000000000E+000
 -9.495567745759799E-066
 -2.373891936439950E-066
  5.563809226031132E-068
 -2.318253844179638E-068
  4.346725957836822E-070
 -9.055679078826712E-072
  7.074749280333369E-073
  3.869003512682311E-075
  4.318084277547222E-078
 -2.719887069353475E-079
 -1.482496585766792E-082
 -2.745384993181734E-084
  5.215911806878834E-090
 -2.689987198336599E-093
  6.045621699237173E-104
  2.840857580755438E-108
 -5.659723094628873E-112
 -2.018052136489428E-123
 -4.103546052423859E-128
  1.878454299009580E-132
 -4.555851309927104E-142
  3.360429991109322E-148
  1.011602204210126E-158
  1.086633818353303E-161
 -3.264021171107145E-175
  2.853345120281745E-178
  2.935064837020582E-192
 -4.387899575657088E-195
 -9.530805719026309E-209
  3.564546686782295E-212
 -7.590226808230978E-226
  3.001792894324075E-226
  6.083493012144555E-210
  3.460831580242226E-208
  3.150725939201137E-193
 -1.418344183180577E-190
  1.122206386692302E-189
 -3.032380958964261E-174
 -4.425721053856583E-160
  2.265832649706192E-157
 -5.630858714525397E-147
  3.498893806024923E-141
  2.204053063485134E-130
 -2.462127631427444E-127
  0.000000000000000E+000
 -2.217687416154566E-111
 -4.577306828008762E-108
 -1.587483244862687E-102
  6.818185368691312E-091
 -1.178182431671454E-089
 -5.719368796305908E-084
 -3.294436857259539E-081
  6.747006683667535E-079
 -6.390764730769889E-076
 -2.210859150104178E-074
 -4.244849568200021E-073
  0.000000000000000E+000
 -2.039157646249539E-056
 -8.156630584998156E-056
 -4.567713127598967E-054
  2.088097429759528E-053
 -2.871133965919351E-053
 -5.846672803326678E-052
 -2.672764710092196E-051
  1.069105884036878E-050
  4.276423536147513E-050
  1.710569414459005E-049
  3.421138828918010E-049
  1.368455531567204E-048
 -2.736911063134408E-048
  0.000000000000000E+000
  0.000000000000000E+000
 -4.379057701015053E-047
  0.000000000000000E+000
  0.000000000000000E+000
  8.758115402030107E-047
  1.751623080406021E-046
 -5.254869241218064E-046
 -5.254869241218064E-046
 -5.254869241218064E-046
  5.254869241218064E-046
  5.254869241218064E-046
  7.006492321624085E-046
 -7.006492321624085E-046
  8.758115402030107E-046
  3.503246160812043E-046
 -3.503246160812043E-046
 -1.751623080406021E-046
  0.000000000000000E+000
  4.379057701015053E-047
  2.189528850507527E-047
 -5.473822126268817E-048
  2.736911063134408E-048
 -1.368455531567204E-048
  1.710569414459005E-048
  3.421138828918010E-049
 -8.552847072295026E-050
  2.138211768073757E-050
  4.009147065138293E-051
  1.002286766284573E-051
  4.176194859519056E-052
  1.044048714879764E-052
  0.000000000000000E+000
  4.078315292499078E-055
  0.000000000000000E+000
 -7.965459555662261E-059
 -1.244603055572228E-060
  7.778769097326427E-062
  5.412473615083085E-063
  1.120875733660855E-066
  2.012766170254843E-071
  3.193463217961047E-075
 -6.575200514672053E-085
  1.746563409450457E-089
  2.663353658863705E-093
 -2.480431925198348E-104
  2.099410754476002E-109
 -5.775227659144489E-113
 -2.857381187174252E-123
  1.081989673979030E-128
 -2.985722714474299E-139
  1.275638584020859E-142
 -9.825692209492714E-156
  6.970571438388308E-159
 -9.164529120424914E-173
 -3.158730165581267E-176
  1.675516480129451E-191
  1.917833180383225E-193
  1.267529566263696E-206
 -2.281309879560330E-210
 -7.264338804264177E-224
  2.401434315459206E-224
  4.866794409717826E-209
  2.716752790490155E-206
 -1.052068487524392E-191
  4.069868495737420E-188
  1.516190479481872E-174
  1.980257076609481E-171
  2.867892248935337E-157
 -5.380134799654168E-155
 -8.747341292881507E-141
  3.209651918059560E-138
  3.282836838499535E-127
 -8.471294813732884E-122
 -6.653062298323320E-111
 -2.933261223160788E-108
  1.711522724553932E-102
  1.090909658974894E-091
  7.854549544476362E-090
 -3.202912504147482E-084
 -5.659799424925583E-073
 -9.055679078826712E-072
  3.798198120130867E-065
  2.020656816297685E-062
  2.528099956631089E-061
 -1.991364888915565E-059
 -8.156630584998156E-055
  7.308341004158347E-053
  6.681911775230489E-052
  4.276423536147513E-050
  5.131708243377016E-049
  2.736911063134408E-048
  0.000000000000000E+000
  7.006492321624085E-046
  4.203895392974451E-045
  2.242077542919707E-044
 -4.484155085839415E-044
  8.968310171678829E-044
  1.793662034335766E-043
 -7.174648137343063E-043
  0.000000000000000E+000
  5.739718509874451E-042
 -5.739718509874451E-042
 -5.739718509874451E-042
  3.443831105924670E-041
 -2.295887403949780E-041
  0.000000000000000E+000
  1.377532442369868E-040
  1.836709923159824E-040
  1.377532442369868E-040
  0.000000000000000E+000
  0.000000000000000E+000
  4.591774807899561E-041
  9.183549615799121E-041
  6.887662211849341E-041
  2.295887403949780E-041
 -2.295887403949780E-041
  8.035605913824231E-041
  2.295887403949780E-041
  5.739718509874451E-042
 -2.869859254937225E-042
 -2.869859254937225E-042
 -7.174648137343063E-043
  7.174648137343063E-043
 -2.690493051503649E-043
  6.726232628759122E-044
  1.121038771459854E-044
  1.401298464324817E-045
 -1.050973848243613E-045
  1.313717310304516E-046
  5.473822126268817E-048
  1.026341648675403E-048
  1.069105884036878E-050
  2.672764710092196E-051
  0.000000000000000E+000
  2.936387010599336E-054
 -1.529368234687154E-056
 -2.389637866698678E-058
 -3.344870711850364E-060
 -3.781350210318292E-063
  4.287030921349196E-066
 -6.904955297605368E-071
 -5.109541147502262E-074
 -5.365442793831803E-086
 -9.436368550088184E-090
  7.457390235353009E-094
  1.705303453790851E-104
 -6.403572345156085E-110
  9.358763794218599E-121
  2.016944179062689E-123
 -4.896585251737776E-137
  2.151819690705059E-139
 -4.557874891288912E-154
 -1.820883967585793E-157
  1.035052700659762E-170
  4.927454541107666E-174
  1.956234958732406E-187
 -3.506894958400408E-191
 -1.591636443753394E-204
 -2.433397204864444E-209
 -7.204302946377820E-223
 -1.921147452367379E-222
  5.061466186104007E-207
 -1.364951975247529E-204
  4.488825546772279E-190
 -1.839021950671934E-186
  1.940723813737709E-172
  1.002851061083659E-169
 -5.098475109228331E-156
 -1.603646845273713E-152
 -2.099336283615269E-138
 -2.209434808711649E-136
  2.689234284130745E-122
 -5.507686278906827E-120
 -2.767673805690258E-108
 -8.433500716917484E-103
 -6.818185384264515E-092
 -4.363638635413806E-090
 -1.761608946375705E-083
  3.034281358016966E-072
  2.716703723648014E-071
  6.330281903263025E-066
 -5.621376105489801E-062
 -6.845316805647256E-060
 -2.349810568920367E-057
 -4.078315292499078E-056
 -1.894107108258569E-040
  8.081523661903227E-039
  0.000000000000000E+000
  0.000000000000000E+000
 -1.203706215242022E-035
  0.000000000000000E+000
  4.814824860968090E-035
 -9.629649721936179E-034
 -4.622231866529366E-033
 -1.386669559958810E-032
 -5.392603844284260E-032
 -1.972152263052530E-031
 -5.669937756276022E-031
 -1.491440148933475E-030
 -3.303355040612987E-030
 -6.742295549310835E-030
 -1.267107829011250E-029
 -2.208810534618833E-029
 -3.530152550864028E-029
 -5.270576923007885E-029
 -7.296963373294359E-029
 -9.515634669228455E-029
 -1.146806540965046E-028
 -1.311481254929932E-028
 -1.392339497715086E-028
 -1.377548355742192E-028
 -1.316411635587563E-028
 -1.171458444253203E-028
 -9.786805605398178E-029
 -7.647020399986183E-029
 -5.571330143123396E-029
 -3.821045009664276E-029
 -2.418351712568164E-029
 -1.417484439069006E-029
 -7.543482406175925E-030
 -3.648481686647180E-030
 -1.688655375238728E-030
 -6.902532920683853E-031
 -2.341930812374879E-031
 -7.703719777548943E-032
 -1.617781153285278E-032
 -4.622231866529366E-033
 -7.703719777548943E-034
 -2.407412430484045E-034
 -6.018531076210112E-035
 -6.018531076210112E-036
 -1.504632769052528E-036
  0.000000000000000E+000
 -1.175494350822288E-038
 -2.152394441202919E-041
  1.076197220601460E-042
 -3.608343545636404E-044
  2.676239304215316E-047
 -2.009793776143546E-052
  4.350202978507424E-055
 -1.384740110659708E-066
  8.489699136400043E-071
 -3.930416267309432E-075
  5.648014577332716E-085
 -2.914774213016878E-091
  4.762447463675875E-102
  1.085183644827828E-104
  2.433020413702650E-117
  1.064962776582313E-120
  1.318495150711886E-135
  2.687150443025747E-138
  3.938003906075446E-152
 -1.911199812361611E-154
  5.851497934396320E-169
 -2.875146390929775E-173
  6.457524679902886E-186
  2.917736605400624E-189
  9.107801253091829E-203
 -2.297126961385812E-206
 -1.506179602656039E-220
 -1.767455656177988E-220
  4.983597475548412E-206
  1.559312276793932E-202
 -1.436424174966045E-188
  2.259974035280072E-185
  5.175263503299288E-171
 -2.125308212021380E-168
  3.729170365600109E-154
 -2.574950702220573E-150
  4.299440708845014E-137
 -5.069136138852697E-133
 -8.568109611599714E-120
  3.701165179418715E-117
  6.198226980106100E-104
  2.095476884017547E-100
 -7.854549477725899E-090
 -2.974144385027637E-084
 -9.118565727309579E-073
  2.012373130127493E-071
  5.169821985212803E-065
  3.480162383033832E-054
  2.088097429759528E-052
  1.167754288530494E-046
 -3.643376007244524E-044
  2.152394441202919E-042
  4.114230227878006E-038
 -5.266214691683848E-036
 -4.333342374871281E-034
 -8.088905766426391E-033
 -1.124743087522146E-031
 -2.002967142162725E-030
 -2.166902299028967E-029
 -1.657593977095651E-028
 -9.523523278280665E-028
 -4.311913707938051E-027
 -1.607225208297289E-026
 -5.073164481476327E-026
 -1.392970586439263E-025
 -3.380237424435827E-025
 -7.367077330550403E-025
 -1.455524100779668E-024
 -2.627096141003222E-024
 -4.354562683917919E-024
 -6.748370567141942E-024
 -9.750169327237903E-024
 -1.319480304508873E-023
 -1.676802740137783E-023
 -2.007177687244342E-023
 -2.263316405548536E-023
 -2.406964820945661E-023
 -2.417410601508236E-023
 -2.292465131540814E-023
 -2.050760674535993E-023
 -1.727294886781721E-023
 -1.370618686006368E-023
 -1.020346773603962E-023
 -7.110363059329760E-024
 -4.621361752950907E-024
 -2.801806743404330E-024
 -1.562487328640395E-024
 -7.940863198571958E-025
 -3.657380037658073E-025
 -1.512120137563844E-025
 -5.513191094408607E-026
 -1.742909283995303E-026
 -4.649546175372644E-027
 -1.015461200245747E-027
 -1.863683888584640E-028
 -2.620497319531049E-029
 -2.446701401349544E-030
 -1.602373713730180E-031
 -9.244463733058732E-033
 -5.537048590113303E-034
 -1.203706215242022E-035
  3.085672670908505E-038
  2.387722900107772E-039
  6.636549527042334E-042
 -1.370157548134591E-044
 -4.510290448280580E-051
  4.675018134427662E-052
  4.350202965118673E-055
  2.242009051079776E-066
 -4.244849568200021E-072
 -1.610613574660227E-082
 -1.108159122482448E-085
 -2.560291756472296E-098
 -8.929588994321711E-103
  1.085675119296123E-115
 -2.788266178689466E-119
  1.320788185756550E-133
  4.514412744285866E-136
 -3.530148686710407E-150
 -5.966672584917837E-153
 -1.085331420647010E-165
  1.035052700660091E-169
  8.494948729675343E-184
  4.572470618205911E-200
  1.360854350656525E-201
 -1.196063394131790E-204
  9.088718059455815E-219
 -5.668153443464734E-219
 -1.196063394131548E-204
  5.724093612449002E-201
 -5.171127029878662E-187
  1.881728437420542E-183
  6.624337284218134E-170
  8.139985654852588E-166
 -1.909335227186303E-152
 -1.935132467590113E-148
 -1.375821026829906E-134
  3.381217755536770E-131
  7.959950132826142E-131
 -1.083983158071262E-113
 -5.357753396634040E-101
 -4.762955458072278E-097
 -5.490707149966995E-084
 -2.694117252158539E-081
  9.055679053525437E-072
 -2.426645090582940E-065
 -1.160054127779230E-054
 -1.438467110327155E-052
 -2.140289842635853E-046
 -7.473597511630406E-044
 -3.587324068671532E-042
  8.632536638851174E-039
 -5.162949474264962E-024
  4.937125229044346E-022
  2.042549977993802E-020
  2.591883046170969E-019
  1.754539388881733E-018
  7.988219556828083E-018
  2.789899456837762E-017
  8.064418297483126E-017
  2.005866152542761E-016
  4.412783783706893E-016
  8.778582275530363E-016
  1.605210146904300E-015
  2.730637756626216E-015
  4.361087181660688E-015
  6.585895161489736E-015
  9.457277968175549E-015
  1.297176037484164E-014
  1.705614628164112E-014
  2.156135842504308E-014
  2.626647278583423E-014
  3.089372521293783E-014
  3.513341732376879E-014
  3.867585784453222E-014
  4.124606091868815E-014
  4.263621879002531E-014
  4.273107231382262E-014
  4.152227946128363E-014
  3.910953126724655E-014
  3.568822204968143E-014
  3.152558859744516E-014
  2.692897688906805E-014
  2.221102428812339E-014
  1.765681807491251E-014
  1.349751446552903E-014
  9.893589613970443E-015
  6.929115065695494E-015
  4.616565681655380E-015
  2.910015968243143E-015
  1.723463143019125E-015
  9.506126898806234E-016
  4.827749436984044E-016
  2.224091378375143E-016
  9.105970349991512E-017
  3.206330678738937E-017
  9.231338531223933E-018
  2.033912506338735E-018
  3.076843982038721E-019
  2.565744219593650E-020
  7.022845189673858E-022
 -7.101515195416801E-025
 -9.744742062817596E-026
 -1.903327230559907E-028
  1.404323917842148E-033
  2.012640162201893E-036
  6.690227043219655E-048
  1.305060949995781E-053
  1.350480746063697E-064
  7.913395719826210E-067
  1.742976726614100E-079
  8.750847902098318E-083
 -6.876212145954233E-097
  1.464452595081779E-100
  1.191140702313503E-113
 -7.931068241816982E-118
 -9.767962404884003E-131
 -1.100656821463542E-134
  1.061868724962567E-146
  2.673069318058421E-151
  2.607810219054624E-164
 -1.232126734865371E-167
 -1.999604597271946E-182
 -1.838622943956658E-185
  2.612840353260521E-200
 -7.654805722443254E-203
  1.092849492724869E-216
  9.128063159280304E-217
 -5.103203814965581E-203
  1.037538037846383E-199
  3.677245887913357E-185
  1.045972163673157E-184
 -2.590851915606589E-168
  8.727873507703032E-165
 -1.258984447950532E-163
 -1.269006987902773E-146
 -6.163678200198486E-133
 -6.511974936589389E-131
  5.075883674629279E-116
  1.804758639864803E-115
 -2.194535791262303E-098
 -1.362888005477064E-095
 -7.906648457407986E-082
  1.315666303315169E-078
 -2.532170717649803E-065
 -1.080384596850979E-062
  1.670477898690762E-052
  3.898982149849831E-047
 -2.336977510943621E-035
 -2.460910484893393E-034
 -1.079280355626918E-027
 -5.926598767059611E-025
 -5.169251273829102E-022
  3.450546314396478E-019
  1.306548083325332E-017
  1.612763063801145E-016
  1.067074435167759E-015
  4.739913866738841E-015
  1.614932256490599E-014
  4.543494598660264E-014
  1.099039010485803E-013
  2.352546613361772E-013
  4.556388155259931E-013
  8.116373698766574E-013
  1.346061915735023E-012
  2.097987403879341E-012
  3.095774214051464E-012
  4.350154280966902E-012
  5.848573045143390E-012
  7.551870556529490E-012
  9.394080926067246E-012
  1.128568840183525E-011
  1.312017620124958E-011
  1.478322069623182E-011
  1.616349048522840E-011
  1.716376107985717E-011
  1.771098123720552E-011
  1.776403614019406E-011
  1.731822541993349E-011
  1.640587815078542E-011
  1.509300633400352E-011
  1.347239717263038E-011
  1.165399421078384E-011
  9.753762068980225E-012
  7.882418694624004E-012
  6.135422840488602E-012
  4.585414152235647E-012
  3.277939933908618E-012
  2.230810747865150E-012
  1.436881615827952E-012
  8.695427854217692E-013
  4.898172103436101E-013
  2.537774242408012E-013
  1.190548813424138E-013
  4.950802428893358E-014
  1.767255786613151E-014
  5.151039439694538E-015
  1.144673520118152E-015
  1.746894123473351E-016
  1.473102744017156E-017
  4.149115770554638E-019
  4.348361858549648E-022
 -4.051611795928076E-023
 -9.481853429484490E-026
  9.806862107478362E-033
  9.645595363968959E-035
  8.719190444687839E-045
  9.123148244294846E-048
  2.091624579503330E-060
  5.507429292540683E-064
 -3.718350350110122E-078
  3.162659382962325E-081
 -1.115279344940019E-094
 -1.024116702588378E-097
  1.443806911895139E-111
  3.045530204779616E-115
 -2.905342664016487E-129
  2.641576371513103E-131
 -2.814039017118472E-145
  1.173095563583848E-148
 -5.576191654524202E-163
  3.391660689521908E-166
  4.636585407130191E-180
 -2.353437368264565E-183
 -3.507012385265243E-198
  1.633025220786011E-201
 -1.133138874945140E-218
 -1.724385559027621E-215
 -1.020640762967560E-202
 -2.206398520531104E-198
  1.176718684131080E-184
  3.380582032991565E-181
 -3.855871784164615E-180
  2.775433627354552E-163
  5.865477817919332E-149
 -2.753907007488808E-145
 -1.267956658326431E-131
  1.536826085035086E-128
  8.121413879410424E-115
 -6.422053144109521E-111
  5.852095443366678E-097
 -4.835651488135416E-094
 -9.277134190042525E-080
 -1.538917257803636E-076
  3.646298014371711E-063
  1.573039973014905E-060
 -8.758115552332852E-047
 -8.469892852298539E-044
 -6.408276100541078E-034
 -9.317221047738374E-032
 -2.453923792715392E-025
 -1.421560138732675E-022
 -3.070921067490678E-012
 -8.958980415292420E-011
 -5.951574798566585E-010
 -2.147797114817756E-009
 -5.604695576471124E-009
 -1.195131875870188E-008
 -2.229347199901831E-008
 -3.781928494470024E-008
 -5.950682811426338E-008
 -8.805252268379592E-008
 -1.239018411222006E-007
 -1.671623485535475E-007
 -2.175436504428722E-007
 -2.743426295289845E-007
 -3.364556463761088E-007
 -4.024143469524343E-007
 -4.704432646099322E-007
 -5.385360222018973E-007
 -6.045458137872235E-007
 -6.662851233207921E-007
 -7.216292251431431E-007
 -7.686179378503642E-007
 -8.055502733580273E-007
 -8.310670712598812E-007
 -8.442173699745241E-007
 -8.445051223896427E-007
 -8.319138626476718E-007
 -8.069080337723960E-007
 -7.704108556244182E-007
 -7.237597808803512E-007
 -6.686417470983373E-007
 -6.070114466143522E-007
 -5.409968038437780E-007
 -4.727965523480944E-007
 -4.045753490566073E-007
 -3.383621176063248E-007
 -2.759572974447060E-007
 -2.188543604461725E-007
 -1.681803631376179E-007
 -1.246595201822749E-007
 -8.860284779976940E-008
 -5.992237128746890E-008
 -3.814820021110860E-008
 -2.246502330632868E-008
 -1.191417741306781E-008
 -5.494248944191526E-009
 -2.074920058859497E-009
 -5.656957284533228E-010
 -8.256163549600822E-011
 -2.568282753072261E-012
  6.510041599473957E-015
  2.869987902604444E-016
 -5.221714409571505E-026
 -4.290098193248963E-029
  1.246735243709806E-041
 -1.121038771458818E-044
  2.101996271633185E-059
 -7.778769097326317E-062
  1.128459357865669E-075
  1.349401336736882E-079
  2.130682927646098E-093
 -5.618011625633619E-096
 -3.396757893200953E-109
  1.689254086917715E-112
  3.462366981669651E-128
 -3.606632272564519E-130
 -1.025956359442720E-143
 -1.251301934489883E-147
  9.878927775489514E-163
  7.597319944527963E-165
  5.214798819208692E-179
 -7.530999578446903E-182
  5.741281202897772E-197
 -2.612840353261514E-200
 -4.681626213995572E-215
  1.861691773634314E-213
  1.306420176630394E-199
 -3.229238424154162E-196
  1.498307172173713E-195
 -1.338844369501298E-181
 -4.341325682588697E-165
 -1.326709128598909E-161
 -6.256509672452247E-148
  6.126374271260207E-144
  3.606632272571827E-130
 -1.477837610532562E-126
 -2.079081953128954E-112
 -4.747699144522980E-109
  7.451429720014264E-109
  1.536755061565092E-092
  2.698802673467210E-078
  8.766670657704766E-075
  2.430865342914486E-061
  9.258895995012153E-058
  6.726232628772270E-044
 -9.990177109423834E-043
 -1.020495387811487E-027
 -2.322899326587056E-025
 -4.580556967930897E-016
  1.344997700454286E-015
 -6.445360033020929E-011
 -1.954282617986857E-009
 -1.309522846076838E-008
 -4.740622738994771E-008
 -1.232382352952933E-007
 -2.603477231701209E-007
 -4.798953022666438E-007
 -8.023897217279312E-007
 -1.242812803858499E-006
 -1.809806350166595E-006
 -2.506128175128629E-006
 -3.327770643498340E-006
 -4.263784126425554E-006
 -5.296780937307758E-006
 -6.403797039535467E-006
 -7.557388892914769E-006
 -8.726884790726307E-006
 -9.879713784152188E-006
 -1.098274577049062E-005
 -1.200358854457447E-005
 -1.291179952998903E-005
 -1.367998008277949E-005
 -1.428472886122654E-005
 -1.470743728233697E-005
 -1.493491499345277E-005
 -1.495983666790394E-005
 -1.478100378030548E-005
 -1.440341660514271E-005
 -1.383815275918065E-005
 -1.310204988683627E-005
 -1.221719135349121E-005
 -1.121019660398303E-005
 -1.011132111575648E-005
 -8.953376822077445E-006
 -7.770491661236856E-006
 -6.596737828241417E-006
 -5.464672199140520E-006
 -4.403849297403076E-006
 -3.439386663303114E-006
 -2.590683531444351E-006
 -1.870407086993696E-006
 -1.283850197703218E-006
 -8.285678340883430E-007
 -4.943868396421341E-007
 -2.656481510352411E-007
 -1.239652998004699E-007
 -4.746987236221792E-008
 -1.317668679593654E-008
 -1.963887909224585E-009
 -6.427149133252887E-011
 -5.625157314874352E-015
  2.147741677067367E-015
 -4.180772926642314E-023
 -2.733003013291239E-026
  2.244867683862012E-040
  3.138911327614021E-043
 -9.116025935924580E-057
  9.334522916791713E-060
 -4.876172681063075E-074
  4.048204010199821E-077
 -4.291195416280175E-091
  5.992545734005780E-094
  5.118422557676456E-108
 -1.559311464840855E-112
 -1.063433959466300E-124
  2.885305818060087E-129
 -8.282395311095249E-143
 -1.351406089248579E-145
  2.469731943872252E-162
 -8.335345310569049E-163
 -2.211556683317488E-177
  4.819839730205832E-181
 -1.070219408695510E-194
 -8.361089130433647E-199
  8.908465881488709E-213
 -2.380457859102531E-212
  6.688871304346939E-198
 -2.054523981526298E-194
 -9.639679460412217E-181
  1.979775946069411E-177
  1.931889928751821E-163
 -1.390459084400111E-160
 -1.001041547590540E-146
  6.652254764261581E-143
  4.167663959416912E-129
 -3.590602795805797E-128
  1.994323381441719E-125
 -3.489161535562237E-108
  1.917614634881937E-093
 -3.921308860040775E-090
  1.122701912162259E-076
  2.126186315292898E-073
  1.493523666687229E-059
  1.020076664346991E-056
 -1.434930083119894E-042
  9.911874422605969E-039
 -5.510007911073489E-025
 -1.335682825696566E-022
  1.344292142556765E-015
 -1.197042831631999E-014
