          25  0.515208618171225        3.99992150217629     
  0.480651098981738        2.99992150217629     
          26  0.480651098981738        2.99992150217629     
  0.446093579792251        1.99992150217629     
          25  0.515208618171225        3.99992150217629     
  0.480651098981738        2.99992150217629     
          26  0.480651098981738        2.99992150217629     
  0.446093579792251        1.99992150217629     
          25  0.515208618171225        3.99992150217629     
  0.480651098981738        2.99992150217629     
          26  0.480651098981738        2.99992150217629     
  0.446093579792251        1.99992150217629     
          25  0.515208618171225        3.99992150217629     
  0.480651098981738        2.99992150217629     
          26  0.480651098981738        2.99992150217629     
  0.446093579792251        1.99992150217629     
          25  0.515208618171225        3.99992150217629     
  0.480651098981738        2.99992150217629     
          26  0.480651098981738        2.99992150217629     
  0.446093579792251        1.99992150217629     
          25  0.515208618171225        3.99992150217629     
  0.480651098981738        2.99992150217629     
          26  0.480651098981738        2.99992150217629     
  0.446093579792251        1.99992150217629     
          25  0.515208618171225        3.99992150217629     
  0.480651098981738        2.99992150217629     
          26  0.480651098981738        2.99992150217629     
  0.446093579792251        1.99992150217629     
          25  0.515208618171225        3.99992150217629     
  0.480651098981738        2.99992150217629     
          26  0.480651098981738        2.99992150217629     
  0.446093579792251        1.99992150217629     
          25  0.515208618171225        3.99992150217629     
  0.480651098981738        2.99992150217629     
          26  0.480651098981738        2.99992150217629     
  0.446093579792251        1.99992150217629     
          25  0.515208618171225        3.99992150217629     
  0.480651098981738        2.99992150217629     
          26  0.480651098981738        2.99992150217629     
  0.446093579792251        1.99992150217629     
          25  0.515208618171225        3.99992150217629     
  0.480651098981738        2.99992150217629     
          26  0.480651098981738        2.99992150217629     
  0.446093579792250        1.99992150217629     
          25  0.515208618171225        3.99992150217629     
  0.480651098981738        2.99992150217629     
          26  0.480651098981738        2.99992150217629     
  0.446093579792250        1.99992150217629     
          25  0.515208618171225        3.99992150217629     
  0.480651098981738        2.99992150217629     
          26  0.480651098981738        2.99992150217629     
  0.446093579792250        1.99992150217629     
          25  0.515208618171225        3.99992150217629     
  0.480651098981738        2.99992150217629     
          26  0.480651098981738        2.99992150217629     
  0.446093579792250        1.99992150217629     
          25  0.515208618171225        3.99992150217629     
  0.480651098981738        2.99992150217629     
          26  0.480651098981738        2.99992150217629     
  0.446093579792250        1.99992150217629     
          25  0.515208618171225        3.99992150217629     
  0.480651098950049        2.99992150197851     
          26  0.480651098950049        2.99992150197851     
  0.446093579728873        1.99992150178073     
          25  0.515208618171225        3.99992150217629     
  0.480651098950049        2.99992150197851     
          26  0.480651098950049        2.99992150197851     
  0.446093579728873        1.99992150178073     
          25  0.515208618171225        3.99992150217629     
  0.480651098950049        2.99992150197851     
          26  0.480651098950049        2.99992150197851     
  0.446093579728873        1.99992150178073     
          25  0.515208618171225        3.99992150217629     
  0.480651098950049        2.99992150197851     
          26  0.480651098950049        2.99992150197851     
  0.446093579728873        1.99992150178073     
          25  0.515208618171225        3.99992150217629     
  0.480651098950049        2.99992150197851     
          26  0.480651098950049        2.99992150197851     
  0.446093579728873        1.99992150178073     
          25  0.515208618171225        3.99992150217629     
  0.480651098977061        2.99992150214710     
          26  0.480651098977061        2.99992150214710     
  0.446093579782897        1.99992150211791     
          25  0.515208618171225        3.99992150217629     
  0.480651098977061        2.99992150214710     
          26  0.480651098977061        2.99992150214710     
  0.446093579782897        1.99992150211791     
          25  0.515208618171225        3.99992150217629     
  0.480651098977061        2.99992150214710     
          26  0.480651098977061        2.99992150214710     
  0.446093579782897        1.99992150211791     
          25  0.515208618171225        3.99992150217629     
  0.480651098977061        2.99992150214710     
          26  0.480651098977061        2.99992150214710     
  0.446093579782897        1.99992150211791     
          25  0.515208618171225        3.99992150217629     
  0.480651098977061        2.99992150214710     
          26  0.480651098977061        2.99992150214710     
  0.446093579782897        1.99992150211791     
          25  0.515208618171225        3.99992150217629     
  0.480651099020908        2.99992150242076     
          26  0.480651099020908        2.99992150242076     
  0.446093579870590        1.99992150266524     
          25  0.515208618171225        3.99992150217629     
  0.480651099020908        2.99992150242076     
          26  0.480651099020908        2.99992150242076     
  0.446093579870590        1.99992150266524     
          25  0.515208618171225        3.99992150217629     
  0.480651099020908        2.99992150242076     
          26  0.480651099020908        2.99992150242076     
  0.446093579870590        1.99992150266524     
          25  0.515208618171225        3.99992150217629     
  0.480651099020908        2.99992150242076     
          26  0.480651099020908        2.99992150242076     
  0.446093579870590        1.99992150266524     
          25  0.515208618171225        3.99992150217629     
  0.480651099020908        2.99992150242076     
          26  0.480651099020908        2.99992150242076     
  0.446093579870590        1.99992150266524     
          25  0.515208618171225        3.99992150217629     
  0.480651099492136        2.99992150536187     
          26  0.480651099492136        2.99992150536187     
  0.446093580813046        1.99992150854746     
          25  0.515208618171225        3.99992150217629     
  0.480651099492136        2.99992150536187     
          26  0.480651099492136        2.99992150536187     
  0.446093580813046        1.99992150854746     
          25  0.515208618171225        3.99992150217629     
  0.480651099492136        2.99992150536187     
          26  0.480651099492136        2.99992150536187     
  0.446093580813046        1.99992150854746     
          25  0.515208618171225        3.99992150217629     
  0.480651099492136        2.99992150536187     
          26  0.480651099492136        2.99992150536187     
  0.446093580813046        1.99992150854746     
          25  0.515208618171225        3.99992150217629     
  0.480651099492136        2.99992150536187     
          26  0.480651099492136        2.99992150536187     
  0.446093580813046        1.99992150854746     
          25  0.515208618171225        3.99992150217629     
  0.480651099229503        2.99992150372268     
          26  0.480651099229503        2.99992150372268     
  0.446093580287780        1.99992150526907     
          25  0.515208618171225        3.99992150217629     
  0.480651099229503        2.99992150372268     
          26  0.480651099229503        2.99992150372268     
  0.446093580287780        1.99992150526907     
          25  0.515208618171225        3.99992150217629     
  0.480651099229503        2.99992150372268     
          26  0.480651099229503        2.99992150372268     
  0.446093580287780        1.99992150526907     
          25  0.515208618171225        3.99992150217629     
  0.480651099229503        2.99992150372268     
          26  0.480651099229503        2.99992150372268     
  0.446093580287780        1.99992150526907     
          25  0.515208618171225        3.99992150217629     
  0.480651099229503        2.99992150372268     
          26  0.480651099229503        2.99992150372268     
  0.446093580287780        1.99992150526907     
          25  0.515208618171225        3.99992150217629     
  0.480651098074916        2.99992149651648     
          26  0.480651098074916        2.99992149651648     
  0.446093577978606        1.99992149085667     
          25  0.515208618171225        3.99992150217629     
  0.480651098074916        2.99992149651648     
          26  0.480651098074916        2.99992149651648     
  0.446093577978606        1.99992149085667     
          25  0.515208618171225        3.99992150217629     
  0.480651098074916        2.99992149651648     
          26  0.480651098074916        2.99992149651648     
  0.446093577978606        1.99992149085667     
          25  0.515208618171225        3.99992150217629     
  0.480651098074916        2.99992149651648     
          26  0.480651098074916        2.99992149651648     
  0.446093577978606        1.99992149085667     
          25  0.515208618171225        3.99992150217629     
  0.480651098074916        2.99992149651648     
          26  0.480651098074916        2.99992149651648     
  0.446093577978606        1.99992149085667     
          25  0.515208618171225        3.99992150217629     
  0.480546374496742        2.99926787788414     
          26  0.480546374496742        2.99926787788414     
  0.445884130822258        1.99861425359199     
          25  0.515208618171225        3.99992150217629     
  0.480546374496742        2.99926787788414     
          26  0.480546374496742        2.99926787788414     
  0.445884130822258        1.99861425359199     
          25  0.515208618171225        3.99992150217629     
  0.480546374496742        2.99926787788414     
          26  0.480546374496742        2.99926787788414     
  0.445884130822258        1.99861425359199     
          25  0.515208618171225        3.99992150217629     
  0.480546374496742        2.99926787788414     
          26  0.480546374496742        2.99926787788414     
  0.445884130822258        1.99861425359199     
          25  0.515208618171225        3.99992150217629     
  0.480546374496742        2.99926787788414     
          26  0.480546374496742        2.99926787788414     
  0.445884130822258        1.99861425359199     
          25  0.515208618171225        3.99992150217629     
  0.480188267871368        2.99703280182209     
          26  0.480188267871368        2.99703280182209     
  0.445167917571512        1.99414410146790     
          25  0.515208618171225        3.99992150217629     
  0.480188267871368        2.99703280182209     
          26  0.480188267871368        2.99703280182209     
  0.445167917571512        1.99414410146790     
          25  0.515208618171225        3.99992150217629     
  0.480188267871368        2.99703280182209     
          26  0.480188267871368        2.99703280182209     
  0.445167917571512        1.99414410146790     
          25  0.515208618171225        3.99992150217629     
  0.480188267871368        2.99703280182209     
          26  0.480188267871368        2.99703280182209     
  0.445167917571512        1.99414410146790     
          25  0.515208618171225        3.99992150217629     
  0.480188267871368        2.99703280182209     
          26  0.480188267871368        2.99703280182209     
  0.445167917571512        1.99414410146790     
          25  0.515208618171225        3.99992150217629     
  0.479610478204190        2.99342660254371     
          26  0.479610478204190        2.99342660254371     
  0.444012338237155        1.98693170291113     
          25  0.515208618171225        3.99992150217629     
  0.479610478204190        2.99342660254371     
          26  0.479610478204190        2.99342660254371     
  0.444012338237155        1.98693170291113     
          25  0.515208618171225        3.99992150217629     
  0.479610478204190        2.99342660254371     
          26  0.479610478204190        2.99342660254371     
  0.444012338237155        1.98693170291113     
          25  0.515208618171225        3.99992150217629     
  0.479610478204190        2.99342660254371     
          26  0.479610478204190        2.99342660254371     
  0.444012338237155        1.98693170291113     
          25  0.515208618171225        3.99992150217629     
  0.479610478204190        2.99342660254371     
          26  0.479610478204190        2.99342660254371     
  0.444012338237155        1.98693170291113     
          25  0.515208618167709        3.99992150215434     
  0.479038764167323        2.98985832352401     
          26  0.479038764167323        2.98985832352401     
  0.442868910166938        1.97979514489367     
          25  0.515208618167709        3.99992150215434     
  0.479038764167323        2.98985832352401     
          26  0.479038764167323        2.98985832352401     
  0.442868910166938        1.97979514489367     
          25  0.515208618167709        3.99992150215434     
  0.479038764167323        2.98985832352401     
          26  0.479038764167323        2.98985832352401     
  0.442868910166938        1.97979514489367     
          25  0.515208618167709        3.99992150215434     
  0.479038764167323        2.98985832352401     
          26  0.479038764167323        2.98985832352401     
  0.442868910166938        1.97979514489367     
          25  0.515208618167709        3.99992150215434     
  0.479038764167323        2.98985832352401     
          26  0.479038764167323        2.98985832352401     
  0.442868910166938        1.97979514489367     
          25  0.515208618170707        3.99992150217305     
  0.478304416360299        2.98527498691865     
          26  0.478304416360299        2.98527498691865     
  0.441400214549890        1.97062847166424     
          25  0.515208618170707        3.99992150217305     
  0.478304416360299        2.98527498691865     
          26  0.478304416360299        2.98527498691865     
  0.441400214549890        1.97062847166424     
          25  0.515208618170707        3.99992150217305     
  0.478304416360299        2.98527498691865     
          26  0.478304416360299        2.98527498691865     
  0.441400214549890        1.97062847166424     
          25  0.515208618170707        3.99992150217305     
  0.478304416360299        2.98527498691865     
          26  0.478304416360299        2.98527498691865     
  0.441400214549890        1.97062847166424     
          25  0.515208618170707        3.99992150217305     
  0.478304416360299        2.98527498691865     
          26  0.478304416360299        2.98527498691865     
  0.441400214549890        1.97062847166424     
          25  0.515208618175573        3.99992150220342     
  0.477626422025702        2.98104337320338     
          26  0.477626422025702        2.98104337320338     
  0.440044225875832        1.96216524420334     
          25  0.515208618175573        3.99992150220342     
  0.477626422025702        2.98104337320338     
          26  0.477626422025702        2.98104337320338     
  0.440044225875832        1.96216524420334     
          25  0.515208618175573        3.99992150220342     
  0.477626422025702        2.98104337320338     
          26  0.477626422025702        2.98104337320338     
  0.440044225875832        1.96216524420334     
          25  0.515208618175573        3.99992150220342     
  0.477626422025702        2.98104337320338     
          26  0.477626422025702        2.98104337320338     
  0.440044225875832        1.96216524420334     
          25  0.515208618175573        3.99992150220342     
  0.477626422025702        2.98104337320338     
          26  0.477626422025702        2.98104337320338     
  0.440044225875832        1.96216524420334     
          25  0.515208618216517        3.99992150245897     
  0.477324515793412        2.97915906460655     
          26  0.477324515793412        2.97915906460655     
  0.439440413370307        1.95839662675412     
          25  0.515208618216517        3.99992150245897     
  0.477324515793412        2.97915906460655     
          26  0.477324515793412        2.97915906460655     
  0.439440413370307        1.95839662675412     
          25  0.515208618216517        3.99992150245897     
  0.477324515793412        2.97915906460655     
          26  0.477324515793412        2.97915906460655     
  0.439440413370307        1.95839662675412     
          25  0.515208618216517        3.99992150245897     
  0.477324515793412        2.97915906460655     
          26  0.477324515793412        2.97915906460655     
  0.439440413370307        1.95839662675412     
          25  0.515208618216517        3.99992150245897     
  0.477324515793412        2.97915906460655     
          26  0.477324515793412        2.97915906460655     
  0.439440413370307        1.95839662675412     
          25  0.515208618185461        3.99992150226514     
  0.476707822238077        2.97531005175539     
          26  0.476707822238077        2.97531005175539     
  0.438207026290692        1.95069860124564     
          25  0.515208618185461        3.99992150226514     
  0.476707822238077        2.97531005175539     
          26  0.476707822238077        2.97531005175539     
  0.438207026290692        1.95069860124564     
          25  0.515208618185461        3.99992150226514     
  0.476707822238077        2.97531005175539     
          26  0.476707822238077        2.97531005175539     
  0.438207026290692        1.95069860124564     
          25  0.515208618185461        3.99992150226514     
  0.476707822238077        2.97531005175539     
          26  0.476707822238077        2.97531005175539     
  0.438207026290692        1.95069860124564     
          25  0.515208618185461        3.99992150226514     
  0.476707822238077        2.97531005175539     
          26  0.476707822238077        2.97531005175539     
  0.438207026290692        1.95069860124564     
          25  0.515208618103156        3.99992150175144     
  0.476087072486703        2.97143572268267     
          26  0.476087072486703        2.97143572268267     
  0.436965526870249        1.94294994361390     
          25  0.515208618103156        3.99992150175144     
  0.476087072486703        2.97143572268267     
          26  0.476087072486703        2.97143572268267     
  0.436965526870249        1.94294994361390     
          25  0.515208618103156        3.99992150175144     
  0.476087072486703        2.97143572268267     
          26  0.476087072486703        2.97143572268267     
  0.436965526870249        1.94294994361390     
          25  0.515208618103156        3.99992150175144     
  0.476087072486703        2.97143572268267     
          26  0.476087072486703        2.97143572268267     
  0.436965526870249        1.94294994361390     
          25  0.515208618103156        3.99992150175144     
  0.476087072486703        2.97143572268267     
          26  0.476087072486703        2.97143572268267     
  0.436965526870249        1.94294994361390     
          25  0.513731171821094        3.99070021238114     
  0.474977324784684        2.96450937631557     
          26  0.474977324784684        2.96450937631557     
  0.436223477748273        1.93831854025000     
          25  0.513731171821094        3.99070021238114     
  0.474977324784684        2.96450937631557     
          26  0.474977324784684        2.96450937631557     
  0.436223477748273        1.93831854025000     
          25  0.513731171821094        3.99070021238114     
  0.474977324784684        2.96450937631557     
          26  0.474977324784684        2.96450937631557     
  0.436223477748273        1.93831854025000     
          25  0.513731171821094        3.99070021238114     
  0.474977324784684        2.96450937631557     
          26  0.474977324784684        2.96450937631557     
  0.436223477748273        1.93831854025000     
          25  0.513731171821094        3.99070021238114     
  0.474977324784684        2.96450937631557     
          26  0.474977324784684        2.96450937631557     
  0.436223477748273        1.93831854025000     
          25  0.512481099257796        3.98289804659006     
  0.473725048732044        2.95669345773152     
          26  0.473725048732044        2.95669345773152     
  0.434968998206291        1.93048886887298     
          25  0.512481099257796        3.98289804659006     
  0.473725048732044        2.95669345773152     
          26  0.473725048732044        2.95669345773152     
  0.434968998206291        1.93048886887298     
          25  0.512481099257796        3.98289804659006     
  0.473725048732044        2.95669345773152     
          26  0.473725048732044        2.95669345773152     
  0.434968998206291        1.93048886887298     
          25  0.512481099257796        3.98289804659006     
  0.473725048732044        2.95669345773152     
          26  0.473725048732044        2.95669345773152     
  0.434968998206291        1.93048886887298     
          25  0.512481099257796        3.98289804659006     
  0.473725048732044        2.95669345773152     
          26  0.473725048732044        2.95669345773152     
  0.434968998206291        1.93048886887298     
          25  0.511161160127614        3.97465981768226     
  0.472437133053656        2.94865509904520     
          26  0.472437133053656        2.94865509904520     
  0.433713105979696        1.92265038040815     
          25  0.511161160127614        3.97465981768226     
  0.472437133053656        2.94865509904520     
          26  0.472437133053656        2.94865509904520     
  0.433713105979696        1.92265038040815     
          25  0.511161160127614        3.97465981768226     
  0.472437133053656        2.94865509904520     
          26  0.472437133053656        2.94865509904520     
  0.433713105979696        1.92265038040815     
          25  0.511161160127614        3.97465981768226     
  0.472437133053656        2.94865509904520     
          26  0.472437133053656        2.94865509904520     
  0.433713105979696        1.92265038040815     
          25  0.511161160127614        3.97465981768226     
  0.472437133053656        2.94865509904520     
          26  0.472437133053656        2.94865509904520     
  0.433713105979696        1.92265038040815     
          25  0.510402698479458        3.96992597766463     
  0.471692119398757        2.94400519293351     
          26  0.471692119398757        2.94400519293351     
  0.432981540318055        1.91808440820240     
          25  0.510402698479458        3.96992597766463     
  0.471692119398757        2.94400519293351     
          26  0.471692119398757        2.94400519293351     
  0.432981540318055        1.91808440820240     
          25  0.510402698479458        3.96992597766463     
  0.471692119398757        2.94400519293351     
          26  0.471692119398757        2.94400519293351     
  0.432981540318055        1.91808440820240     
          25  0.510402698479458        3.96992597766463     
  0.471692119398757        2.94400519293351     
          26  0.471692119398757        2.94400519293351     
  0.432981540318055        1.91808440820240     
          25  0.510402698479458        3.96992597766463     
  0.471692119398757        2.94400519293351     
          26  0.471692119398757        2.94400519293351     
  0.432981540318055        1.91808440820240     
          25  0.509085852055190        3.96170705147972     
  0.470404632647638        2.93596951134113     
          26  0.470404632647638        2.93596951134113     
  0.431723413240087        1.91023197120254     
          25  0.509085852055190        3.96170705147972     
  0.470404632647638        2.93596951134113     
          26  0.470404632647638        2.93596951134113     
  0.431723413240087        1.91023197120254     
          25  0.509085852055190        3.96170705147972     
  0.470404632647638        2.93596951134113     
          26  0.470404632647638        2.93596951134113     
  0.431723413240087        1.91023197120254     
          25  0.509085852055190        3.96170705147972     
  0.470404632647638        2.93596951134113     
          26  0.470404632647638        2.93596951134113     
  0.431723413240087        1.91023197120254     
          25  0.509085852055190        3.96170705147972     
  0.470404632647638        2.93596951134113     
          26  0.470404632647638        2.93596951134113     
  0.431723413240087        1.91023197120254     
          25  0.507804417734809        3.95370914534889     
  0.469134145606158        2.92803993123188     
          26  0.469134145606158        2.92803993123188     
  0.430463873477505        1.90237071711487     
          25  0.507804417734809        3.95370914534889     
  0.469134145606158        2.92803993123188     
          26  0.469134145606158        2.92803993123188     
  0.430463873477505        1.90237071711487     
          25  0.507804417734809        3.95370914534889     
  0.469134145606158        2.92803993123188     
          26  0.469134145606158        2.92803993123188     
  0.430463873477505        1.90237071711487     
          25  0.507804417734809        3.95370914534889     
  0.469134145606158        2.92803993123188     
          26  0.469134145606158        2.92803993123188     
  0.430463873477505        1.90237071711487     
          25  0.507804417734809        3.95370914534889     
  0.469134145606158        2.92803993123188     
          26  0.469134145606158        2.92803993123188     
  0.430463873477505        1.90237071711487     
          25  0.507804417734809        3.95370914534889     
  0.469134145606158        2.92803993123188     
          25  0.507111897968352        3.94938687303435     
  0.468421041479384        2.92358918430187     
          26  0.468421041479384        2.92358918430187     
  0.429730184990415        1.89779149556938     
          25  0.507111897968352        3.94938687303435     
  0.468421041479384        2.92358918430187     
          26  0.468421041479384        2.92358918430187     
  0.429730184990415        1.89779149556938     
          25  0.507111897968352        3.94938687303435     
  0.468421041479384        2.92358918430187     
          26  0.468421041479384        2.92358918430187     
  0.429730184990415        1.89779149556938     
          25  0.507111897968352        3.94938687303435     
  0.468421041479384        2.92358918430187     
          26  0.468421041479384        2.92358918430187     
  0.429730184990415        1.89779149556938     
          25  0.507111897968352        3.94938687303435     
  0.468421041479384        2.92358918430187     
          26  0.468421041479384        2.92358918430187     
  0.429730184990415        1.89779149556938     
          25  0.505865770971250        3.94160933298302     
  0.467167090673856        2.91576281296485     
          26  0.467167090673856        2.91576281296485     
  0.428468410376462        1.88991629294669     
          25  0.505865770971250        3.94160933298302     
  0.467167090673856        2.91576281296485     
          26  0.467167090673856        2.91576281296485     
  0.428468410376462        1.88991629294669     
          25  0.505865770971250        3.94160933298302     
  0.467167090673856        2.91576281296485     
          26  0.467167090673856        2.91576281296485     
  0.428468410376462        1.88991629294669     
          25  0.505865770971250        3.94160933298302     
  0.467167090673856        2.91576281296485     
          26  0.467167090673856        2.91576281296485     
  0.428468410376462        1.88991629294669     
          25  0.505865770971250        3.94160933298302     
  0.467167090673856        2.91576281296485     
          26  0.467167090673856        2.91576281296485     
  0.428468410376462        1.88991629294669     
          25  0.504615793969488        3.93380776362688     
  0.465910508523692        2.90792001843154     
          26  0.465910508523692        2.90792001843154     
  0.427205223077896        1.88203227323620     
          25  0.504615793969488        3.93380776362688     
  0.465910508523692        2.90792001843154     
          26  0.465910508523692        2.90792001843154     
  0.427205223077896        1.88203227323620     
          25  0.504615793969488        3.93380776362688     
  0.465910508523692        2.90792001843154     
          26  0.465910508523692        2.90792001843154     
  0.427205223077896        1.88203227323620     
          25  0.504615793969488        3.93380776362688     
  0.465910508523692        2.90792001843154     
          26  0.465910508523692        2.90792001843154     
  0.427205223077896        1.88203227323620     
          25  0.504615793969488        3.93380776362688     
  0.465910508523692        2.90792001843154     
          26  0.465910508523692        2.90792001843154     
  0.427205223077896        1.88203227323620     
          25  0.503880809748455        3.92922045492602     
  0.465175110756909        2.90333012863850     
          26  0.465175110756909        2.90333012863850     
  0.426469411765362        1.87743980235099     
          25  0.503880809748455        3.92922045492602     
  0.465175110756909        2.90333012863850     
          26  0.465175110756909        2.90333012863850     
  0.426469411765362        1.87743980235099     
          25  0.503880809748455        3.92922045492602     
  0.465175110756909        2.90333012863850     
          26  0.465175110756909        2.90333012863850     
  0.426469411765362        1.87743980235099     
          25  0.503880809748455        3.92922045492602     
  0.465175110756909        2.90333012863850     
          26  0.465175110756909        2.90333012863850     
  0.426469411765362        1.87743980235099     
          25  0.503880809748455        3.92922045492602     
  0.465175110756909        2.90333012863850     
          26  0.465175110756909        2.90333012863850     
  0.426469411765362        1.87743980235099     
          25  0.502624688815280        3.92138053901872     
  0.463914339215352        2.89546118656210     
          26  0.463914339215352        2.89546118656210     
  0.425203989615424        1.86954183410548     
          25  0.502624688815280        3.92138053901872     
  0.463914339215352        2.89546118656210     
          26  0.463914339215352        2.89546118656210     
  0.425203989615424        1.86954183410548     
          25  0.502624688815280        3.92138053901872     
  0.463914339215352        2.89546118656210     
          26  0.463914339215352        2.89546118656210     
  0.425203989615424        1.86954183410548     
          25  0.502624688815280        3.92138053901872     
  0.463914339215352        2.89546118656210     
          26  0.463914339215352        2.89546118656210     
  0.425203989615424        1.86954183410548     
          25  0.502624688815280        3.92138053901872     
  0.463914339215352        2.89546118656210     
          26  0.463914339215352        2.89546118656210     
  0.425203989615424        1.86954183410548     
          25  0.501367155197492        3.91353180602362     
  0.462652154989183        2.88758342739789     
          26  0.462652154989183        2.88758342739789     
  0.423937154780873        1.86163504877215     
          25  0.501367155197492        3.91353180602362     
  0.462652154989183        2.88758342739789     
          26  0.462652154989183        2.88758342739789     
  0.423937154780873        1.86163504877215     
          25  0.501367155197492        3.91353180602362     
  0.462652154989183        2.88758342739789     
          26  0.462652154989183        2.88758342739789     
  0.423937154780873        1.86163504877215     
          25  0.501367155197492        3.91353180602362     
  0.462652154989183        2.88758342739789     
          26  0.462652154989183        2.88758342739789     
  0.423937154780873        1.86163504877215     
          25  0.501367155197492        3.91353180602362     
  0.462652154989183        2.88758342739789     
          26  0.462652154989183        2.88758342739789     
  0.423937154780873        1.86163504877215     
          25  0.500634634264399        3.90895987161499     
  0.461916927453645        2.88299460008110     
          26  0.461916927453645        2.88299460008110     
  0.423199220642890        1.85702932854720     
          25  0.500634634264399        3.90895987161499     
  0.461916927453645        2.88299460008110     
          26  0.461916927453645        2.88299460008110     
  0.423199220642890        1.85702932854720     
          25  0.500634634264399        3.90895987161499     
  0.461916927453645        2.88299460008110     
          26  0.461916927453645        2.88299460008110     
  0.423199220642890        1.85702932854720     
          25  0.500634634264399        3.90895987161499     
  0.461916927453645        2.88299460008110     
          26  0.461916927453645        2.88299460008110     
  0.423199220642890        1.85702932854720     
          25  0.500634634264399        3.90895987161499     
  0.461916927453645        2.88299460008110     
          26  0.461916927453645        2.88299460008110     
  0.423199220642890        1.85702932854720     
          25  0.499374865795238        3.90109719008486     
  0.460652508376102        2.87510289238186     
          26  0.460652508376102        2.87510289238186     
  0.421930150956966        1.84910859467885     
          25  0.499374865795238        3.90109719008486     
  0.460652508376102        2.87510289238186     
          26  0.460652508376102        2.87510289238186     
  0.421930150956966        1.84910859467885     
          25  0.499374865795238        3.90109719008486     
  0.460652508376102        2.87510289238186     
          26  0.460652508376102        2.87510289238186     
  0.421930150956966        1.84910859467885     
          25  0.499374865795238        3.90109719008486     
  0.460652508376102        2.87510289238186     
          26  0.460652508376102        2.87510289238186     
  0.421930150956966        1.84910859467885     
          25  0.499374865795238        3.90109719008486     
  0.460652508376102        2.87510289238186     
          26  0.460652508376102        2.87510289238186     
  0.421930150956966        1.84910859467885     
          25  0.498113684641463        3.89322569146691     
  0.459386676613946        2.86720236759480     
          26  0.459386676613946        2.86720236759480     
  0.420659668586429        1.84117904372269     
          25  0.498113684641463        3.89322569146691     
  0.459386676613946        2.86720236759480     
          26  0.459386676613946        2.86720236759480     
  0.420659668586429        1.84117904372269     
          25  0.498113684641463        3.89322569146691     
  0.459386676613946        2.86720236759480     
          26  0.459386676613946        2.86720236759480     
  0.420659668586429        1.84117904372269     
          25  0.498113684641463        3.89322569146691     
  0.459386676613946        2.86720236759480     
          26  0.459386676613946        2.86720236759480     
  0.420659668586429        1.84117904372269     
          25  0.498113684641463        3.89322569146691     
  0.459386676613946        2.86720236759480     
          26  0.459386676613946        2.86720236759480     
  0.420659668586429        1.84117904372269     
          25  0.497379040882922        3.88864050771854     
  0.458649326252961        2.86260029093828     
          26  0.458649326252961        2.86260029093828     
  0.419919611623000        1.83656007415801     
          25  0.497379040882922        3.88864050771854     
  0.458649326252961        2.86260029093828     
          26  0.458649326252961        2.86260029093828     
  0.419919611623000        1.83656007415801     
          25  0.497379040882922        3.88864050771854     
  0.458649326252961        2.86260029093828     
          26  0.458649326252961        2.86260029093828     
  0.419919611623000        1.83656007415801     
          25  0.497379040882922        3.88864050771854     
  0.458649326252961        2.86260029093828     
          26  0.458649326252961        2.86260029093828     
  0.419919611623000        1.83656007415801     
          25  0.497379040882922        3.88864050771854     
  0.458649326252961        2.86260029093828     
          26  0.458649326252961        2.86260029093828     
  0.419919611623000        1.83656007415801     
          25  0.496115624877774        3.88075506056558     
  0.457381259639432        2.85468581761620     
          26  0.457381259639432        2.85468581761620     
  0.418646894401090        1.82861657466683     
          25  0.496115624877774        3.88075506056558     
  0.457381259639432        2.85468581761620     
          26  0.457381259639432        2.85468581761620     
  0.418646894401090        1.82861657466683     
          25  0.496115624877774        3.88075506056558     
  0.457381259639432        2.85468581761620     
          26  0.457381259639432        2.85468581761620     
  0.418646894401090        1.82861657466683     
          25  0.496115624877774        3.88075506056558     
  0.457381259639432        2.85468581761620     
          26  0.457381259639432        2.85468581761620     
  0.418646894401090        1.82861657466683     
          25  0.496115624877774        3.88075506056558     
  0.457381259639432        2.85468581761620     
          26  0.457381259639432        2.85468581761620     
  0.418646894401090        1.82861657466683     
          25  0.494850796188014        3.87286079632480     
  0.456111780341291        2.84676252720632     
          26  0.456111780341291        2.84676252720632     
  0.417372764494567        1.82066425808784     
          25  0.494850796188014        3.87286079632480     
  0.456111780341291        2.84676252720632     
          26  0.456111780341291        2.84676252720632     
  0.417372764494567        1.82066425808784     
          25  0.494850796188014        3.87286079632480     
  0.456111780341291        2.84676252720632     
          26  0.456111780341291        2.84676252720632     
  0.417372764494567        1.82066425808784     
          25  0.494850796188014        3.87286079632480     
  0.456111780341291        2.84676252720632     
          26  0.456111780341291        2.84676252720632     
  0.417372764494567        1.82066425808784     
          25  0.494850796188014        3.87286079632480     
  0.456111780341291        2.84676252720632     
          26  0.456111780341291        2.84676252720632     
  0.417372764494567        1.82066425808784     
          25  0.494114029604027        3.86826236323671     
  0.455372307154859        2.84214720121007     
          26  0.455372307154859        2.84214720121007     
  0.416630584705691        1.81603203918342     
          25  0.494114029604027        3.86826236323671     
  0.455372307154859        2.84214720121007     
          26  0.455372307154859        2.84214720121007     
  0.416630584705691        1.81603203918342     
          25  0.494114029604027        3.86826236323671     
  0.455372307154859        2.84214720121007     
          26  0.455372307154859        2.84214720121007     
  0.416630584705691        1.81603203918342     
          25  0.494114029604027        3.86826236323671     
  0.455372307154859        2.84214720121007     
          26  0.455372307154859        2.84214720121007     
  0.416630584705691        1.81603203918342     
          25  0.494114029604027        3.86826236323671     
  0.455372307154859        2.84214720121007     
          26  0.455372307154859        2.84214720121007     
  0.416630584705691        1.81603203918342     
          25  0.492846966062896        3.86035415046092     
  0.454100593005346        2.83420996226517     
          26  0.454100593005346        2.83420996226517     
  0.415354219947796        1.80806577406941     
          25  0.492846966062896        3.86035415046092     
  0.454100593005346        2.83420996226517     
          26  0.454100593005346        2.83420996226517     
  0.415354219947796        1.80806577406941     
          25  0.492846966062896        3.86035415046092     
  0.454100593005346        2.83420996226517     
          26  0.454100593005346        2.83420996226517     
  0.415354219947796        1.80806577406941     
          25  0.492846966062896        3.86035415046092     
  0.454100593005346        2.83420996226517     
          26  0.454100593005346        2.83420996226517     
  0.415354219947796        1.80806577406941     
          25  0.492846966062896        3.86035415046092     
  0.454100593005346        2.83420996226517     
          26  0.454100593005346        2.83420996226517     
  0.415354219947796        1.80806577406941     
          25  0.491578489837153        3.85243712059733     
  0.452827466171221        2.82626390623246     
          26  0.452827466171221        2.82626390623246     
  0.414076442505288        1.80009069186759     
          25  0.491578489837153        3.85243712059733     
  0.452827466171221        2.82626390623246     
          26  0.452827466171221        2.82626390623246     
  0.414076442505288        1.80009069186759     
          25  0.491578489837153        3.85243712059733     
  0.452827466171221        2.82626390623246     
          26  0.452827466171221        2.82626390623246     
  0.414076442505288        1.80009069186759     
          25  0.491578489837153        3.85243712059733     
  0.452827466171221        2.82626390623246     
          26  0.452827466171221        2.82626390623246     
  0.414076442505288        1.80009069186759     
          25  0.491578489837153        3.85243712059733     
  0.452827466171221        2.82626390623246     
          26  0.452827466171221        2.82626390623246     
  0.414076442505288        1.80009069186759     
          25  0.490839600427722        3.84782543816952     
  0.452085870159344        2.82163533089648     
          26  0.452085870159344        2.82163533089648     
  0.413332139890966        1.79544522362345     
          25  0.490839600427722        3.84782543816952     
  0.452085870159344        2.82163533089648     
          26  0.452085870159344        2.82163533089648     
  0.413332139890966        1.79544522362345     
          25  0.490839600427722        3.84782543816952     
  0.452085870159344        2.82163533089648     
          26  0.452085870159344        2.82163533089648     
  0.413332139890966        1.79544522362345     
          25  0.490839600427722        3.84782543816952     
  0.452085870159344        2.82163533089648     
          26  0.452085870159344        2.82163533089648     
  0.413332139890966        1.79544522362345     
          25  0.490839600427722        3.84782543816952     
  0.452085870159344        2.82163533089648     
          26  0.452085870159344        2.82163533089648     
  0.413332139890966        1.79544522362345     
          25  0.489568889350605        3.83989445977090     
  0.450810508473846        2.81367532632875     
          26  0.450810508473846        2.81367532632875     
  0.412052127597085        1.78745619288661     
          25  0.489568889350605        3.83989445977090     
  0.450810508473846        2.81367532632875     
          26  0.450810508473846        2.81367532632875     
  0.412052127597085        1.78745619288661     
          25  0.489568889350605        3.83989445977090     
  0.450810508473846        2.81367532632875     
          26  0.450810508473846        2.81367532632875     
  0.412052127597085        1.78745619288661     
          25  0.489568889350605        3.83989445977090     
  0.450810508473846        2.81367532632875     
          26  0.450810508473846        2.81367532632875     
  0.412052127597085        1.78745619288661     
          25  0.489568889350605        3.83989445977090     
  0.450810508473846        2.81367532632875     
          26  0.450810508473846        2.81367532632875     
  0.412052127597085        1.78745619288661     
          25  0.488296765588875        3.83195466428447     
  0.449533734103733        2.80570650467321     
          26  0.449533734103733        2.80570650467321     
  0.410770702618592        1.77945834506195     
          25  0.488296765588875        3.83195466428447     
  0.449533734103733        2.80570650467321     
          26  0.449533734103733        2.80570650467321     
  0.410770702618592        1.77945834506195     
          25  0.488296765588875        3.83195466428447     
  0.449533734103733        2.80570650467321     
          26  0.449533734103733        2.80570650467321     
  0.410770702618592        1.77945834506195     
          25  0.488296765588875        3.83195466428447     
  0.449533734103733        2.80570650467321     
          26  0.449533734103733        2.80570650467321     
  0.410770702618592        1.77945834506195     
          25  0.488296765588875        3.83195466428447     
  0.449533734103733        2.80570650467321     
          26  0.449533734103733        2.80570650467321     
  0.410770702618592        1.77945834506195     
          25  0.487555753353992        3.82732973251689     
  0.448790015266408        2.80106467999748     
          26  0.448790015266408        2.80106467999748     
  0.410024277178822        1.77479962747808     
          25  0.487555753353992        3.82732973251689     
  0.448790015266408        2.80106467999748     
          26  0.448790015266408        2.80106467999748     
  0.410024277178822        1.77479962747808     
          25  0.487555753353992        3.82732973251689     
  0.448790015266408        2.80106467999748     
          26  0.448790015266408        2.80106467999748     
  0.410024277178822        1.77479962747808     
          25  0.487555753353992        3.82732973251689     
  0.448790015266408        2.80106467999748     
          26  0.448790015266408        2.80106467999748     
  0.410024277178822        1.77479962747808     
          25  0.487555753353992        3.82732973251689     
  0.448790015266408        2.80106467999748     
          26  0.448790015266408        2.80106467999748     
  0.410024277178822        1.77479962747808     
          25  0.486281394740888        3.81937598849543     
  0.447511006044922        2.79308190980691     
          26  0.447511006044922        2.79308190980691     
  0.408740617348955        1.76678783111840     
          25  0.486281394740888        3.81937598849543     
  0.447511006044922        2.79308190980691     
          26  0.447511006044922        2.79308190980691     
  0.408740617348955        1.76678783111840     
          25  0.486281394740888        3.81937598849543     
  0.447511006044922        2.79308190980691     
          26  0.447511006044922        2.79308190980691     
  0.408740617348955        1.76678783111840     
          25  0.486281394740888        3.81937598849543     
  0.447511006044922        2.79308190980691     
          26  0.447511006044922        2.79308190980691     
  0.408740617348955        1.76678783111840     
          25  0.486281394740888        3.81937598849543     
  0.447511006044922        2.79308190980691     
          26  0.447511006044922        2.79308190980691     
  0.408740617348955        1.76678783111840     
          25  0.485005623443171        3.81141342738616     
  0.446230584138824        2.78509032252854     
          26  0.446230584138824        2.78509032252854     
  0.407455544834476        1.75876721767091     
          25  0.485005623443171        3.81141342738616     
  0.446230584138824        2.78509032252854     
          26  0.446230584138824        2.78509032252854     
  0.407455544834476        1.75876721767091     
          25  0.485005623443171        3.81141342738616     
  0.446230584138824        2.78509032252854     
          26  0.446230584138824        2.78509032252854     
  0.407455544834476        1.75876721767091     
          25  0.485005623443171        3.81141342738616     
  0.446230584138824        2.78509032252854     
          26  0.446230584138824        2.78509032252854     
  0.407455544834476        1.75876721767091     
          25  0.485005623443171        3.81141342738616     
  0.446230584138824        2.78509032252854     
          26  0.446230584138824        2.78509032252854     
  0.407455544834476        1.75876721767091     
          25  0.484262488382845        3.80677524627887     
  0.445484742476053        2.78043524851309     
          26  0.445484742476053        2.78043524851309     
  0.406706996569260        1.75409525074730     
          25  0.484262488382845        3.80677524627887     
  0.445484742476053        2.78043524851309     
          26  0.445484742476053        2.78043524851309     
  0.406706996569260        1.75409525074730     
          25  0.484262488382845        3.80677524627887     
  0.445484742476053        2.78043524851309     
          26  0.445484742476053        2.78043524851309     
  0.406706996569260        1.75409525074730     
          25  0.484262488382845        3.80677524627887     
  0.445484742476053        2.78043524851309     
          26  0.445484742476053        2.78043524851309     
  0.406706996569260        1.75409525074730     
          25  0.484262488382845        3.80677524627887     
  0.445484742476053        2.78043524851309     
          26  0.445484742476053        2.78043524851309     
  0.406706996569260        1.75409525074730     
          25  0.482984482233757        3.79879873663459     
  0.444202085718583        2.77242971269969     
          26  0.444202085718583        2.77242971269969     
  0.405419689203408        1.74606068876480     
          25  0.482984482233757        3.79879873663459     
  0.444202085718583        2.77242971269969     
          26  0.444202085718583        2.77242971269969     
  0.405419689203408        1.74606068876480     
          25  0.482984482233757        3.79879873663459     
  0.444202085718583        2.77242971269969     
          26  0.444202085718583        2.77242971269969     
  0.405419689203408        1.74606068876480     
          25  0.482984482233757        3.79879873663459     
  0.444202085718583        2.77242971269969     
          26  0.444202085718583        2.77242971269969     
  0.405419689203408        1.74606068876480     
          25  0.482984482233757        3.79879873663459     
  0.444202085718583        2.77242971269969     
          26  0.444202085718583        2.77242971269969     
  0.405419689203408        1.74606068876480     
          25  0.481705063400056        3.79081340990250     
  0.442918016276500        2.76441535979849     
          26  0.442918016276500        2.76441535979849     
  0.404130969152944        1.73801730969448     
          25  0.481705063400056        3.79081340990250     
  0.442918016276500        2.76441535979849     
          26  0.442918016276500        2.76441535979849     
  0.404130969152944        1.73801730969448     
          25  0.481705063400056        3.79081340990250     
  0.442918016276500        2.76441535979849     
          26  0.442918016276500        2.76441535979849     
  0.404130969152944        1.73801730969448     
          25  0.481705063400056        3.79081340990250     
  0.442918016276500        2.76441535979849     
          26  0.442918016276500        2.76441535979849     
  0.404130969152944        1.73801730969448     
          25  0.481705063400056        3.79081340990250     
  0.442918016276500        2.76441535979849     
          26  0.442918016276500        2.76441535979849     
  0.404130969152944        1.73801730969448     
          25  0.480959805514283        3.78616197945548     
  0.442170051788283        2.75974703644331     
          26  0.442170051788283        2.75974703644331     
  0.403380298062281        1.73333209343114     
          25  0.480959805514283        3.78616197945548     
  0.442170051788283        2.75974703644331     
          26  0.442170051788283        2.75974703644331     
  0.403380298062281        1.73333209343114     
          25  0.480959805514283        3.78616197945548     
  0.442170051788283        2.75974703644331     
          26  0.442170051788283        2.75974703644331     
  0.403380298062281        1.73333209343114     
          25  0.480959805514283        3.78616197945548     
  0.442170051788283        2.75974703644331     
          26  0.442170051788283        2.75974703644331     
  0.403380298062281        1.73333209343114     
          25  0.480959805514283        3.78616197945548     
  0.442170051788283        2.75974703644331     
          26  0.442170051788283        2.75974703644331     
  0.403380298062281        1.73333209343114     
          25  0.479678151829209        3.77816270418836     
  0.440883747494827        2.75171873500708     
          26  0.440883747494827        2.75171873500708     
  0.402089343160444        1.72527476582580     
          25  0.479678151829209        3.77816270418836     
  0.440883747494827        2.75171873500708     
          26  0.440883747494827        2.75171873500708     
  0.402089343160444        1.72527476582580     
          25  0.479678151829209        3.77816270418836     
  0.440883747494827        2.75171873500708     
          26  0.440883747494827        2.75171873500708     
  0.402089343160444        1.72527476582580     
          25  0.479678151829209        3.77816270418836     
  0.440883747494827        2.75171873500708     
          26  0.440883747494827        2.75171873500708     
  0.402089343160444        1.72527476582580     
          25  0.479678151829209        3.77816270418836     
  0.440883747494827        2.75171873500708     
          26  0.440883747494827        2.75171873500708     
  0.402089343160444        1.72527476582580     
          25  0.478395085459521        3.77015461183343     
  0.439596030516758        2.74368161648304     
          26  0.439596030516758        2.74368161648304     
  0.400796975573994        1.71720862113265     
          25  0.478395085459521        3.77015461183343     
  0.439596030516758        2.74368161648304     
          26  0.439596030516758        2.74368161648304     
  0.400796975573994        1.71720862113265     
          25  0.478395085459521        3.77015461183343     
  0.439596030516758        2.74368161648304     
          26  0.439596030516758        2.74368161648304     
  0.400796975573994        1.71720862113265     
          25  0.478395085459521        3.77015461183343     
  0.439596030516758        2.74368161648304     
          26  0.439596030516758        2.74368161648304     
  0.400796975573994        1.71720862113265     
          25  0.478395085459521        3.77015461183343     
  0.439596030516758        2.74368161648304     
          26  0.439596030516758        2.74368161648304     
  0.400796975573994        1.71720862113265     
          25  0.477647704748299        3.76548993204666     
  0.438845943203091        2.73900004378812     
          26  0.438845943203091        2.73900004378812     
  0.400044181657884        1.71251015552958     
          25  0.477647704748299        3.76548993204666     
  0.438845943203091        2.73900004378812     
          26  0.438845943203091        2.73900004378812     
  0.400044181657884        1.71251015552958     
          25  0.477647704748299        3.76548993204666     
  0.438845943203091        2.73900004378812     
          26  0.438845943203091        2.73900004378812     
  0.400044181657884        1.71251015552958     
          25  0.477647704748299        3.76548993204666     
  0.438845943203091        2.73900004378812     
          26  0.438845943203091        2.73900004378812     
  0.400044181657884        1.71251015552958     
          25  0.477647704748299        3.76548993204666     
  0.438845943203091        2.73900004378812     
          26  0.438845943203091        2.73900004378812     
  0.400044181657884        1.71251015552958     
          25  0.476362403527238        3.75746789115671     
  0.437555991373650        2.73094897672906     
          26  0.437555991373650        2.73094897672906     
  0.398749579220060        1.70443006230141     
          25  0.476362403527238        3.75746789115671     
  0.437555991373650        2.73094897672906     
          26  0.437555991373650        2.73094897672906     
  0.398749579220060        1.70443006230141     
          25  0.476362403527238        3.75746789115671     
  0.437555991373650        2.73094897672906     
          26  0.437555991373650        2.73094897672906     
  0.398749579220060        1.70443006230141     
          25  0.476362403527238        3.75746789115671     
  0.437555991373650        2.73094897672906     
          26  0.437555991373650        2.73094897672906     
  0.398749579220060        1.70443006230141     
          25  0.476362403527238        3.75746789115671     
  0.437555991373650        2.73094897672906     
          26  0.437555991373650        2.73094897672906     
  0.398749579220060        1.70443006230141     
          25  0.475075689621566        3.74943703317895     
  0.436264626859596        2.72288909258219     
          26  0.436264626859596        2.72288909258219     
  0.397453564097625        1.69634115198543     
          25  0.475075689621566        3.74943703317895     
  0.436264626859596        2.72288909258219     
          26  0.436264626859596        2.72288909258219     
  0.397453564097625        1.69634115198543     
          25  0.475075689621566        3.74943703317895     
  0.436264626859596        2.72288909258219     
          26  0.436264626859596        2.72288909258219     
  0.397453564097625        1.69634115198543     
          25  0.475075689621566        3.74943703317895     
  0.436264626859596        2.72288909258219     
          26  0.436264626859596        2.72288909258219     
  0.397453564097625        1.69634115198543     
          25  0.475075689621566        3.74943703317895     
  0.436264626859596        2.72288909258219     
          26  0.436264626859596        2.72288909258219     
  0.397453564097625        1.69634115198543     
          25  0.474326186084901        3.74475910405247     
  0.435512416720485        2.71819427054755     
          26  0.435512416720485        2.71819427054755     
  0.396698647356069        1.69162943704263     
          25  0.474326186084901        3.74475910405247     
  0.435512416720485        2.71819427054755     
          26  0.435512416720485        2.71819427054755     
  0.396698647356069        1.69162943704263     
          25  0.474326186084901        3.74475910405247     
  0.435512416720485        2.71819427054755     
          26  0.435512416720485        2.71819427054755     
  0.396698647356069        1.69162943704263     
          25  0.474326186084901        3.74475910405247     
  0.435512416720485        2.71819427054755     
          26  0.435512416720485        2.71819427054755     
  0.396698647356069        1.69162943704263     
          25  0.474326186084901        3.74475910405247     
  0.435512416720485        2.71819427054755     
          26  0.435512416720485        2.71819427054755     
  0.396698647356069        1.69162943704263     
          25  0.473037237327856        3.73671429753970     
  0.434218817355059        2.71012043786566     
          26  0.434218817355059        2.71012043786566     
  0.395400397382261        1.68352657819163     
          25  0.473037237327856        3.73671429753970     
  0.434218817355059        2.71012043786566     
          26  0.434218817355059        2.71012043786566     
  0.395400397382261        1.68352657819163     
          25  0.473037237327856        3.73671429753970     
  0.434218817355059        2.71012043786566     
          26  0.434218817355059        2.71012043786566     
  0.395400397382261        1.68352657819163     
          25  0.473037237327856        3.73671429753970     
  0.434218817355059        2.71012043786566     
          26  0.434218817355059        2.71012043786566     
  0.395400397382261        1.68352657819163     
          25  0.473037237327856        3.73671429753970     
  0.434218817355059        2.71012043786566     
          26  0.434218817355059        2.71012043786566     
  0.395400397382261        1.68352657819163     
          25  0.471746875886198        3.72866067393910     
  0.432923805305019        2.70203778809596     
          26  0.432923805305019        2.70203778809596     
  0.394100734723839        1.67541490225281     
          25  0.471746875886198        3.72866067393910     
  0.432923805305019        2.70203778809596     
          26  0.432923805305019        2.70203778809596     
  0.394100734723839        1.67541490225281     
          25  0.471746875886198        3.72866067393910     
  0.432923805305019        2.70203778809596     
          26  0.432923805305019        2.70203778809596     
  0.394100734723839        1.67541490225281     
          25  0.471746875886198        3.72866067393910     
  0.432923805305019        2.70203778809596     
          26  0.432923805305019        2.70203778809596     
  0.394100734723839        1.67541490225281     
          25  0.471746875886198        3.72866067393910     
  0.432923805305019        2.70203778809596     
          26  0.432923805305019        2.70203778809596     
  0.394100734723839        1.67541490225281     
          25  0.470995249524083        3.72396949547288     
  0.432169472340460        2.69732971672158     
          26  0.432169472340460        2.69732971672158     
  0.393343695156836        1.67068993797028     
          25  0.470995249524083        3.72396949547288     
  0.432169472340460        2.69732971672158     
          26  0.432169472340460        2.69732971672158     
  0.393343695156836        1.67068993797028     
          25  0.470995249524083        3.72396949547288     
  0.432169472340460        2.69732971672158     
          26  0.432169472340460        2.69732971672158     
  0.393343695156836        1.67068993797028     
          25  0.470995249524083        3.72396949547288     
  0.432169472340460        2.69732971672158     
          26  0.432169472340460        2.69732971672158     
  0.393343695156836        1.67068993797028     
          25  0.470995249524083        3.72396949547288     
  0.432169472340460        2.69732971672158     
          26  0.432169472340460        2.69732971672158     
  0.393343695156836        1.67068993797028     
          25  0.469702653231051        3.71590192333726     
  0.430872225439047        2.68923311841685     
          26  0.430872225439047        2.68923311841685     
  0.392041797647042        1.66256431349644     
          25  0.469702653231051        3.71590192333726     
  0.430872225439047        2.68923311841685     
          26  0.430872225439047        2.68923311841685     
  0.392041797647042        1.66256431349644     
          25  0.469702653231051        3.71590192333726     
  0.430872225439047        2.68923311841685     
          26  0.430872225439047        2.68923311841685     
  0.392041797647042        1.66256431349644     
          25  0.469702653231051        3.71590192333726     
  0.430872225439047        2.68923311841685     
          26  0.430872225439047        2.68923311841685     
  0.392041797647042        1.66256431349644     
          25  0.469702653231051        3.71590192333726     
  0.430872225439047        2.68923311841685     
          26  0.430872225439047        2.68923311841685     
  0.392041797647042        1.66256431349644     
          25  0.468408644253408        3.70782553411384     
  0.429573565853022        2.68112770302432     
          26  0.429573565853022        2.68112770302432     
  0.390738487452635        1.65442987193480     
          25  0.468408644253408        3.70782553411384     
  0.429573565853022        2.68112770302432     
          26  0.429573565853022        2.68112770302432     
  0.390738487452635        1.65442987193480     
          25  0.468408644253408        3.70782553411384     
  0.429573565853022        2.68112770302432     
          26  0.429573565853022        2.68112770302432     
  0.390738487452635        1.65442987193480     
          25  0.468408644253408        3.70782553411384     
  0.429573565853022        2.68112770302432     
          26  0.429573565853022        2.68112770302432     
  0.390738487452635        1.65442987193480     
          25  0.468408644253408        3.70782553411384     
  0.429573565853022        2.68112770302432     
          26  0.429573565853022        2.68112770302432     
  0.390738487452635        1.65442987193480     
          25  0.467654895065848        3.70312110630789     
  0.428817110063017        2.67640638231021     
          26  0.428817110063017        2.67640638231021     
  0.389979325060186        1.64969165831253     
          25  0.467654895065848        3.70312110630789     
  0.428817110063017        2.67640638231021     
          26  0.428817110063017        2.67640638231021     
  0.389979325060186        1.64969165831253     
          25  0.467654895065848        3.70312110630789     
  0.428817110063017        2.67640638231021     
          26  0.428817110063017        2.67640638231021     
  0.389979325060186        1.64969165831253     
          25  0.467654895065848        3.70312110630789     
  0.428817110063017        2.67640638231021     
          26  0.428817110063017        2.67640638231021     
  0.389979325060186        1.64969165831253     
          25  0.467654895065848        3.70312110630789     
  0.428817110063017        2.67640638231021     
          26  0.428817110063017        2.67640638231021     
  0.389979325060186        1.64969165831253     
          25  0.466358651236832        3.69503076854945     
  0.427516215625620        2.66828701838266     
          26  0.427516215625620        2.66828701838266     
  0.388673780014406        1.64154326821587     
          25  0.466358651236832        3.69503076854945     
  0.427516215625620        2.66828701838266     
          26  0.427516215625620        2.66828701838266     
  0.388673780014406        1.64154326821587     
          25  0.466358651236832        3.69503076854945     
  0.427516215625620        2.66828701838266     
          26  0.427516215625620        2.66828701838266     
  0.388673780014406        1.64154326821587     
          25  0.466358651236832        3.69503076854945     
  0.427516215625620        2.66828701838266     
          26  0.427516215625620        2.66828701838266     
  0.388673780014406        1.64154326821587     
          25  0.466358651236832        3.69503076854945     
  0.427516215625620        2.66828701838266     
          26  0.427516215625620        2.66828701838266     
  0.388673780014406        1.64154326821587     
          25  0.465060994723204        3.68693161370320     
  0.426213908503609        2.66015883736730     
          26  0.426213908503609        2.66015883736730     
  0.387366822284014        1.63338606103140     
          25  0.465060994723204        3.68693161370320     
  0.426213908503609        2.66015883736730     
          26  0.426213908503609        2.66015883736730     
  0.387366822284014        1.63338606103140     
          25  0.465060994723204        3.68693161370320     
  0.426213908503609        2.66015883736730     
          26  0.426213908503609        2.66015883736730     
  0.387366822284014        1.63338606103140     
          25  0.465060994723204        3.68693161370320     
  0.426213908503609        2.66015883736730     
          26  0.426213908503609        2.66015883736730     
  0.387366822284014        1.63338606103140     
          25  0.465060994723204        3.68693161370320     
  0.426213908503609        2.66015883736730     
          26  0.426213908503609        2.66015883736730     
  0.387366822284014        1.63338606103140     
          25  0.464305122710197        3.68221393655752     
  0.425455329888158        2.65542426731346     
          26  0.425455329888158        2.65542426731346     
  0.386605537066118        1.62863459806940     
          25  0.464305122710197        3.68221393655752     
  0.425455329888158        2.65542426731346     
          26  0.425455329888158        2.65542426731346     
  0.386605537066118        1.62863459806940     
          25  0.464305122710197        3.68221393655752     
  0.425455329888158        2.65542426731346     
          26  0.425455329888158        2.65542426731346     
  0.386605537066118        1.62863459806940     
          25  0.464305122710197        3.68221393655752     
  0.425455329888158        2.65542426731346     
          26  0.425455329888158        2.65542426731346     
  0.386605537066118        1.62863459806940     
          25  0.464305122710197        3.68221393655752     
  0.425455329888158        2.65542426731346     
          26  0.425455329888158        2.65542426731346     
  0.386605537066118        1.62863459806940     
          25  0.463005231345195        3.67410083317624     
  0.424150787914774        2.64728213776307     
          26  0.424150787914774        2.64728213776307     
  0.385296344484352        1.62046344234990     
          25  0.463005231345195        3.67410083317624     
  0.424150787914774        2.64728213776307     
          26  0.424150787914774        2.64728213776307     
  0.385296344484352        1.62046344234990     
          25  0.463005231345195        3.67410083317624     
  0.424150787914774        2.64728213776307     
          26  0.424150787914774        2.64728213776307     
  0.385296344484352        1.62046344234990     
          25  0.463005231345195        3.67410083317624     
  0.424150787914774        2.64728213776307     
          26  0.424150787914774        2.64728213776307     
  0.385296344484352        1.62046344234990     
          25  0.463005231345195        3.67410083317624     
  0.424150787914774        2.64728213776307     
          26  0.424150787914774        2.64728213776307     
  0.385296344484352        1.62046344234990     
          25  0.461703927295579        3.66597891270715     
  0.422844833256777        2.63913119112487     
          26  0.422844833256777        2.63913119112487     
  0.383985739217974        1.61228346954259     
          25  0.461703927295579        3.66597891270715     
  0.422844833256777        2.63913119112487     
          26  0.422844833256777        2.63913119112487     
  0.383985739217974        1.61228346954259     
          25  0.461703927295579        3.66597891270715     
  0.422844833256777        2.63913119112487     
          26  0.422844833256777        2.63913119112487     
  0.383985739217974        1.61228346954259     
          25  0.461703927295579        3.66597891270715     
  0.422844833256777        2.63913119112487     
          26  0.422844833256777        2.63913119112487     
  0.383985739217974        1.61228346954259     
          25  0.461703927295579        3.66597891270715     
  0.422844833256777        2.63913119112487     
          26  0.422844833256777        2.63913119112487     
  0.383985739217974        1.61228346954259     
          25  0.460945932457124        3.66124798622173     
  0.422084131815878        2.63438337173129     
          26  0.422084131815878        2.63438337173129     
  0.383222331174631        1.60751875724085     
          25  0.460945932457124        3.66124798622173     
  0.422084131815878        2.63438337173129     
          26  0.422084131815878        2.63438337173129     
  0.383222331174631        1.60751875724085     
          25  0.460945932457124        3.66124798622173     
  0.422084131815878        2.63438337173129     
          26  0.422084131815878        2.63438337173129     
  0.383222331174631        1.60751875724085     
          25  0.460945932457124        3.66124798622173     
  0.422084131815878        2.63438337173129     
          26  0.422084131815878        2.63438337173129     
  0.383222331174631        1.60751875724085     
          25  0.460945932457124        3.66124798622173     
  0.422084131815878        2.63438337173129     
          26  0.422084131815878        2.63438337173129     
  0.383222331174631        1.60751875724085     
          25  0.459642393556136        3.65311211721762     
  0.420775942306508        2.62621847655807     
          26  0.420775942306508        2.62621847655807     
  0.381909491056880        1.59932483589852     
          25  0.459642393556136        3.65311211721762     
  0.420775942306508        2.62621847655807     
          26  0.420775942306508        2.62621847655807     
  0.381909491056880        1.59932483589852     
          25  0.459642393556136        3.65311211721762     
  0.420775942306508        2.62621847655807     
          26  0.420775942306508        2.62621847655807     
  0.381909491056880        1.59932483589852     
          25  0.459642393556136        3.65311211721762     
  0.420775942306508        2.62621847655807     
          26  0.420775942306508        2.62621847655807     
  0.381909491056880        1.59932483589852     
          25  0.459642393556136        3.65311211721762     
  0.420775942306508        2.62621847655807     
          26  0.420775942306508        2.62621847655807     
  0.381909491056880        1.59932483589852     
          25  0.458337441970536        3.64496743112570     
  0.419466340112526        2.61804476429705     
          26  0.419466340112526        2.61804476429705     
  0.380595238254516        1.59112209746839     
          25  0.458337441970536        3.64496743112570     
  0.419466340112526        2.61804476429705     
          26  0.419466340112526        2.61804476429705     
  0.380595238254516        1.59112209746839     
          25  0.458337441970536        3.64496743112570     
  0.419466340112526        2.61804476429705     
          26  0.419466340112526        2.61804476429705     
  0.380595238254516        1.59112209746839     
          25  0.458337441970536        3.64496743112570     
  0.419466340112526        2.61804476429705     
          26  0.419466340112526        2.61804476429705     
  0.380595238254516        1.59112209746839     
          25  0.458337441970536        3.64496743112570     
  0.419466340112526        2.61804476429705     
          26  0.419466340112526        2.61804476429705     
  0.380595238254516        1.59112209746839     
          25  0.457577324306636        3.64022325530056     
  0.418703515846182        2.61328369556374     
          26  0.418703515846182        2.61328369556374     
  0.379829707385727        1.58634413582693     
          25  0.457577324306636        3.64022325530056     
  0.418703515846182        2.61328369556374     
          26  0.418703515846182        2.61328369556374     
  0.379829707385727        1.58634413582693     
          25  0.457577324306636        3.64022325530056     
  0.418703515846182        2.61328369556374     
          26  0.418703515846182        2.61328369556374     
  0.379829707385727        1.58634413582693     
          25  0.457577324306636        3.64022325530056     
  0.418703515846182        2.61328369556374     
          26  0.418703515846182        2.61328369556374     
  0.379829707385727        1.58634413582693     
          25  0.457577324306636        3.64022325530056     
  0.418703515846182        2.61328369556374     
          26  0.418703515846182        2.61328369556374     
  0.379829707385727        1.58634413582693     
          25  0.456270137869663        3.63206462067363     
  0.417391678800828        2.60509603476770     
          26  0.417391678800828        2.60509603476770     
  0.378513219731991        1.57812744886177     
          25  0.456270137869663        3.63206462067363     
  0.417391678800828        2.60509603476770     
          26  0.417391678800828        2.60509603476770     
  0.378513219731991        1.57812744886177     
          25  0.456270137869663        3.63206462067363     
  0.417391678800828        2.60509603476770     
          26  0.417391678800828        2.60509603476770     
  0.378513219731991        1.57812744886177     
          25  0.456270137869663        3.63206462067363     
  0.417391678800828        2.60509603476770     
          26  0.417391678800828        2.60509603476770     
  0.378513219731991        1.57812744886177     
          25  0.456270137869663        3.63206462067363     
  0.417391678800828        2.60509603476770     
          26  0.417391678800828        2.60509603476770     
  0.378513219731991        1.57812744886177     
          25  0.454961538748078        3.62389716895888     
  0.416078429070861        2.59689955688384     
          26  0.416078429070861        2.59689955688384     
  0.377195319393642        1.56990194480880     
          25  0.454961538748078        3.62389716895888     
  0.416078429070861        2.59689955688384     
          26  0.416078429070861        2.59689955688384     
  0.377195319393642        1.56990194480880     
          25  0.454961538748078        3.62389716895888     
  0.416078429070861        2.59689955688384     
          26  0.416078429070861        2.59689955688384     
  0.377195319393642        1.56990194480880     
          25  0.454961538748078        3.62389716895888     
  0.416078429070861        2.59689955688384     
          26  0.416078429070861        2.59689955688384     
  0.377195319393642        1.56990194480880     
          25  0.454961538748078        3.62389716895888     
  0.416078429070861        2.59689955688384     
          26  0.416078429070861        2.59689955688384     
  0.377195319393642        1.56990194480880     
          25  0.454199298258731        3.61913974379400     
  0.415313481979069        2.59212523881081     
          26  0.415313481979069        2.59212523881081     
  0.376427665699406        1.56511073382760     
          25  0.454199298258731        3.61913974379400     
  0.415313481979069        2.59212523881081     
          26  0.415313481979069        2.59212523881081     
  0.376427665699406        1.56511073382760     
          25  0.454199298258731        3.61913974379400     
  0.415313481979069        2.59212523881081     
          26  0.415313481979069        2.59212523881081     
  0.376427665699406        1.56511073382760     
          25  0.454199298258731        3.61913974379400     
  0.415313481979069        2.59212523881081     
          26  0.415313481979069        2.59212523881081     
  0.376427665699406        1.56511073382760     
          25  0.454199298258731        3.61913974379400     
  0.415313481979069        2.59212523881081     
          26  0.415313481979069        2.59212523881081     
  0.376427665699406        1.56511073382760     
          25  0.452888464285772        3.61095834354423     
  0.413997997397728        2.58391481239192     
          26  0.413997997397728        2.58391481239192     
  0.375107530509684        1.55687128123961     
          25  0.452888464285772        3.61095834354423     
  0.413997997397728        2.58391481239192     
          26  0.413997997397728        2.58391481239192     
  0.375107530509684        1.55687128123961     
          25  0.452888464285772        3.61095834354423     
  0.413997997397728        2.58391481239192     
          26  0.413997997397728        2.58391481239192     
  0.375107530509684        1.55687128123961     
          25  0.452888464285772        3.61095834354423     
  0.413997997397728        2.58391481239192     
          26  0.413997997397728        2.58391481239192     
  0.375107530509684        1.55687128123961     
          25  0.452888464285772        3.61095834354423     
  0.413997997397728        2.58391481239192     
          26  0.413997997397728        2.58391481239192     
  0.375107530509684        1.55687128123961     
          25  0.451576217628200        3.60276812620664     
  0.412681100131775        2.57569556888523     
          26  0.412681100131775        2.57569556888523     
  0.373785982635349        1.54862301156381     
          25  0.451576217628200        3.60276812620664     
  0.412681100131775        2.57569556888523     
          26  0.412681100131775        2.57569556888523     
  0.373785982635349        1.54862301156381     
          25  0.451576217628200        3.60276812620664     
  0.412681100131775        2.57569556888523     
          26  0.412681100131775        2.57569556888523     
  0.373785982635349        1.54862301156381     
          25  0.451576217628200        3.60276812620664     
  0.412681100131775        2.57569556888523     
          26  0.412681100131775        2.57569556888523     
  0.373785982635349        1.54862301156381     
          25  0.451576217628200        3.60276812620664     
  0.412681100131775        2.57569556888523     
          26  0.412681100131775        2.57569556888523     
  0.373785982635349        1.54862301156381     
          25  0.450811854313404        3.59799745170203     
  0.411914030214535        2.57090800147245     
          26  0.411914030214535        2.57090800147245     
  0.373016206115665        1.54381855124288     
          25  0.450811854313404        3.59799745170203     
  0.411914030214535        2.57090800147245     
          26  0.411914030214535        2.57090800147245     
  0.373016206115665        1.54381855124288     
          25  0.450811854313404        3.59799745170203     
  0.411914030214535        2.57090800147245     
          26  0.411914030214535        2.57090800147245     
  0.373016206115665        1.54381855124288     
          25  0.450811854313404        3.59799745170203     
  0.411914030214535        2.57090800147245     
          26  0.411914030214535        2.57090800147245     
  0.373016206115665        1.54381855124288     
          25  0.450811854313404        3.59799745170203     
  0.411914030214535        2.57090800147245     
          26  0.411914030214535        2.57090800147245     
  0.373016206115665        1.54381855124288     
          25  0.449497372804460        3.58979328582942     
  0.410594898097209        2.56267480943074     
          26  0.410594898097209        2.56267480943074     
  0.371692423389957        1.53555633303205     
          25  0.449497372804460        3.58979328582942     
  0.410594898097209        2.56267480943074     
          26  0.410594898097209        2.56267480943074     
  0.371692423389957        1.53555633303205     
          25  0.449497372804460        3.58979328582942     
  0.410594898097209        2.56267480943074     
          26  0.410594898097209        2.56267480943074     
  0.371692423389957        1.53555633303205     
          25  0.449497372804460        3.58979328582942     
  0.410594898097209        2.56267480943074     
          26  0.410594898097209        2.56267480943074     
  0.371692423389957        1.53555633303205     
          25  0.449497372804460        3.58979328582942     
  0.410594898097209        2.56267480943074     
          26  0.410594898097209        2.56267480943074     
  0.371692423389957        1.53555633303205     
          25  0.448181478610903        3.58158030286901     
  0.409274353295271        2.55443280030121     
          26  0.409274353295271        2.55443280030121     
  0.370367227979637        1.52728529773342     
          25  0.448181478610903        3.58158030286901     
  0.409274353295271        2.55443280030121     
          26  0.409274353295271        2.55443280030121     
  0.370367227979637        1.52728529773342     
          25  0.448181478610903        3.58158030286901     
  0.409274353295271        2.55443280030121     
          26  0.409274353295271        2.55443280030121     
  0.370367227979637        1.52728529773342     
          25  0.448181478610903        3.58158030286901     
  0.409274353295271        2.55443280030121     
          26  0.409274353295271        2.55443280030121     
  0.370367227979637        1.52728529773342     
          25  0.448181478610903        3.58158030286901     
  0.409274353295271        2.55443280030121     
          26  0.409274353295271        2.55443280030121     
  0.370367227979637        1.52728529773342     
          25  0.447414992470663        3.57679637902467     
  0.408505160552586        2.54963198354872     
          26  0.408505160552586        2.54963198354872     
  0.369595328634508        1.52246758807276     
          25  0.447414992470663        3.57679637902467     
  0.408505160552586        2.54963198354872     
          26  0.408505160552586        2.54963198354872     
  0.369595328634508        1.52246758807276     
          25  0.447414992470663        3.57679637902467     
  0.408505160552586        2.54963198354872     
          26  0.408505160552586        2.54963198354872     
  0.369595328634508        1.52246758807276     
          25  0.447414992470663        3.57679637902467     
  0.408505160552586        2.54963198354872     
          26  0.408505160552586        2.54963198354872     
  0.369595328634508        1.52246758807276     
          25  0.447414992470663        3.57679637902467     
  0.408505160552586        2.54963198354872     
          26  0.408505160552586        2.54963198354872     
  0.369595328634508        1.52246758807276     
          25  0.446096863425734        3.56856944752924     
  0.407182380899275        2.54137602588418     
          26  0.407182380899275        2.54137602588418     
  0.368267898372815        1.51418260423911     
          25  0.446096863425734        3.56856944752924     
  0.407182380899275        2.54137602588418     
          26  0.407182380899275        2.54137602588418     
  0.368267898372815        1.51418260423911     
          25  0.446096863425734        3.56856944752924     
  0.407182380899275        2.54137602588418     
          26  0.407182380899275        2.54137602588418     
  0.368267898372815        1.51418260423911     
          25  0.446096863425734        3.56856944752924     
  0.407182380899275        2.54137602588418     
          26  0.407182380899275        2.54137602588418     
  0.368267898372815        1.51418260423911     
          25  0.446096863425734        3.56856944752924     
  0.407182380899275        2.54137602588418     
          26  0.407182380899275        2.54137602588418     
  0.368267898372815        1.51418260423911     
          25  0.444777321696192        3.56033369894600     
  0.405858188561351        2.53311125113183     
          26  0.405858188561351        2.53311125113183     
  0.366939055426510        1.50588880331765     
          25  0.444777321696192        3.56033369894600     
  0.405858188561351        2.53311125113183     
          26  0.405858188561351        2.53311125113183     
  0.366939055426510        1.50588880331765     
          25  0.444777321696192        3.56033369894600     
  0.405858188561351        2.53311125113183     
          26  0.405858188561351        2.53311125113183     
  0.366939055426510        1.50588880331765     
          25  0.444777321696192        3.56033369894600     
  0.405858188561351        2.53311125113183     
          26  0.405858188561351        2.53311125113183     
  0.366939055426510        1.50588880331765     
          25  0.444777321696192        3.56033369894600     
  0.405858188561351        2.53311125113183     
          26  0.405858188561351        2.53311125113183     
  0.366939055426510        1.50588880331765     
          25  0.444008712730505        3.55553652576193     
  0.405086872993219        2.52829718503959     
          26  0.405086872993219        2.52829718503959     
  0.366165033255933        1.50105784431725     
          25  0.444008712730505        3.55553652576193     
  0.405086872993219        2.52829718503959     
          26  0.405086872993219        2.52829718503959     
  0.366165033255933        1.50105784431725     
          25  0.444008712730505        3.55553652576193     
  0.405086872993219        2.52829718503959     
          26  0.405086872993219        2.52829718503959     
  0.366165033255933        1.50105784431725     
          25  0.444008712730505        3.55553652576193     
  0.405086872993219        2.52829718503959     
          26  0.405086872993219        2.52829718503959     
  0.366165033255933        1.50105784431725     
          25  0.444008712730505        3.55553652576193     
  0.405086872993219        2.52829718503959     
          26  0.405086872993219        2.52829718503959     
  0.366165033255933        1.50105784431725     
          25  0.442686936149589        3.54728682864366     
  0.403760445803922        2.52001846175221     
          26  0.403760445803922        2.52001846175221     
  0.364833955458254        1.49275009486077     
          25  0.442686936149589        3.54728682864366     
  0.403760445803922        2.52001846175221     
          26  0.403760445803922        2.52001846175221     
  0.364833955458254        1.49275009486077     
          25  0.442686936149589        3.54728682864366     
  0.403760445803922        2.52001846175221     
          26  0.403760445803922        2.52001846175221     
  0.364833955458254        1.49275009486077     
          25  0.442686936149589        3.54728682864366     
  0.403760445803922        2.52001846175221     
          26  0.403760445803922        2.52001846175221     
  0.364833955458254        1.49275009486077     
          25  0.442686936149589        3.54728682864366     
  0.403760445803922        2.52001846175221     
          26  0.403760445803922        2.52001846175221     
  0.364833955458254        1.49275009486077     
          25  0.441363746884060        3.53902831443758     
  0.402432605930012        2.51173092137702     
          26  0.402432605930012        2.51173092137702     
  0.363501464975963        1.48443352831647     
          25  0.441363746884060        3.53902831443758     
  0.402432605930012        2.51173092137702     
          26  0.402432605930012        2.51173092137702     
  0.363501464975963        1.48443352831647     
          25  0.441363746884060        3.53902831443758     
  0.402432605930012        2.51173092137702     
          26  0.402432605930012        2.51173092137702     
  0.363501464975963        1.48443352831647     
          25  0.441363746884060        3.53902831443758     
  0.402432605930012        2.51173092137702     
          26  0.402432605930012        2.51173092137702     
  0.363501464975963        1.48443352831647     
          25  0.441363746884060        3.53902831443758     
  0.402432605930012        2.51173092137702     
          26  0.402432605930012        2.51173092137702     
  0.363501464975963        1.48443352831647     
          25  0.440593015092925        3.53421789191376     
  0.401659167536432        2.50690360594505     
          26  0.401659167536432        2.50690360594505     
  0.362725319979939        1.47958931997634     
          25  0.440593015092925        3.53421789191376     
  0.401659167536432        2.50690360594505     
          26  0.401659167536432        2.50690360594505     
  0.362725319979939        1.47958931997634     
          25  0.440593015092925        3.53421789191376     
  0.401659167536432        2.50690360594505     
          26  0.401659167536432        2.50690360594505     
  0.362725319979939        1.47958931997634     
          25  0.440593015092925        3.53421789191376     
  0.401659167536432        2.50690360594505     
          26  0.401659167536432        2.50690360594505     
  0.362725319979939        1.47958931997634     
          25  0.440593015092925        3.53421789191376     
  0.401659167536432        2.50690360594505     
          26  0.401659167536432        2.50690360594505     
  0.362725319979939        1.47958931997634     
          25  0.439267590976023        3.52594542917266     
  0.400329092811149        2.49860211703484     
          26  0.400329092811149        2.49860211703484     
  0.361390594646275        1.47125880489702     
          25  0.439267590976023        3.52594542917266     
  0.400329092811149        2.49860211703484     
          26  0.400329092811149        2.49860211703484     
  0.361390594646275        1.47125880489702     
          25  0.439267590976023        3.52594542917266     
  0.400329092811149        2.49860211703484     
          26  0.400329092811149        2.49860211703484     
  0.361390594646275        1.47125880489702     
          25  0.439267590976023        3.52594542917266     
  0.400329092811149        2.49860211703484     
          26  0.400329092811149        2.49860211703484     
  0.361390594646275        1.47125880489702     
          25  0.439267590976023        3.52594542917266     
  0.400329092811149        2.49860211703484     
          26  0.400329092811149        2.49860211703484     
  0.361390594646275        1.47125880489702     
          25  0.437940754174510        3.51766414934376     
  0.398997605401255        2.49029181103683     
          26  0.398997605401255        2.49029181103683     
  0.360054456627998        1.46291947272990     
          25  0.437940754174510        3.51766414934376     
  0.398997605401255        2.49029181103683     
          26  0.398997605401255        2.49029181103683     
  0.360054456627998        1.46291947272990     
          25  0.437940754174510        3.51766414934376     
  0.398997605401255        2.49029181103683     
          26  0.398997605401255        2.49029181103683     
  0.360054456627998        1.46291947272990     
          25  0.437940754174510        3.51766414934376     
  0.398997605401255        2.49029181103683     
          26  0.398997605401255        2.49029181103683     
  0.360054456627998        1.46291947272990     
          25  0.437940754174510        3.51766414934376     
  0.398997605401255        2.49029181103683     
          26  0.398997605401255        2.49029181103683     
  0.360054456627998        1.46291947272990     
          25  0.437167899557931        3.51284047748023     
  0.398222044182230        2.48545124626514     
          26  0.398222044182230        2.48545124626514     
  0.359276188806529        1.45806201505004     
          25  0.437167899557931        3.51284047748023     
  0.398222044182230        2.48545124626514     
          26  0.398222044182230        2.48545124626514     
  0.359276188806529        1.45806201505004     
          25  0.437167899557931        3.51284047748023     
  0.398222044182230        2.48545124626514     
          26  0.398222044182230        2.48545124626514     
  0.359276188806529        1.45806201505004     
          25  0.437167899557931        3.51284047748023     
  0.398222044182230        2.48545124626514     
          26  0.398222044182230        2.48545124626514     
  0.359276188806529        1.45806201505004     
          25  0.437167899557931        3.51284047748023     
  0.398222044182230        2.48545124626514     
          26  0.398222044182230        2.48545124626514     
  0.359276188806529        1.45806201505004     
          25  0.435838827905045        3.50454524911630     
  0.396888321920962        2.47712699173210     
          26  0.396888321920962        2.47712699173210     
  0.357937815936879        1.44970873434789     
          25  0.435838827905045        3.50454524911630     
  0.396888321920962        2.47712699173210     
          26  0.396888321920962        2.47712699173210     
  0.357937815936879        1.44970873434789     
          25  0.435838827905045        3.50454524911630     
  0.396888321920962        2.47712699173210     
          26  0.396888321920962        2.47712699173210     
  0.357937815936879        1.44970873434789     
          25  0.435838827905045        3.50454524911630     
  0.396888321920962        2.47712699173210     
          26  0.396888321920962        2.47712699173210     
  0.357937815936879        1.44970873434789     
          25  0.435838827905045        3.50454524911630     
  0.396888321920962        2.47712699173210     
          26  0.396888321920962        2.47712699173210     
  0.357937815936879        1.44970873434789     
          25  0.434508343567545        3.49624120366456     
  0.395553186975081        2.46879392011125     
          26  0.395553186975081        2.46879392011125     
  0.356598030382617        1.44134663655793     
          25  0.434508343567545        3.49624120366456     
  0.395553186975081        2.46879392011125     
          26  0.395553186975081        2.46879392011125     
  0.356598030382617        1.44134663655793     
          25  0.434508343567545        3.49624120366456     
  0.395553186975081        2.46879392011125     
          26  0.395553186975081        2.46879392011125     
  0.356598030382617        1.44134663655793     
          25  0.434508343567545        3.49624120366456     
  0.395553186975081        2.46879392011125     
          26  0.395553186975081        2.46879392011125     
  0.356598030382617        1.44134663655793     
          25  0.434508343567545        3.49624120366456     
  0.395553186975081        2.46879392011125     
          26  0.395553186975081        2.46879392011125     
  0.356598030382617        1.44134663655793     
          25  0.433733366125516        3.49140428246128     
  0.394775502930608        2.46394010599981     
          26  0.394775502930608        2.46394010599981     
  0.355817639735699        1.43647592953834     
          25  0.433733366125516        3.49140428246128     
  0.394775502930608        2.46394010599981     
          26  0.394775502930608        2.46394010599981     
  0.355817639735699        1.43647592953834     
          25  0.433733366125516        3.49140428246128     
  0.394775502930608        2.46394010599981     
          26  0.394775502930608        2.46394010599981     
  0.355817639735699        1.43647592953834     
          25  0.433733366125516        3.49140428246128     
  0.394775502930608        2.46394010599981     
          26  0.394775502930608        2.46394010599981     
  0.355817639735699        1.43647592953834     
          25  0.433733366125516        3.49140428246128     
  0.394775502930608        2.46394010599981     
          26  0.394775502930608        2.46394010599981     
  0.355817639735699        1.43647592953834     
          25  0.432400646936643        3.48308628847452     
  0.393438133133354        2.45559308584394     
          26  0.393438133133354        2.45559308584394     
  0.354475619330064        1.42809988321336     
          25  0.432400646936643        3.48308628847452     
  0.393438133133354        2.45559308584394     
          26  0.393438133133354        2.45559308584394     
  0.354475619330064        1.42809988321336     
          25  0.432400646936643        3.48308628847452     
  0.393438133133354        2.45559308584394     
          26  0.393438133133354        2.45559308584394     
  0.354475619330064        1.42809988321336     
          25  0.432400646936643        3.48308628847452     
  0.393438133133354        2.45559308584394     
          26  0.393438133133354        2.45559308584394     
  0.354475619330064        1.42809988321336     
          25  0.432400646936643        3.48308628847452     
  0.393438133133354        2.45559308584394     
          26  0.393438133133354        2.45559308584394     
  0.354475619330064        1.42809988321336     
          25  0.431066515063159        3.47475947739995     
  0.392099350651488        2.44723724860026     
          26  0.392099350651488        2.44723724860026     
  0.353132186239816        1.41971501980057     
          25  0.431066515063159        3.47475947739995     
  0.392099350651488        2.44723724860026     
          26  0.392099350651488        2.44723724860026     
  0.353132186239816        1.41971501980057     
          25  0.431066515063159        3.47475947739995     
  0.392099350651488        2.44723724860026     
          26  0.392099350651488        2.44723724860026     
  0.353132186239816        1.41971501980057     
          25  0.431066515063159        3.47475947739995     
  0.392099350651488        2.44723724860026     
          26  0.392099350651488        2.44723724860026     
  0.353132186239816        1.41971501980057     
          25  0.431066515063159        3.47475947739995     
  0.392099350651488        2.44723724860026     
          26  0.392099350651488        2.44723724860026     
  0.353132186239816        1.41971501980057     
          25  0.430289414795686        3.46990930685695     
  0.391319543781570        2.44237018514910     
          26  0.391319543781570        2.44237018514910     
  0.352349672767453        1.41483106344125     
          25  0.430289414795686        3.46990930685695     
  0.391319543781570        2.44237018514910     
          26  0.391319543781570        2.44237018514910     
  0.352349672767453        1.41483106344125     
          25  0.430289414795686        3.46990930685695     
  0.391319543781570        2.44237018514910     
          26  0.391319543781570        2.44237018514910     
  0.352349672767453        1.41483106344125     
          25  0.430289414795686        3.46990930685695     
  0.391319543781570        2.44237018514910     
          26  0.391319543781570        2.44237018514910     
  0.352349672767453        1.41483106344125     
          25  0.430289414795686        3.46990930685695     
  0.391319543781570        2.44237018514910     
          26  0.391319543781570        2.44237018514910     
  0.352349672767453        1.41483106344125     
          25  0.428953048070829        3.46156854724736     
  0.389978526448331        2.43400039937040     
          26  0.389978526448331        2.43400039937040     
  0.351004004825832        1.40643225149344     
          25  0.428953048070829        3.46156854724736     
  0.389978526448331        2.43400039937040     
          26  0.389978526448331        2.43400039937040     
  0.351004004825832        1.40643225149344     
          25  0.428953048070829        3.46156854724736     
  0.389978526448331        2.43400039937040     
          26  0.389978526448331        2.43400039937040     
  0.351004004825832        1.40643225149344     
          25  0.428953048070829        3.46156854724736     
  0.389978526448331        2.43400039937040     
          26  0.389978526448331        2.43400039937040     
  0.351004004825832        1.40643225149344     
          25  0.428953048070829        3.46156854724736     
  0.389978526448331        2.43400039937040     
          26  0.389978526448331        2.43400039937040     
  0.351004004825832        1.40643225149344     
          25  0.427615268661359        3.45321897054996     
  0.388636096430479        2.42562179650389     
          26  0.388636096430479        2.42562179650389     
  0.349656924199599        1.39802462245782     
          25  0.427615268661359        3.45321897054996     
  0.388636096430479        2.42562179650389     
          26  0.388636096430479        2.42562179650389     
  0.349656924199599        1.39802462245782     
          25  0.427615268661359        3.45321897054996     
  0.388636096430479        2.42562179650389     
          26  0.388636096430479        2.42562179650389     
  0.349656924199599        1.39802462245782     
          25  0.427615268661359        3.45321897054996     
  0.388636096430479        2.42562179650389     
          26  0.388636096430479        2.42562179650389     
  0.349656924199599        1.39802462245782     
          25  0.427615268661359        3.45321897054996     
  0.388636096430479        2.42562179650389     
          26  0.388636096430479        2.42562179650389     
  0.349656924199599        1.39802462245782     
          25  0.426836045568438        3.44835555066723     
  0.387854166735114        2.42074148371300     
          26  0.387854166735114        2.42074148371300     
  0.348872287901789        1.39312741675877     
          25  0.426836045568438        3.44835555066723     
  0.387854166735114        2.42074148371300     
          26  0.387854166735114        2.42074148371300     
  0.348872287901789        1.39312741675877     
          25  0.426836045568438        3.44835555066723     
  0.387854166735114        2.42074148371300     
          26  0.387854166735114        2.42074148371300     
  0.348872287901789        1.39312741675877     
          25  0.426836045568438        3.44835555066723     
  0.387854166735114        2.42074148371300     
          26  0.387854166735114        2.42074148371300     
  0.348872287901789        1.39312741675877     
          25  0.426836045568438        3.44835555066723     
  0.387854166735114        2.42074148371300     
          26  0.387854166735114        2.42074148371300     
  0.348872287901789        1.39312741675877     
          25  0.425496031307594        3.43999202543480     
  0.386509501865889        2.41234893231146     
          26  0.386509501865889        2.41234893231146     
  0.347522972424183        1.38470583918812     
          25  0.425496031307594        3.43999202543480     
  0.386509501865889        2.41234893231146     
          26  0.386509501865889        2.41234893231146     
  0.347522972424183        1.38470583918812     
          25  0.425496031307594        3.43999202543480     
  0.386509501865889        2.41234893231146     
          26  0.386509501865889        2.41234893231146     
  0.347522972424183        1.38470583918812     
          25  0.425496031307594        3.43999202543480     
  0.386509501865889        2.41234893231146     
          26  0.386509501865889        2.41234893231146     
  0.347522972424183        1.38470583918812     
          25  0.425496031307594        3.43999202543480     
  0.386509501865889        2.41234893231146     
          26  0.386509501865889        2.41234893231146     
  0.347522972424183        1.38470583918812     
          25  0.424154604362139        3.43161968311457     
  0.385163424312052        2.40394756382212     
          26  0.385163424312052        2.40394756382212     
  0.346172244261964        1.37627544452967     
          25  0.424154604362139        3.43161968311457     
  0.385163424312052        2.40394756382212     
          26  0.385163424312052        2.40394756382212     
  0.346172244261964        1.37627544452967     
          25  0.424154604362139        3.43161968311457     
  0.385163424312052        2.40394756382212     
          26  0.385163424312052        2.40394756382212     
  0.346172244261964        1.37627544452967     
          25  0.424154604362139        3.43161968311457     
  0.385163424312052        2.40394756382212     
          26  0.385163424312052        2.40394756382212     
  0.346172244261964        1.37627544452967     
          25  0.424154604362139        3.43161968311457     
  0.385163424312052        2.40394756382212     
          26  0.385163424312052        2.40394756382212     
  0.346172244261964        1.37627544452967     
          25  0.423373258443771        3.42674301389211     
  0.384379371791240        2.39905400169150     
          26  0.384379371791240        2.39905400169150     
  0.345385485138707        1.37136498949088     
          25  0.423373258443771        3.42674301389211     
  0.384379371791240        2.39905400169150     
          26  0.384379371791240        2.39905400169150     
  0.345385485138707        1.37136498949088     
          25  0.423373258443771        3.42674301389211     
  0.384379371791240        2.39905400169150     
          26  0.384379371791240        2.39905400169150     
  0.345385485138707        1.37136498949088     
          25  0.423373258443771        3.42674301389211     
  0.384379371791240        2.39905400169150     
          26  0.384379371791240        2.39905400169150     
  0.345385485138707        1.37136498949088     
          25  0.423373258443771        3.42674301389211     
  0.384379371791240        2.39905400169150     
          26  0.384379371791240        2.39905400169150     
  0.345385485138707        1.37136498949088     
          25  0.422029596646942        3.41835672303685     
  0.383031059386029        2.39063868466713     
          26  0.383031059386029        2.39063868466713     
  0.344032522125115        1.36292064629741     
          25  0.422029596646942        3.41835672303685     
  0.383031059386029        2.39063868466713     
          26  0.383031059386029        2.39063868466713     
  0.344032522125115        1.36292064629741     
          25  0.422029596646942        3.41835672303685     
  0.383031059386029        2.39063868466713     
          26  0.383031059386029        2.39063868466713     
  0.344032522125115        1.36292064629741     
          25  0.422029596646942        3.41835672303685     
  0.383031059386029        2.39063868466713     
          26  0.383031059386029        2.39063868466713     
  0.344032522125115        1.36292064629741     
          25  0.422029596646942        3.41835672303685     
  0.383031059386029        2.39063868466713     
          26  0.383031059386029        2.39063868466713     
  0.344032522125115        1.36292064629741     
          25  0.420684522165499        3.40996161509377     
  0.381681334296205        2.38221455055495     
          26  0.381681334296205        2.38221455055495     
  0.342678146426910        1.35446748601612     
          25  0.420684522165499        3.40996161509377     
  0.381681334296205        2.38221455055495     
          26  0.381681334296205        2.38221455055495     
  0.342678146426910        1.35446748601612     
          25  0.420684522165499        3.40996161509377     
  0.381681334296205        2.38221455055495     
          26  0.381681334296205        2.38221455055495     
  0.342678146426910        1.35446748601612     
          25  0.420684522165499        3.40996161509377     
  0.381681334296205        2.38221455055495     
          26  0.381681334296205        2.38221455055495     
  0.342678146426910        1.35446748601612     
          25  0.420684522165499        3.40996161509377     
  0.381681334296205        2.38221455055495     
          26  0.381681334296205        2.38221455055495     
  0.342678146426910        1.35446748601612     
          25  0.419901053421683        3.40507169653156     
  0.380895158949944        2.37730773908458     
          26  0.380895158949944        2.37730773908458     
  0.341889264478205        1.34954378163760     
          25  0.419901053421683        3.40507169653156     
  0.380895158949944        2.37730773908458     
          26  0.380895158949944        2.37730773908458     
  0.341889264478205        1.34954378163760     
          25  0.419901053421683        3.40507169653156     
  0.380895158949944        2.37730773908458     
          26  0.380895158949944        2.37730773908458     
  0.341889264478205        1.34954378163760     
          25  0.419901053421683        3.40507169653156     
  0.380895158949944        2.37730773908458     
          26  0.380895158949944        2.37730773908458     
  0.341889264478205        1.34954378163760     
          25  0.419901053421683        3.40507169653156     
  0.380895158949944        2.37730773908458     
          26  0.380895158949944        2.37730773908458     
  0.341889264478205        1.34954378163760     
          25  0.418553744088868        3.39666264005347     
  0.379543199008748        2.36886965643738     
          26  0.379543199008748        2.36886965643738     
  0.340532653928628        1.34107667282129     
          25  0.418553744088868        3.39666264005347     
  0.379543199008748        2.36886965643738     
          26  0.379543199008748        2.36886965643738     
  0.340532653928628        1.34107667282129     
          25  0.418553744088868        3.39666264005347     
  0.379543199008748        2.36886965643738     
          26  0.379543199008748        2.36886965643738     
  0.340532653928628        1.34107667282129     
          25  0.418553744088868        3.39666264005347     
  0.379543199008748        2.36886965643738     
          26  0.379543199008748        2.36886965643738     
  0.340532653928628        1.34107667282129     
          25  0.418553744088868        3.39666264005347     
  0.379543199008748        2.36886965643738     
          26  0.379543199008748        2.36886965643738     
  0.340532653928628        1.34107667282129     
          25  0.417205022071441        3.38824476648757     
  0.378189826382940        2.36042275670237     
          26  0.378189826382940        2.36042275670237     
  0.339174630694438        1.33260074691717     
          25  0.417205022071441        3.38824476648757     
  0.378189826382940        2.36042275670237     
          26  0.378189826382940        2.36042275670237     
  0.339174630694438        1.33260074691717     
          25  0.417205022071441        3.38824476648757     
  0.378189826382940        2.36042275670237     
          26  0.378189826382940        2.36042275670237     
  0.339174630694438        1.33260074691717     
          25  0.417205022071441        3.38824476648757     
  0.378189826382940        2.36042275670237     
          26  0.378189826382940        2.36042275670237     
  0.339174630694438        1.33260074691717     
          25  0.417205022071441        3.38824476648757     
  0.378189826382940        2.36042275670237     
          26  0.378189826382940        2.36042275670237     
  0.339174630694438        1.33260074691717     
          25  0.416419430502182        3.38334159858565     
  0.377401528211235        2.35550269589229     
          26  0.377401528211235        2.35550269589229     
  0.338383625920288        1.32766379319893     
          25  0.416419430502182        3.38334159858565     
  0.377401528211235        2.35550269589229     
          26  0.377401528211235        2.35550269589229     
  0.338383625920288        1.32766379319893     
          25  0.416419430502182        3.38334159858565     
  0.377401528211235        2.35550269589229     
          26  0.377401528211235        2.35550269589229     
  0.338383625920288        1.32766379319893     
          25  0.416419430502182        3.38334159858565     
  0.377401528211235        2.35550269589229     
          26  0.377401528211235        2.35550269589229     
  0.338383625920288        1.32766379319893     
          25  0.416419430502182        3.38334159858565     
  0.377401528211235        2.35550269589229     
          26  0.377401528211235        2.35550269589229     
  0.338383625920288        1.32766379319893     
          25  0.415068473633384        3.37490977648474     
  0.376045920734055        2.34704184762227     
          26  0.376045920734055        2.34704184762227     
  0.337023367834726        1.31917391875979     
          25  0.415068473633384        3.37490977648474     
  0.376045920734055        2.34704184762227     
          26  0.376045920734055        2.34704184762227     
  0.337023367834726        1.31917391875979     
          25  0.415068473633384        3.37490977648474     
  0.376045920734055        2.34704184762227     
          26  0.376045920734055        2.34704184762227     
  0.337023367834726        1.31917391875979     
          25  0.415068473633384        3.37490977648474     
  0.376045920734055        2.34704184762227     
          26  0.376045920734055        2.34704184762227     
  0.337023367834726        1.31917391875979     
          25  0.415068473633384        3.37490977648474     
  0.376045920734055        2.34704184762227     
          26  0.376045920734055        2.34704184762227     
  0.337023367834726        1.31917391875979     
          25  0.413716104079972        3.36646913729602     
  0.374688900572261        2.33857218226443     
          26  0.374688900572261        2.33857218226443     
  0.335661697064550        1.31067522723284     
          25  0.413716104079972        3.36646913729602     
  0.374688900572261        2.33857218226443     
          26  0.374688900572261        2.33857218226443     
  0.335661697064550        1.31067522723284     
          25  0.413716104079972        3.36646913729602     
  0.374688900572261        2.33857218226443     
          26  0.374688900572261        2.33857218226443     
  0.335661697064550        1.31067522723284     
          25  0.413716104079972        3.36646913729602     
  0.374688900572261        2.33857218226443     
          26  0.374688900572261        2.33857218226443     
  0.335661697064550        1.31067522723284     
          25  0.413716104079972        3.36646913729602     
  0.374688900572261        2.33857218226443     
          26  0.374688900572261        2.33857218226443     
  0.335661697064550        1.31067522723284     
          25  0.412928389685264        3.36155272005436     
  0.373898479575109        2.33363887211461     
          26  0.373898479575109        2.33363887211461     
  0.334868569464953        1.30572502417486     
          25  0.412928389685264        3.36155272005436     
  0.373898479575109        2.33363887211461     
          26  0.373898479575109        2.33363887211461     
  0.334868569464953        1.30572502417486     
          25  0.412928389685264        3.36155272005436     
  0.373898479575109        2.33363887211461     
          26  0.373898479575109        2.33363887211461     
  0.334868569464953        1.30572502417486     
          25  0.412928389685264        3.36155272005436     
  0.373898479575109        2.33363887211461     
          26  0.373898479575109        2.33363887211461     
  0.334868569464953        1.30572502417486     
          25  0.412928389685264        3.36155272005436     
  0.373898479575109        2.33363887211461     
          26  0.373898479575109        2.33363887211461     
  0.334868569464953        1.30572502417486     
          25  0.411573785280478        3.35309813233061     
  0.372539224561942        2.32515525822175     
          26  0.372539224561942        2.32515525822175     
  0.333504663843405        1.29721238411289     
          25  0.411573785280478        3.35309813233061     
  0.372539224561942        2.32515525822175     
          26  0.372539224561942        2.32515525822175     
  0.333504663843405        1.29721238411289     
          25  0.411573785280478        3.35309813233061     
  0.372539224561942        2.32515525822175     
          26  0.372539224561942        2.32515525822175     
  0.333504663843405        1.29721238411289     
          25  0.411573785280478        3.35309813233061     
  0.372539224561942        2.32515525822175     
          26  0.372539224561942        2.32515525822175     
  0.333504663843405        1.29721238411289     
          25  0.411573785280478        3.35309813233061     
  0.372539224561942        2.32515525822175     
          26  0.372539224561942        2.32515525822175     
  0.333504663843405        1.29721238411289     
          25  0.410217768191080        3.34463472751904     
  0.371178556864162        2.31666282724108     
          26  0.371178556864162        2.31666282724108     
  0.332139345537243        1.28869092696311     
          25  0.410217768191080        3.34463472751904     
  0.371178556864162        2.31666282724108     
          26  0.371178556864162        2.31666282724108     
  0.332139345537243        1.28869092696311     
          25  0.410217768191080        3.34463472751904     
  0.371178556864162        2.31666282724108     
          26  0.371178556864162        2.31666282724108     
  0.332139345537243        1.28869092696311     
          25  0.410217768191080        3.34463472751904     
  0.371178556864162        2.31666282724108     
          26  0.371178556864162        2.31666282724108     
  0.332139345537243        1.28869092696311     
          25  0.410217768191080        3.34463472751904     
  0.371178556864162        2.31666282724108     
          26  0.371178556864162        2.31666282724108     
  0.332139345537243        1.28869092696311     
          25  0.409427930970925        3.33970506093764     
  0.370386013041562        2.31171626775152     
          26  0.370386013041562        2.31171626775152     
  0.331344095112200        1.28372747456540     
          25  0.409427930970925        3.33970506093764     
  0.370386013041562        2.31171626775152     
          26  0.370386013041562        2.31171626775152     
  0.331344095112200        1.28372747456540     
          25  0.409427930970925        3.33970506093764     
  0.370386013041562        2.31171626775152     
          26  0.370386013041562        2.31171626775152     
  0.331344095112200        1.28372747456540     
          25  0.409427930970925        3.33970506093764     
  0.370386013041562        2.31171626775152     
          26  0.370386013041562        2.31171626775152     
  0.331344095112200        1.28372747456540     
          25  0.409427930970925        3.33970506093764     
  0.370386013041562        2.31171626775152     
          26  0.370386013041562        2.31171626775152     
  0.331344095112200        1.28372747456540     
          25  0.408069679030154        3.33122770759106     
  0.369023110492410        2.30320988823583     
          26  0.369023110492410        2.30320988823583     
  0.329976541954666        1.27519206888060     
          25  0.408069679030154        3.33122770759106     
  0.369023110492410        2.30320988823583     
          26  0.369023110492410        2.30320988823583     
  0.329976541954666        1.27519206888060     
          25  0.408069679030154        3.33122770759106     
  0.369023110492410        2.30320988823583     
          26  0.369023110492410        2.30320988823583     
  0.329976541954666        1.27519206888060     
          25  0.408069679030154        3.33122770759106     
  0.369023110492410        2.30320988823583     
          26  0.369023110492410        2.30320988823583     
  0.329976541954666        1.27519206888060     
          25  0.408069679030154        3.33122770759106     
  0.369023110492410        2.30320988823583     
          26  0.369023110492410        2.30320988823583     
  0.329976541954666        1.27519206888060     
          25  0.406710014404770        3.32274153715667     
  0.367658795258645        2.29469469163233     
          26  0.367658795258645        2.29469469163233     
  0.328607576112519        1.26664784610798     
          25  0.406710014404770        3.32274153715667     
  0.367658795258645        2.29469469163233     
          26  0.367658795258645        2.29469469163233     
  0.328607576112519        1.26664784610798     
          25  0.406710014404770        3.32274153715667     
  0.367658795258645        2.29469469163233     
          26  0.367658795258645        2.29469469163233     
  0.328607576112519        1.26664784610798     
          25  0.406710014404770        3.32274153715667     
  0.367658795258645        2.29469469163233     
          26  0.367658795258645        2.29469469163233     
  0.328607576112519        1.26664784610798     
          25  0.406710014404770        3.32274153715667     
  0.367658795258645        2.29469469163233     
          26  0.367658795258645        2.29469469163233     
  0.328607576112519        1.26664784610798     
          25  0.405918054359170        3.31779862123555     
  0.366864128610599        2.28973488280305     
          26  0.366864128610599        2.28973488280305     
  0.327810202862028        1.26167114437054     
          25  0.405918054359170        3.31779862123555     
  0.366864128610599        2.28973488280305     
          26  0.366864128610599        2.28973488280305     
  0.327810202862028        1.26167114437054     
          25  0.405918054359170        3.31779862123555     
  0.366864128610599        2.28973488280305     
          26  0.366864128610599        2.28973488280305     
  0.327810202862028        1.26167114437054     
          25  0.405918054359170        3.31779862123555     
  0.366864128610599        2.28973488280305     
          26  0.366864128610599        2.28973488280305     
  0.327810202862028        1.26167114437054     
          25  0.405918054359170        3.31779862123555     
  0.366864128610599        2.28973488280305     
          26  0.366864128610599        2.28973488280305     
  0.327810202862028        1.26167114437054     
          25  0.404556154882413        3.30929850226613     
  0.365497578525461        2.28120573766452     
          26  0.365497578525461        2.28120573766452     
  0.326439002168508        1.25311297306290     
          25  0.404556154882413        3.30929850226613     
  0.365497578525461        2.28120573766452     
          26  0.365497578525461        2.28120573766452     
  0.326439002168508        1.25311297306290     
          25  0.404556154882413        3.30929850226613     
  0.365497578525461        2.28120573766452     
          26  0.365497578525461        2.28120573766452     
  0.326439002168508        1.25311297306290     
          25  0.404556154882413        3.30929850226613     
  0.365497578525461        2.28120573766452     
          26  0.365497578525461        2.28120573766452     
  0.326439002168508        1.25311297306290     
          25  0.404556154882413        3.30929850226613     
  0.365497578525461        2.28120573766452     
          26  0.365497578525461        2.28120573766452     
  0.326439002168508        1.25311297306290     
          25  0.403192842721043        3.30078956620890     
  0.364129615755709        2.27266777543818     
          26  0.364129615755709        2.27266777543818     
  0.325066388790375        1.24454598466745     
          25  0.403192842721043        3.30078956620890     
  0.364129615755709        2.27266777543818     
          26  0.364129615755709        2.27266777543818     
  0.325066388790375        1.24454598466745     
          25  0.403192842721043        3.30078956620890     
  0.364129615755709        2.27266777543818     
          26  0.364129615755709        2.27266777543818     
  0.325066388790375        1.24454598466745     
          25  0.403192842721043        3.30078956620890     
  0.364129615755709        2.27266777543818     
          26  0.364129615755709        2.27266777543818     
  0.325066388790375        1.24454598466745     
          25  0.403192842721043        3.30078956620890     
  0.364129615755709        2.27266777543818     
          26  0.364129615755709        2.27266777543818     
  0.325066388790375        1.24454598466745     
          25  0.402398759849992        3.29583340094803     
  0.363332826282215        2.26769471726915     
          26  0.363332826282215        2.26769471726915     
  0.324266892714438        1.23955603359027     
          25  0.402398759849992        3.29583340094803     
  0.363332826282215        2.26769471726915     
          26  0.363332826282215        2.26769471726915     
  0.324266892714438        1.23955603359027     
          25  0.402398759849992        3.29583340094803     
  0.363332826282215        2.26769471726915     
          26  0.363332826282215        2.26769471726915     
  0.324266892714438        1.23955603359027     
          25  0.402398759849992        3.29583340094803     
  0.363332826282215        2.26769471726915     
          26  0.363332826282215        2.26769471726915     
  0.324266892714438        1.23955603359027     
          25  0.402398759849992        3.29583340094803     
  0.363332826282215        2.26769471726915     
          26  0.363332826282215        2.26769471726915     
  0.324266892714438        1.23955603359027     
          25  0.401033212837249        3.28731051635578     
  0.361962628661091        2.25914280650779     
          26  0.361962628661091        2.25914280650779     
  0.322892044484932        1.23097509665981     
          25  0.401033212837249        3.28731051635578     
  0.361962628661091        2.25914280650779     
          26  0.361962628661091        2.25914280650779     
  0.322892044484932        1.23097509665981     
          25  0.401033212837249        3.28731051635578     
  0.361962628661091        2.25914280650779     
          26  0.361962628661091        2.25914280650779     
  0.322892044484932        1.23097509665981     
          25  0.401033212837249        3.28731051635578     
  0.361962628661091        2.25914280650779     
          26  0.361962628661091        2.25914280650779     
  0.322892044484932        1.23097509665981     
          25  0.401033212837249        3.28731051635578     
  0.361962628661091        2.25914280650779     
          26  0.361962628661091        2.25914280650779     
  0.322892044484932        1.23097509665981     
          25  0.399666253139895        3.27877881467573     
  0.360591018355355        2.25058207865863     
          26  0.360591018355355        2.25058207865863     
  0.321515783570815        1.22238534264153     
          25  0.399666253139895        3.27877881467573     
  0.360591018355355        2.25058207865863     
          26  0.360591018355355        2.25058207865863     
  0.321515783570815        1.22238534264153     
          25  0.399666253139895        3.27877881467573     
  0.360591018355355        2.25058207865863     
          26  0.360591018355355        2.25058207865863     
  0.321515783570815        1.22238534264153     
          25  0.399666253139895        3.27877881467573     
  0.360591018355355        2.25058207865863     
          26  0.360591018355355        2.25058207865863     
  0.321515783570815        1.22238534264153     
          25  0.399666253139895        3.27877881467573     
  0.360591018355355        2.25058207865863     
          26  0.360591018355355        2.25058207865863     
  0.321515783570815        1.22238534264153     
          25  0.398870047443402        3.27380940007515     
  0.359792106056417        2.24559577114989     
          26  0.359792106056417        2.24559577114989     
  0.320714164669432        1.21738214222463     
          25  0.398870047443402        3.27380940007515     
  0.359792106056417        2.24559577114989     
          26  0.359792106056417        2.24559577114989     
  0.320714164669432        1.21738214222463     
          25  0.398870047443402        3.27380940007515     
  0.359792106056417        2.24559577114989     
          26  0.359792106056417        2.24559577114989     
  0.320714164669432        1.21738214222463     
          25  0.398870047443402        3.27380940007515     
  0.359792106056417        2.24559577114989     
          26  0.359792106056417        2.24559577114989     
  0.320714164669432        1.21738214222463     
          25  0.398870047443402        3.27380940007515     
  0.359792106056417        2.24559577114989     
          26  0.359792106056417        2.24559577114989     
  0.320714164669432        1.21738214222463     
          25  0.397500852894676        3.26526374986008     
  0.358418260899309        2.23702109476571     
          26  0.358418260899309        2.23702109476571     
  0.319335668903941        1.20877843967134     
          25  0.397500852894676        3.26526374986008     
  0.358418260899309        2.23702109476571     
          26  0.358418260899309        2.23702109476571     
  0.319335668903941        1.20877843967134     
          25  0.397500852894676        3.26526374986008     
  0.358418260899309        2.23702109476571     
          26  0.358418260899309        2.23702109476571     
  0.319335668903941        1.20877843967134     
          25  0.397500852894676        3.26526374986008     
  0.358418260899309        2.23702109476571     
          26  0.358418260899309        2.23702109476571     
  0.319335668903941        1.20877843967134     
          25  0.397500852894676        3.26526374986008     
  0.358418260899309        2.23702109476571     
          26  0.358418260899309        2.23702109476571     
  0.319335668903941        1.20877843967134     
          25  0.396130245661337        3.25670928255720     
  0.357043003057588        2.22843760129371     
          26  0.357043003057588        2.22843760129371     
  0.317955760453838        1.20016592003023     
          25  0.396130245661337        3.25670928255720     
  0.357043003057588        2.22843760129371     
          26  0.357043003057588        2.22843760129371     
  0.317955760453838        1.20016592003023     
          25  0.396130245661337        3.25670928255720     
  0.357043003057588        2.22843760129371     
          26  0.357043003057588        2.22843760129371     
  0.317955760453838        1.20016592003023     
          25  0.396130245661337        3.25670928255720     
  0.357043003057588        2.22843760129371     
          26  0.357043003057588        2.22843760129371     
  0.317955760453838        1.20016592003023     
          25  0.396130245661337        3.25670928255720     
  0.357043003057588        2.22843760129371     
          26  0.357043003057588        2.22843760129371     
  0.317955760453838        1.20016592003023     
          25  0.395331917139395        3.25172661861687     
  0.356241967933201        2.22343804444523     
          26  0.356241967933201        2.22343804444523     
  0.317152018727007        1.19514947027359     
          25  0.395331917139395        3.25172661861687     
  0.356241967933201        2.22343804444523     
          26  0.356241967933201        2.22343804444523     
  0.317152018727007        1.19514947027359     
          25  0.395331917139395        3.25172661861687     
  0.356241967933201        2.22343804444523     
          26  0.356241967933201        2.22343804444523     
  0.317152018727007        1.19514947027359     
          25  0.395331917139395        3.25172661861687     
  0.356241967933201        2.22343804444523     
          26  0.356241967933201        2.22343804444523     
  0.317152018727007        1.19514947027359     
          25  0.395331917139395        3.25172661861687     
  0.356241967933201        2.22343804444523     
          26  0.356241967933201        2.22343804444523     
  0.317152018727007        1.19514947027359     
          25  0.393959075054682        3.24315820277896     
  0.354864475240107        2.21484060243821     
          26  0.354864475240107        2.21484060243821     
  0.315769875425531        1.18652300209746     
          25  0.393959075054682        3.24315820277896     
  0.354864475240107        2.21484060243821     
          26  0.354864475240107        2.21484060243821     
  0.315769875425531        1.18652300209746     
          25  0.393959075054682        3.24315820277896     
  0.354864475240107        2.21484060243821     
          26  0.354864475240107        2.21484060243821     
  0.315769875425531        1.18652300209746     
          25  0.393959075054682        3.24315820277896     
  0.354864475240107        2.21484060243821     
          26  0.354864475240107        2.21484060243821     
  0.315769875425531        1.18652300209746     
          25  0.393959075054682        3.24315820277896     
  0.354864475240107        2.21484060243821     
          26  0.354864475240107        2.21484060243821     
  0.315769875425531        1.18652300209746     
          25  0.392584820285356        3.23458096985325     
  0.353485569862399        2.20623434334338     
          26  0.353485569862399        2.20623434334338     
  0.314386319439442        1.17788771683352     
          25  0.392584820285356        3.23458096985325     
  0.353485569862399        2.20623434334338     
          26  0.353485569862399        2.20623434334338     
  0.314386319439442        1.17788771683352     
          25  0.392584820285356        3.23458096985325     
  0.353485569862399        2.20623434334338     
          26  0.353485569862399        2.20623434334338     
  0.314386319439442        1.17788771683352     
          25  0.392584820285356        3.23458096985325     
  0.353485569862399        2.20623434334338     
          26  0.353485569862399        2.20623434334338     
  0.314386319439442        1.17788771683352     
          25  0.392584820285356        3.23458096985325     
  0.353485569862399        2.20623434334338     
          26  0.353485569862399        2.20623434334338     
  0.314386319439442        1.17788771683352     
          25  0.391784368937968        3.22958505657319     
  0.352682411912566        2.20122153715517     
          26  0.352682411912566        2.20122153715517     
  0.313580454887164        1.17285801773715     
          25  0.391784368937968        3.22958505657319     
  0.352682411912566        2.20122153715517     
          26  0.352682411912566        2.20122153715517     
  0.313580454887164        1.17285801773715     
          25  0.391784368937968        3.22958505657319     
  0.352682411912566        2.20122153715517     
          26  0.352682411912566        2.20122153715517     
  0.313580454887164        1.17285801773715     
          25  0.391784368937968        3.22958505657319     
  0.352682411912566        2.20122153715517     
          26  0.352682411912566        2.20122153715517     
  0.313580454887164        1.17285801773715     
          25  0.391784368937968        3.22958505657319     
  0.352682411912566        2.20122153715517     
          26  0.352682411912566        2.20122153715517     
  0.313580454887164        1.17285801773715     
          25  0.390407879317269        3.22099387511245     
  0.351301271683486        2.19260132952532     
          26  0.351301271683486        2.19260132952532     
  0.312194664049702        1.16420878393818     
          25  0.390407879317269        3.22099387511245     
  0.351301271683486        2.19260132952532     
          26  0.351301271683486        2.19260132952532     
  0.312194664049702        1.16420878393818     
          25  0.390407879317269        3.22099387511245     
  0.351301271683486        2.19260132952532     
          26  0.351301271683486        2.19260132952532     
  0.312194664049702        1.16420878393818     
          25  0.390407879317269        3.22099387511245     
  0.351301271683486        2.19260132952532     
          26  0.351301271683486        2.19260132952532     
  0.312194664049702        1.16420878393818     
          25  0.390407879317269        3.22099387511245     
  0.351301271683486        2.19260132952532     
          26  0.351301271683486        2.19260132952532     
  0.312194664049702        1.16420878393818     
          25  0.389029977011957        3.21239387656389     
  0.349918718769793        2.18397230480766     
          26  0.349918718769793        2.18397230480766     
  0.310807460527628        1.15555073305141     
          25  0.389029977011957        3.21239387656389     
  0.349918718769793        2.18397230480766     
          26  0.349918718769793        2.18397230480766     
  0.310807460527628        1.15555073305141     
          25  0.389029977011957        3.21239387656389     
  0.349918718769793        2.18397230480766     
          26  0.349918718769793        2.18397230480766     
  0.310807460527628        1.15555073305141     
          25  0.389029977011957        3.21239387656389     
  0.349918718769793        2.18397230480766     
          26  0.349918718769793        2.18397230480766     
  0.310807460527628        1.15555073305141     
          25  0.389029977011957        3.21239387656389     
  0.349918718769793        2.18397230480766     
          26  0.349918718769793        2.18397230480766     
  0.310807460527628        1.15555073305141     
          25  0.388227402839121        3.20738471394410     
  0.349113437994513        2.17894624927971     
          26  0.349113437994513        2.17894624927971     
  0.309999473149904        1.15050778461531     
          25  0.388227402839121        3.20738471394410     
  0.349113437994513        2.17894624927971     
          26  0.349113437994513        2.17894624927971     
  0.309999473149904        1.15050778461531     
          25  0.388227402839121        3.20738471394410     
  0.349113437994513        2.17894624927971     
          26  0.349113437994513        2.17894624927971     
  0.309999473149904        1.15050778461531     
          25  0.388227402839121        3.20738471394410     
  0.349113437994513        2.17894624927971     
          26  0.349113437994513        2.17894624927971     
  0.309999473149904        1.15050778461531     
          25  0.388227402839121        3.20738471394410     
  0.349113437994513        2.17894624927971     
          26  0.349113437994513        2.17894624927971     
  0.309999473149904        1.15050778461531     
          25  0.386847265682437        3.19877076686053     
  0.347728650229447        2.17030327602702     
          26  0.347728650229447        2.17030327602702     
  0.308610034776457        1.14183578519352     
          25  0.386847265682437        3.19877076686053     
  0.347728650229447        2.17030327602702     
          26  0.347728650229447        2.17030327602702     
  0.308610034776457        1.14183578519352     
          25  0.386847265682437        3.19877076686053     
  0.347728650229447        2.17030327602702     
          26  0.347728650229447        2.17030327602702     
  0.308610034776457        1.14183578519352     
          25  0.386847265682437        3.19877076686053     
  0.347728650229447        2.17030327602702     
          26  0.347728650229447        2.17030327602702     
  0.308610034776457        1.14183578519352     
          25  0.386847265682437        3.19877076686053     
  0.347728650229447        2.17030327602702     
          26  0.347728650229447        2.17030327602702     
  0.308610034776457        1.14183578519352     
          25  0.385465715841141        3.19014800268915     
  0.346342449779769        2.16165148568654     
          26  0.346342449779769        2.16165148568654     
  0.307219183718397        1.13315496868392     
          25  0.385465715841141        3.19014800268915     
  0.346342449779769        2.16165148568654     
          26  0.346342449779769        2.16165148568654     
  0.307219183718397        1.13315496868392     
          25  0.385465715841141        3.19014800268915     
  0.346342449779769        2.16165148568654     
          26  0.346342449779769        2.16165148568654     
  0.307219183718397        1.13315496868392     
          25  0.385465715841141        3.19014800268915     
  0.346342449779769        2.16165148568654     
          26  0.346342449779769        2.16165148568654     
  0.307219183718397        1.13315496868392     
          25  0.385465715841141        3.19014800268915     
  0.346342449779769        2.16165148568654     
          26  0.346342449779769        2.16165148568654     
  0.307219183718397        1.13315496868392     
          25  0.384661018842861        3.18512559072965     
  0.345535046179044        2.15661218081886     
          26  0.345535046179044        2.15661218081886     
  0.306409073515226        1.12809877090808     
          25  0.384661018842861        3.18512559072965     
  0.345535046179044        2.15661218081886     
          26  0.345535046179044        2.15661218081886     
  0.306409073515226        1.12809877090808     
          25  0.384661018842861        3.18512559072965     
  0.345535046179044        2.15661218081886     
          26  0.345535046179044        2.15661218081886     
  0.306409073515226        1.12809877090808     
          25  0.384661018842861        3.18512559072965     
  0.345535046179044        2.15661218081886     
          26  0.345535046179044        2.15661218081886     
  0.306409073515226        1.12809877090808     
          25  0.384661018842861        3.18512559072965     
  0.345535046179044        2.15661218081886     
          26  0.345535046179044        2.15661218081886     
  0.306409073515226        1.12809877090808     
          25  0.383277234150191        3.17648887802324     
  0.344146610877992        2.14794644194335     
          26  0.344146610877992        2.14794644194335     
  0.305015987605793        1.11940400586346     
          25  0.383277234150191        3.17648887802324     
  0.344146610877992        2.14794644194335     
          26  0.344146610877992        2.14794644194335     
  0.305015987605793        1.11940400586346     
          25  0.383277234150191        3.17648887802324     
  0.344146610877992        2.14794644194335     
          26  0.344146610877992        2.14794644194335     
  0.305015987605793        1.11940400586346     
          25  0.383277234150191        3.17648887802324     
  0.344146610877992        2.14794644194335     
          26  0.344146610877992        2.14794644194335     
  0.305015987605793        1.11940400586346     
          25  0.383277234150191        3.17648887802324     
  0.344146610877992        2.14794644194335     
          26  0.344146610877992        2.14794644194335     
  0.305015987605793        1.11940400586346     
          25  0.381892036772908        3.16784334822902     
  0.342756762892327        2.13927188598002     
          26  0.342756762892327        2.13927188598002     
  0.303621489011746        1.11070042373102     
          25  0.381892036772908        3.16784334822902     
  0.342756762892327        2.13927188598002     
          26  0.342756762892327        2.13927188598002     
  0.303621489011746        1.11070042373102     
          25  0.381892036772908        3.16784334822902     
  0.342756762892327        2.13927188598002     
          26  0.342756762892327        2.13927188598002     
  0.303621489011746        1.11070042373102     
          25  0.381892036772908        3.16784334822902     
  0.342756762892327        2.13927188598002     
          26  0.342756762892327        2.13927188598002     
  0.303621489011746        1.11070042373102     
          25  0.381892036772908        3.16784334822902     
  0.342756762892327        2.13927188598002     
          26  0.342756762892327        2.13927188598002     
  0.303621489011746        1.11070042373102     
          25  0.381085216949176        3.16280768692975     
  0.341947236466153        2.13421933177260     
          26  0.341947236466153        2.13421933177260     
  0.302809255983128        1.10563097661545     
          25  0.381085216949176        3.16280768692975     
  0.341947236466153        2.13421933177260     
          26  0.341947236466153        2.13421933177260     
  0.302809255983128        1.10563097661545     
          25  0.381085216949176        3.16280768692975     
  0.341947236466153        2.13421933177260     
          26  0.341947236466153        2.13421933177260     
  0.302809255983128        1.10563097661545     
          25  0.381085216949176        3.16280768692975     
  0.341947236466153        2.13421933177260     
          26  0.341947236466153        2.13421933177260     
  0.302809255983128        1.10563097661545     
          25  0.381085216949176        3.16280768692975     
  0.341947236466153        2.13421933177260     
          26  0.341947236466153        2.13421933177260     
  0.302809255983128        1.10563097661545     
          25  0.379697784720519        3.15414820860051     
  0.340555153629115        2.12553082727425     
          26  0.340555153629115        2.12553082727425     
  0.301412522537710        1.09691344594799     
          25  0.379697784720519        3.15414820860051     
  0.340555153629115        2.12553082727425     
          26  0.340555153629115        2.12553082727425     
  0.301412522537710        1.09691344594799     
          25  0.379697784720519        3.15414820860051     
  0.340555153629115        2.12553082727425     
          26  0.340555153629115        2.12553082727425     
  0.301412522537710        1.09691344594799     
          25  0.379697784720519        3.15414820860051     
  0.340555153629115        2.12553082727425     
          26  0.340555153629115        2.12553082727425     
  0.301412522537710        1.09691344594799     
          25  0.379697784720519        3.15414820860051     
  0.340555153629115        2.12553082727425     
          26  0.340555153629115        2.12553082727425     
  0.301412522537710        1.09691344594799     
          25  0.378308939807251        3.14547991318346     
  0.339161658107465        2.11683350568810     
          26  0.339161658107465        2.11683350568810     
  0.300014376407679        1.08818709819273     
          25  0.378308939807251        3.14547991318346     
  0.339161658107465        2.11683350568810     
          26  0.339161658107465        2.11683350568810     
  0.300014376407679        1.08818709819273     
          25  0.378308939807251        3.14547991318346     
  0.339161658107465        2.11683350568810     
          26  0.339161658107465        2.11683350568810     
  0.300014376407679        1.08818709819273     
          25  0.378308939807251        3.14547991318346     
  0.339161658107465        2.11683350568810     
          26  0.339161658107465        2.11683350568810     
  0.300014376407679        1.08818709819273     
          25  0.378308939807251        3.14547991318346     
  0.339161658107465        2.11683350568810     
          26  0.339161658107465        2.11683350568810     
  0.300014376407679        1.08818709819273     
          25  0.377499997158078        3.14043100254449     
  0.338350008855847        2.11176770214096     
          26  0.338350008855847        2.11176770214096     
  0.299200020553615        1.08310440173743     
          25  0.377499997158078        3.14043100254449     
  0.338350008855847        2.11176770214096     
          26  0.338350008855847        2.11176770214096     
  0.299200020553615        1.08310440173743     
          25  0.377499997158078        3.14043100254449     
  0.338350008855847        2.11176770214096     
          26  0.338350008855847        2.11176770214096     
  0.299200020553615        1.08310440173743     
          25  0.377499997158078        3.14043100254449     
  0.338350008855847        2.11176770214096     
          26  0.338350008855847        2.11176770214096     
  0.299200020553615        1.08310440173743     
          25  0.377499997158078        3.14043100254449     
  0.338350008855847        2.11176770214096     
          26  0.338350008855847        2.11176770214096     
  0.299200020553615        1.08310440173743     
          25  0.376108917393438        3.13174875859243     
  0.336954278482825        2.10305643201979     
          26  0.336954278482825        2.10305643201979     
  0.297799639572212        1.07436410544715     
          25  0.376108917393438        3.13174875859243     
  0.336954278482825        2.10305643201979     
          26  0.336954278482825        2.10305643201979     
  0.297799639572212        1.07436410544715     
          25  0.376108917393438        3.13174875859243     
  0.336954278482825        2.10305643201979     
          26  0.336954278482825        2.10305643201979     
  0.297799639572212        1.07436410544715     
          25  0.376108917393438        3.13174875859243     
  0.336954278482825        2.10305643201979     
          26  0.336954278482825        2.10305643201979     
  0.297799639572212        1.07436410544715     
          25  0.376108917393438        3.13174875859243     
  0.336954278482825        2.10305643201979     
          26  0.336954278482825        2.10305643201979     
  0.297799639572212        1.07436410544715     
          25  0.374716424944185        3.12305769755256     
  0.335557135425191        2.09433634481081     
          26  0.335557135425191        2.09433634481081     
  0.296397845906195        1.06561499206905     
          25  0.374716424944185        3.12305769755256     
  0.335557135425191        2.09433634481081     
          26  0.335557135425191        2.09433634481081     
  0.296397845906195        1.06561499206905     
          25  0.374716424944185        3.12305769755256     
  0.335557135425191        2.09433634481081     
          26  0.335557135425191        2.09433634481081     
  0.296397845906195        1.06561499206905     
          25  0.374716424944185        3.12305769755256     
  0.335557135425191        2.09433634481081     
          26  0.335557135425191        2.09433634481081     
  0.296397845906195        1.06561499206905     
          25  0.374716424944185        3.12305769755256     
  0.335557135425191        2.09433634481081     
          26  0.335557135425191        2.09433634481081     
  0.296397845906195        1.06561499206905     
          25  0.373905359469564        3.11799553757384     
  0.334737624528742        2.08922147382698     
          26  0.334737624528742        2.08922147382698     
  0.295569889587919        1.06044741008012     
          25  0.373905359469564        3.11799553757384     
  0.334737624528742        2.08922147382698     
          26  0.334737624528742        2.08922147382698     
  0.295569889587919        1.06044741008012     
          25  0.373905359469564        3.11799553757384     
  0.334737624528742        2.08922147382698     
          26  0.334737624528742        2.08922147382698     
  0.295569889587919        1.06044741008012     
          25  0.373905359469564        3.11799553757384     
  0.334737624528742        2.08922147382698     
          26  0.334737624528742        2.08922147382698     
  0.295569889587919        1.06044741008012     
          25  0.373905359469564        3.11799553757384     
  0.334737624528742        2.08922147382698     
          26  0.334737624528742        2.08922147382698     
  0.295569889587919        1.06044741008012     
          25  0.372510632168937        3.10929052799895     
  0.333343138237950        2.08051796848371     
          26  0.333343138237950        2.08051796848371     
  0.294175644306962        1.05174540896847     
          25  0.372510632168937        3.10929052799895     
  0.333343138237950        2.08051796848371     
          26  0.333343138237950        2.08051796848371     
  0.294175644306962        1.05174540896847     
          25  0.372510632168937        3.10929052799895     
  0.333343138237950        2.08051796848371     
          26  0.333343138237950        2.08051796848371     
  0.294175644306962        1.05174540896847     
          25  0.372510632168937        3.10929052799895     
  0.333343138237950        2.08051796848371     
          26  0.333343138237950        2.08051796848371     
  0.294175644306962        1.05174540896847     
          25  0.372510632168937        3.10929052799895     
  0.333343138237950        2.08051796848371     
          26  0.333343138237950        2.08051796848371     
  0.294175644306962        1.05174540896847     
          25  0.371114492183698        3.10057670133624     
  0.331950289186745        2.07182468175900     
          26  0.331950289186745        2.07182468175900     
  0.292786086189790        1.04307266218176     
          25  0.371114492183698        3.10057670133624     
  0.331950289186745        2.07182468175900     
          26  0.331950289186745        2.07182468175900     
  0.292786086189790        1.04307266218176     
          25  0.371114492183698        3.10057670133624     
  0.331950289186745        2.07182468175900     
          26  0.331950289186745        2.07182468175900     
  0.292786086189790        1.04307266218176     
          25  0.371114492183698        3.10057670133624     
  0.331950289186745        2.07182468175900     
          26  0.331950289186745        2.07182468175900     
  0.292786086189790        1.04307266218176     
          25  0.371114492183698        3.10057670133624     
  0.331950289186745        2.07182468175900     
          26  0.331950289186745        2.07182468175900     
  0.292786086189790        1.04307266218176     
          25  0.370410366648922        3.09618199312381     
  0.331267745864728        2.06756467612867     
          26  0.331267745864728        2.06756467612867     
  0.292125125080534        1.03894735913353     
          25  0.370410366648922        3.09618199312381     
  0.331267745864728        2.06756467612867     
          26  0.331267745864728        2.06756467612867     
  0.292125125080534        1.03894735913353     
          25  0.370410366648922        3.09618199312381     
  0.331267745864728        2.06756467612867     
          26  0.331267745864728        2.06756467612867     
  0.292125125080534        1.03894735913353     
          25  0.370410366648922        3.09618199312381     
  0.331267745864728        2.06756467612867     
          26  0.331267745864728        2.06756467612867     
  0.292125125080534        1.03894735913353     
          25  0.370410366648922        3.09618199312381     
  0.331267745864728        2.06756467612867     
          26  0.331267745864728        2.06756467612867     
  0.292125125080534        1.03894735913353     
          25  0.368919057422067        3.08687417998136     
  0.329750009424274        2.05809192095970     
          26  0.329750009424274        2.05809192095970     
  0.290580961426481        1.02930966193803     
          25  0.368919057422067        3.08687417998136     
  0.329750009424274        2.05809192095970     
          26  0.329750009424274        2.05809192095970     
  0.290580961426481        1.02930966193803     
          25  0.368919057422067        3.08687417998136     
  0.329750009424274        2.05809192095970     
          26  0.329750009424274        2.05809192095970     
  0.290580961426481        1.02930966193803     
          25  0.368919057422067        3.08687417998136     
  0.329750009424274        2.05809192095970     
          26  0.329750009424274        2.05809192095970     
  0.290580961426481        1.02930966193803     
          25  0.368919057422067        3.08687417998136     
  0.329750009424274        2.05809192095970     
          26  0.329750009424274        2.05809192095970     
  0.290580961426481        1.02930966193803     
          25  0.367368273360422        3.07719516237042     
  0.328138214564579        2.04803211236477     
          26  0.328138214564579        2.04803211236477     
  0.288908155768735        1.01886906235912     
          25  0.367368273360422        3.07719516237042     
  0.328138214564579        2.04803211236477     
          26  0.328138214564579        2.04803211236477     
  0.288908155768735        1.01886906235912     
          25  0.367368273360422        3.07719516237042     
  0.328138214564579        2.04803211236477     
          26  0.328138214564579        2.04803211236477     
  0.288908155768735        1.01886906235912     
          25  0.367368273360422        3.07719516237042     
  0.328138214564579        2.04803211236477     
          26  0.328138214564579        2.04803211236477     
  0.288908155768735        1.01886906235912     
          25  0.367368273360422        3.07719516237042     
  0.328138214564579        2.04803211236477     
          26  0.328138214564579        2.04803211236477     
  0.288908155768735        1.01886906235912     
          25  0.365285415638597        3.06419527601020     
  0.325914016691524        2.03415006978002     
          26  0.325914016691524        2.03415006978002     
  0.286542617744450        1.00410486354983     
          25  0.365285415638597        3.06419527601020     
  0.325914016691524        2.03415006978002     
          26  0.325914016691524        2.03415006978002     
  0.286542617744450        1.00410486354983     
          25  0.365285415638597        3.06419527601020     
  0.325914016691524        2.03415006978002     
          26  0.325914016691524        2.03415006978002     
  0.286542617744450        1.00410486354983     
          25  0.365285415638597        3.06419527601020     
  0.325914016691524        2.03415006978002     
          26  0.325914016691524        2.03415006978002     
  0.286542617744450        1.00410486354983     
          25  0.365285415638597        3.06419527601020     
  0.325914016691524        2.03415006978002     
          26  0.325914016691524        2.03415006978002     
  0.286542617744450        1.00410486354983     
          25  0.365285415610548        3.06419527583514     
  0.325914016668037        2.03415006963342     
          26  0.325914016668037        2.03415006963342     
  0.286542617725525        1.00410486343171     
          25  0.365285415610548        3.06419527583514     
  0.325914016668037        2.03415006963342     
          26  0.325914016668037        2.03415006963342     
  0.286542617725525        1.00410486343171     
          25  0.365285415610548        3.06419527583514     
  0.325914016668037        2.03415006963342     
          26  0.325914016668037        2.03415006963342     
  0.286542617725525        1.00410486343171     
          25  0.365285415610548        3.06419527583514     
  0.325914016668037        2.03415006963342     
          26  0.325914016668037        2.03415006963342     
  0.286542617725525        1.00410486343171     
          25  0.365285415610548        3.06419527583514     
  0.325914016668037        2.03415006963342     
          26  0.325914016668037        2.03415006963342     
  0.286542617725525        1.00410486343171     
          25  0.365285415599563        3.06419527576658     
  0.325914016658796        2.03415006957575     
          26  0.325914016658796        2.03415006957575     
  0.286542617718029        1.00410486338492     
          25  0.365285415599563        3.06419527576658     
  0.325914016658796        2.03415006957575     
          26  0.325914016658796        2.03415006957575     
  0.286542617718029        1.00410486338492     
          25  0.365285415599563        3.06419527576658     
  0.325914016658796        2.03415006957575     
          26  0.325914016658796        2.03415006957575     
  0.286542617718029        1.00410486338492     
          25  0.365285415599563        3.06419527576658     
  0.325914016658796        2.03415006957575     
          26  0.325914016658796        2.03415006957575     
  0.286542617718029        1.00410486338492     
          25  0.365285415599563        3.06419527576658     
  0.325914016658796        2.03415006957575     
          26  0.325914016658796        2.03415006957575     
  0.286542617718029        1.00410486338492     
           2  -2.40041100443282        3.84167541930729     
  -2.40472890972520        3.03041204789220     
           2  -2.40041100443282        3.84167541930729     
  -2.40472890972520        3.03041204789220     
           2  -2.40041100443282        3.84167541930729     
  -2.40472890972520        3.03041204789220     
           2  -2.40041100443282        3.84167541930729     
  -2.40472890972520        3.03041204789220     
           2  -2.40041100443282        3.84167541930729     
  -2.40472890972520        3.03041204789220     
           2  -2.40041100443282        3.84167541930729     
  -2.40472890972520        3.03041204789220     
           2  -2.40041100443282        3.84167541930729     
  -2.40472890972520        3.03041204789220     
           2  -2.40041100443282        3.84167541930729     
  -2.40472890972520        3.03041204789220     
           2  -2.40041100443282        3.84167541930729     
  -2.40472890972520        3.03041204789220     
           2  -2.40041100443282        3.84167541930729     
  -2.40472890972520        3.03041204789220     
           2  -2.40210584067933        3.83109731866556     
  -2.42360883484517        2.91257544365501     
           2  -2.40210584067933        3.83109731866556     
  -2.42360883484517        2.91257544365501     
           2  -2.40210584067933        3.83109731866556     
  -2.42360883484517        2.91257544365501     
           2  -2.40210584067933        3.83109731866556     
  -2.42360883484517        2.91257544365501     
           2  -2.40210584067933        3.83109731866556     
  -2.42360883484517        2.91257544365501     
           2  -2.40210584067933        3.83109731866556     
  -2.42360883484517        2.91257544365501     
           2  -2.40210584067933        3.83109731866556     
  -2.42360883484517        2.91257544365501     
           2  -2.40210584067933        3.83109731866556     
  -2.42360883484517        2.91257544365501     
           2  -2.40210584067933        3.83109731866556     
  -2.42360883484517        2.91257544365501     
           2  -2.40210584067933        3.83109731866556     
  -2.42360883484517        2.91257544365501     
           2  -2.40309406616131        3.82492943747553     
  -2.43508812757796        2.84092892672864     
           2  -2.40309406616131        3.82492943747553     
  -2.43508812757796        2.84092892672864     
           2  -2.40309406616131        3.82492943747553     
  -2.43508812757796        2.84092892672864     
           2  -2.40309406616131        3.82492943747553     
  -2.43508812757796        2.84092892672864     
           2  -2.40309406616131        3.82492943747553     
  -2.43508812757796        2.84092892672864     
           2  -2.40309406616131        3.82492943747553     
  -2.43508812757796        2.84092892672864     
           2  -2.40309406616131        3.82492943747553     
  -2.43508812757796        2.84092892672864     
           2  -2.40309406616131        3.82492943747553     
  -2.43508812757796        2.84092892672864     
           2  -2.40309406616131        3.82492943747553     
  -2.43508812757796        2.84092892672864     
           2  -2.40479525855475        3.81431166576700     
  -2.45565669634735        2.71255287214142     
           2  -2.40479525855475        3.81431166576700     
  -2.45565669634735        2.71255287214142     
           2  -2.40479525855475        3.81431166576700     
  -2.45565669634735        2.71255287214142     
           2  -2.40479525855475        3.81431166576700     
  -2.45565669634735        2.71255287214142     
           2  -2.40479525855475        3.81431166576700     
  -2.45565669634735        2.71255287214142     
           2  -2.40479525855475        3.81431166576700     
  -2.45565669634735        2.71255287214142     
           2  -2.40479525855475        3.81431166576700     
  -2.45565669634735        2.71255287214142     
           2  -2.40479525855475        3.81431166576700     
  -2.45565669634735        2.71255287214142     
           2  -2.40479525855475        3.81431166576700     
  -2.45565669634735        2.71255287214142     
           2  -2.40479525855475        3.81431166576700     
  -2.45565669634735        2.71255287214142     
           2  -2.40479525855475        3.81431166576700     
  -2.45565669634735        2.71255287214142     
           2  -2.40650046876839        3.80366881735480     
  -2.47729268325862        2.57751466564726     
           2  -2.40650046876839        3.80366881735480     
  -2.47729268325862        2.57751466564726     
           2  -2.40650046876839        3.80366881735480     
  -2.47729268325862        2.57751466564726     
           2  -2.40650046876839        3.80366881735480     
  -2.47729268325862        2.57751466564726     
           2  -2.40650046876839        3.80366881735480     
  -2.47729268325862        2.57751466564726     
           2  -2.40650046876839        3.80366881735480     
  -2.47729268325862        2.57751466564726     
           2  -2.40650046876839        3.80366881735480     
  -2.47729268325862        2.57751466564726     
           2  -2.40650046876839        3.80366881735480     
  -2.47729268325862        2.57751466564726     
           2  -2.40650046876839        3.80366881735480     
  -2.47729268325862        2.57751466564726     
           2  -2.40650046876839        3.80366881735480     
  -2.47729268325862        2.57751466564726     
           2  -2.40650046876839        3.80366881735480     
  -2.47729268325862        2.57751466564726     
           2  -2.40749473178406        3.79746325368121     
  -2.49037597335470        2.49585700718859     
           2  -2.40749473178406        3.79746325368121     
  -2.49037597335470        2.49585700718859     
           2  -2.40749473178406        3.79746325368121     
  -2.49037597335470        2.49585700718859     
           2  -2.40749473178406        3.79746325368121     
  -2.49037597335470        2.49585700718859     
           2  -2.40749473178406        3.79746325368121     
  -2.49037597335470        2.49585700718859     
           2  -2.40749473178406        3.79746325368121     
  -2.49037597335470        2.49585700718859     
           2  -2.40749473178406        3.79746325368121     
  -2.49037597335470        2.49585700718859     
           2  -2.40749473178406        3.79746325368121     
  -2.49037597335470        2.49585700718859     
           2  -2.40749473178406        3.79746325368121     
  -2.49037597335470        2.49585700718859     
           2  -2.40749473178406        3.79746325368121     
  -2.49037597335470        2.49585700718859     
           2  -2.40749473178406        3.79746325368121     
  -2.49037597335470        2.49585700718859     
           2  -2.40920629814463        3.78678073420220     
  -2.51370060391540        2.35027935034440     
           2  -2.40920629814463        3.78678073420220     
  -2.51370060391540        2.35027935034440     
           2  -2.40920629814463        3.78678073420220     
  -2.51370060391540        2.35027935034440     
           2  -2.40920629814463        3.78678073420220     
  -2.51370060391540        2.35027935034440     
           2  -2.40920629814463        3.78678073420220     
  -2.51370060391540        2.35027935034440     
           2  -2.40920629814463        3.78678073420220     
  -2.51370060391540        2.35027935034440     
           2  -2.40920629814463        3.78678073420220     
  -2.51370060391540        2.35027935034440     
           2  -2.40920629814463        3.78678073420220     
  -2.51370060391540        2.35027935034440     
           2  -2.40920629814463        3.78678073420220     
  -2.51370060391540        2.35027935034440     
           2  -2.40920629814463        3.78678073420220     
  -2.51370060391540        2.35027935034440     
           2  -2.40920629814463        3.78678073420220     
  -2.51370060391540        2.35027935034440     
           2  -2.41092188232539        3.77607313801952     
  -2.53809265261798        2.19803954159327     
           7  -1.76935577507826        3.85875616894525     
  -1.77658683092448        3.02931074613350     
           2  -2.41092188232539        3.77607313801952     
  -2.53809265261798        2.19803954159327     
           7  -1.76935577507826        3.85875616894525     
  -1.77658683092448        3.02931074613350     
           2  -2.41092188232539        3.77607313801952     
  -2.53809265261798        2.19803954159327     
           7  -1.76935577507826        3.85875616894525     
  -1.77658683092448        3.02931074613350     
           2  -2.41092188232539        3.77607313801952     
  -2.53809265261798        2.19803954159327     
           7  -1.76935577507826        3.85875616894525     
  -1.77658683092448        3.02931074613350     
           2  -2.41092188232539        3.77607313801952     
  -2.53809265261798        2.19803954159327     
           7  -1.76935577507826        3.85875616894525     
  -1.77658683092448        3.02931074613350     
           2  -2.41092188232539        3.77607313801952     
  -2.53809265261798        2.19803954159327     
           7  -1.76935577507826        3.85875616894525     
  -1.77658683092448        3.02931074613350     
           2  -2.41092188232539        3.77607313801952     
  -2.53809265261798        2.19803954159327     
           7  -1.76935577507826        3.85875616894525     
  -1.77658683092448        3.02931074613350     
           2  -2.41092188232539        3.77607313801952     
  -2.53809265261798        2.19803954159327     
           7  -1.76935577507826        3.85875616894525     
  -1.77658683092448        3.02931074613350     
           2  -2.41092188232539        3.77607313801952     
  -2.53809265261798        2.19803954159327     
           7  -1.76935577507826        3.85875616894525     
  -1.77658683092448        3.02931074613350     
           2  -2.41092188232539        3.77607313801952     
  -2.53809265261798        2.19803954159327     
           7  -1.76935577507826        3.85875616894525     
  -1.77658683092448        3.02931074613350     
           2  -2.41092188232539        3.77607313801952     
  -2.53809265261798        2.19803954159327     
           2  -2.41192218287474        3.76982989186237     
  -2.55277994007734        2.10637074160233     
           7  -1.76995720505213        3.85500242175836     
  -1.78180524223225        2.99674070869355     
           2  -2.41192218287474        3.76982989186237     
  -2.55277994007734        2.10637074160233     
           7  -1.76995720505213        3.85500242175836     
  -1.78180524223225        2.99674070869355     
           2  -2.41192218287474        3.76982989186237     
  -2.55277994007734        2.10637074160233     
           7  -1.76995720505213        3.85500242175836     
  -1.78180524223225        2.99674070869355     
           2  -2.41192218287474        3.76982989186237     
  -2.55277994007734        2.10637074160233     
           7  -1.76995720505213        3.85500242175836     
  -1.78180524223225        2.99674070869355     
           2  -2.41192218287474        3.76982989186237     
  -2.55277994007734        2.10637074160233     
           7  -1.76995720505213        3.85500242175836     
  -1.78180524223225        2.99674070869355     
           2  -2.41192218287474        3.76982989186237     
  -2.55277994007734        2.10637074160233     
           7  -1.76995720505213        3.85500242175836     
  -1.78180524223225        2.99674070869355     
           2  -2.41192218287474        3.76982989186237     
  -2.55277994007734        2.10637074160233     
           7  -1.76995720505213        3.85500242175836     
  -1.78180524223225        2.99674070869355     
           2  -2.41192218287474        3.76982989186237     
  -2.55277994007734        2.10637074160233     
           7  -1.76995720505213        3.85500242175836     
  -1.78180524223225        2.99674070869355     
           2  -2.41192218287474        3.76982989186237     
  -2.55277994007734        2.10637074160233     
           7  -1.76995720505213        3.85500242175836     
  -1.78180524223225        2.99674070869355     
           2  -2.41192218287474        3.76982989186237     
  -2.55277994007734        2.10637074160233     
           7  -1.76995720505213        3.85500242175836     
  -1.78180524223225        2.99674070869355     
           2  -2.41192218287474        3.76982989186237     
  -2.55277994007734        2.10637074160233     
           2  -2.41364412320244        3.75908262461288     
  -2.57886063242934        1.94359148250116     
           7  -1.77099369590190        3.84853329853439     
  -1.79106350440891        2.93895646595411     
           2  -2.41364412320244        3.75908262461288     
  -2.57886063242934        1.94359148250116     
           7  -1.77099369590190        3.84853329853439     
  -1.79106350440891        2.93895646595411     
           2  -2.41364412320244        3.75908262461288     
  -2.57886063242934        1.94359148250116     
           7  -1.77099369590190        3.84853329853439     
  -1.79106350440891        2.93895646595411     
           2  -2.41364412320244        3.75908262461288     
  -2.57886063242934        1.94359148250116     
           7  -1.77099369590190        3.84853329853439     
  -1.79106350440891        2.93895646595411     
           2  -2.41364412320244        3.75908262461288     
  -2.57886063242934        1.94359148250116     
           7  -1.77099369590190        3.84853329853439     
  -1.79106350440891        2.93895646595411     
           2  -2.41364412320244        3.75908262461288     
  -2.57886063242934        1.94359148250116     
           7  -1.77099369590190        3.84853329853439     
  -1.79106350440891        2.93895646595411     
           2  -2.41364412320244        3.75908262461288     
  -2.57886063242934        1.94359148250116     
           7  -1.77099369590190        3.84853329853439     
  -1.79106350440891        2.93895646595411     
           2  -2.41364412320244        3.75908262461288     
  -2.57886063242934        1.94359148250116     
           7  -1.77099369590190        3.84853329853439     
  -1.79106350440891        2.93895646595411     
           2  -2.41364412320244        3.75908262461288     
  -2.57886063242934        1.94359148250116     
           7  -1.77099369590190        3.84853329853439     
  -1.79106350440891        2.93895646595411     
           2  -2.41364412320244        3.75908262461288     
  -2.57886063242934        1.94359148250116     
           7  -1.77099369590190        3.84853329853439     
  -1.79106350440891        2.93895646595411     
           2  -2.41364412320244        3.75908262461288     
  -2.57886063242934        1.94359148250116     
           2  -2.41537008135032        3.74831028065972     
  -2.60600874292322        1.77415007149307     
           7  -1.77203408855048        3.84203982273922     
  -1.80069060441259        2.87887016974917     
           2  -2.41537008135032        3.74831028065972     
  -2.60600874292322        1.77415007149307     
           7  -1.77203408855048        3.84203982273922     
  -1.80069060441259        2.87887016974917     
           2  -2.41537008135032        3.74831028065972     
  -2.60600874292322        1.77415007149307     
           7  -1.77203408855048        3.84203982273922     
  -1.80069060441259        2.87887016974917     
           2  -2.41537008135032        3.74831028065972     
  -2.60600874292322        1.77415007149307     
           7  -1.77203408855048        3.84203982273922     
  -1.80069060441259        2.87887016974917     
           2  -2.41537008135032        3.74831028065972     
  -2.60600874292322        1.77415007149307     
           7  -1.77203408855048        3.84203982273922     
  -1.80069060441259        2.87887016974917     
           2  -2.41537008135032        3.74831028065972     
  -2.60600874292322        1.77415007149307     
           7  -1.77203408855048        3.84203982273922     
  -1.80069060441259        2.87887016974917     
           2  -2.41537008135032        3.74831028065972     
  -2.60600874292322        1.77415007149307     
           7  -1.77203408855048        3.84203982273922     
  -1.80069060441259        2.87887016974917     
           2  -2.41537008135032        3.74831028065972     
  -2.60600874292322        1.77415007149307     
           7  -1.77203408855048        3.84203982273922     
  -1.80069060441259        2.87887016974917     
           2  -2.41537008135032        3.74831028065972     
  -2.60600874292322        1.77415007149307     
           7  -1.77203408855048        3.84203982273922     
  -1.80069060441259        2.87887016974917     
           2  -2.41537008135032        3.74831028065972     
  -2.60600874292322        1.77415007149307     
           7  -1.77203408855048        3.84203982273922     
  -1.80069060441259        2.87887016974917     
           2  -2.41537008135032        3.74831028065972     
  -2.60600874292322        1.77415007149307     
           2  -2.41637679422892        3.74202701278116     
  -2.62230040254142        1.67246779073199     
           7  -1.77264752870593        3.83821111556150     
  -1.80675853269533        2.84099798227760     
           2  -2.41637679422892        3.74202701278116     
  -2.62230040254142        1.67246779073199     
           7  -1.77264752870593        3.83821111556150     
  -1.80675853269533        2.84099798227760     
           2  -2.41637679422892        3.74202701278116     
  -2.62230040254142        1.67246779073199     
           7  -1.77264752870593        3.83821111556150     
  -1.80675853269533        2.84099798227760     
           2  -2.41637679422892        3.74202701278116     
  -2.62230040254142        1.67246779073199     
           7  -1.77264752870593        3.83821111556150     
  -1.80675853269533        2.84099798227760     
           2  -2.41637679422892        3.74202701278116     
  -2.62230040254142        1.67246779073199     
           7  -1.77264752870593        3.83821111556150     
  -1.80675853269533        2.84099798227760     
           2  -2.41637679422892        3.74202701278116     
  -2.62230040254142        1.67246779073199     
           7  -1.77264752870593        3.83821111556150     
  -1.80675853269533        2.84099798227760     
           2  -2.41637679422892        3.74202701278116     
  -2.62230040254142        1.67246779073199     
           7  -1.77264752870593        3.83821111556150     
  -1.80675853269533        2.84099798227760     
           2  -2.41637679422892        3.74202701278116     
  -2.62230040254142        1.67246779073199     
           7  -1.77264752870593        3.83821111556150     
  -1.80675853269533        2.84099798227760     
           2  -2.41637679422892        3.74202701278116     
  -2.62230040254142        1.67246779073199     
           7  -1.77264752870593        3.83821111556150     
  -1.80675853269533        2.84099798227760     
           2  -2.41637679422892        3.74202701278116     
  -2.62230040254142        1.67246779073199     
           7  -1.77264752870593        3.83821111556150     
  -1.80675853269533        2.84099798227760     
           2  -2.41637679422892        3.74202701278116     
  -2.62230040254142        1.67246779073199     
           2  -2.41810878900506        3.73121699199562     
  -2.65113683716604        1.49248892360829     
           7  -1.77368885282826        3.83171182609372     
  -1.81671744247939        2.77884073835842     
           2  -2.41810878900506        3.73121699199562     
  -2.65113683716604        1.49248892360829     
           7  -1.77368885282826        3.83171182609372     
  -1.81671744247939        2.77884073835842     
           2  -2.41810878900506        3.73121699199562     
  -2.65113683716604        1.49248892360829     
           7  -1.77368885282826        3.83171182609372     
  -1.81671744247939        2.77884073835842     
           2  -2.41810878900506        3.73121699199562     
  -2.65113683716604        1.49248892360829     
           7  -1.77368885282826        3.83171182609372     
  -1.81671744247939        2.77884073835842     
           2  -2.41810878900506        3.73121699199562     
  -2.65113683716604        1.49248892360829     
           7  -1.77368885282826        3.83171182609372     
  -1.81671744247939        2.77884073835842     
           2  -2.41810878900506        3.73121699199562     
  -2.65113683716604        1.49248892360829     
           7  -1.77368885282826        3.83171182609372     
  -1.81671744247939        2.77884073835842     
           2  -2.41810878900506        3.73121699199562     
  -2.65113683716604        1.49248892360829     
           7  -1.77368885282826        3.83171182609372     
  -1.81671744247939        2.77884073835842     
           2  -2.41810878900506        3.73121699199562     
  -2.65113683716604        1.49248892360829     
           7  -1.77368885282826        3.83171182609372     
  -1.81671744247939        2.77884073835842     
           2  -2.41810878900506        3.73121699199562     
  -2.65113683716604        1.49248892360829     
           7  -1.77368885282826        3.83171182609372     
  -1.81671744247939        2.77884073835842     
           2  -2.41810878900506        3.73121699199562     
  -2.65113683716604        1.49248892360829     
           7  -1.77368885282826        3.83171182609372     
  -1.81671744247939        2.77884073835842     
           2  -2.41810878900506        3.73121699199562     
  -2.65113683716604        1.49248892360829     
           2  -2.41984460260464        3.72038313651874     
  -2.68104049093581        1.30584914658998     
           7  -1.77473081764142        3.82520853783711     
  -1.82688829881488        2.71536065752427     
           2  -2.41984460260464        3.72038313651874     
  -2.68104049093581        1.30584914658998     
           7  -1.77473081764142        3.82520853783711     
  -1.82688829881488        2.71536065752427     
           2  -2.41984460260464        3.72038313651874     
  -2.68104049093581        1.30584914658998     
           7  -1.77473081764142        3.82520853783711     
  -1.82688829881488        2.71536065752427     
           2  -2.41984460260464        3.72038313651874     
  -2.68104049093581        1.30584914658998     
           7  -1.77473081764142        3.82520853783711     
  -1.82688829881488        2.71536065752427     
