 -0.495000000000000      -0.495000000000000        2.00000000000001     
 -0.495000000000000      -0.485000000000000        2.00000000000000     
 -0.495000000000000      -0.475000000000000        2.00000000000000     
 -0.495000000000000      -0.465000000000000        1.99999999999999     
 -0.495000000000000      -0.455000000000000        2.00000000000001     
 -0.495000000000000      -0.445000000000000        1.99999999999998     
 -0.495000000000000      -0.435000000000000        2.00000000000001     
 -0.495000000000000      -0.425000000000000        2.00000000000000     
 -0.495000000000000      -0.415000000000000        2.00000000000000     
 -0.495000000000000      -0.405000000000000        2.00000000000000     
 -0.495000000000000      -0.395000000000000        2.00000000000000     
 -0.495000000000000      -0.385000000000000        2.00000000000000     
 -0.495000000000000      -0.375000000000000        2.00000000000000     
 -0.495000000000000      -0.365000000000000        2.00000000000000     
 -0.495000000000000      -0.355000000000000        2.00000000000000     
 -0.495000000000000      -0.345000000000000        2.00000000000000     
 -0.495000000000000      -0.335000000000000        2.00000000000001     
 -0.495000000000000      -0.325000000000000        2.00000000000000     
 -0.495000000000000      -0.315000000000000        2.00000000000000     
 -0.495000000000000      -0.305000000000000        2.00000000000001     
 -0.495000000000000      -0.295000000000000        1.99999999999998     
 -0.495000000000000      -0.285000000000000        2.00000000000001     
 -0.495000000000000      -0.275000000000000        2.00000000000000     
 -0.495000000000000      -0.265000000000000        2.00000000000000     
 -0.495000000000000      -0.255000000000000        2.00000000000001     
 -0.495000000000000      -0.245000000000000        2.00000000000000     
 -0.495000000000000      -0.235000000000000        2.00000000000000     
 -0.495000000000000      -0.225000000000000        2.00000000000000     
 -0.495000000000000      -0.215000000000000        1.99999999999999     
 -0.495000000000000      -0.205000000000000        2.00000000000000     
 -0.495000000000000      -0.195000000000000        2.00000000000001     
 -0.495000000000000      -0.185000000000000        2.00000000000000     
 -0.495000000000000      -0.175000000000000        2.00000000000000     
 -0.495000000000000      -0.165000000000000        2.00000000000000     
 -0.495000000000000      -0.155000000000000        2.00000000000000     
 -0.495000000000000      -0.145000000000000        1.99999999999999     
 -0.495000000000000      -0.135000000000000        2.00000000000001     
 -0.495000000000000      -0.125000000000000        2.00000000000001     
 -0.495000000000000      -0.115000000000000        2.00000000000001     
 -0.495000000000000      -0.105000000000000        2.00000000000000     
 -0.495000000000000      -9.499999999999997E-002   2.00000000000000     
 -0.495000000000000      -8.500000000000002E-002   2.00000000000000     
 -0.495000000000000      -7.500000000000001E-002   2.00000000000000     
 -0.495000000000000      -6.500000000000000E-002   2.00000000000000     
 -0.495000000000000      -5.499999999999999E-002   2.00000000000000     
 -0.495000000000000      -4.499999999999998E-002   2.00000000000000     
 -0.495000000000000      -3.499999999999997E-002   2.00000000000000     
 -0.495000000000000      -2.500000000000002E-002   1.99999999999999     
 -0.495000000000000      -1.500000000000001E-002   2.00000000000000     
 -0.495000000000000      -5.000000000000000E-003   2.00000000000001     
 -0.495000000000000       5.000000000000009E-003   2.00000000000000     
 -0.495000000000000       1.500000000000002E-002   2.00000000000000     
 -0.495000000000000       2.500000000000003E-002   2.00000000000000     
 -0.495000000000000       3.500000000000004E-002   2.00000000000001     
 -0.495000000000000       4.500000000000005E-002   2.00000000000001     
 -0.495000000000000       5.500000000000006E-002   2.00000000000000     
 -0.495000000000000       6.500000000000006E-002   2.00000000000000     
 -0.495000000000000       7.499999999999996E-002   1.99999999999998     
 -0.495000000000000       8.499999999999996E-002   2.00000000000000     
 -0.495000000000000       9.499999999999997E-002   2.00000000000001     
 -0.495000000000000       0.105000000000000        2.00000000000001     
 -0.495000000000000       0.115000000000000        2.00000000000000     
 -0.495000000000000       0.125000000000000        2.00000000000001     
 -0.495000000000000       0.135000000000000        2.00000000155858     
 -0.495000000000000       0.145000000000000        2.00000029200053     
 -0.495000000000000       0.155000000000000        2.00001087855407     
 -0.495000000000000       0.165000000000000        2.00018484449695     
 -0.495000000000000       0.175000000000000        2.00174920489704     
 -0.495000000000000       0.185000000000000        2.01000629560607     
 -0.495000000000000       0.195000000000000        2.03684753590924     
 -0.495000000000000       0.205000000000000        2.09253055282320     
 -0.495000000000000       0.215000000000000        2.16941973755583     
 -0.495000000000000       0.225000000000000        2.25873984139605     
 -0.495000000000000       0.235000000000000        2.36075317701019     
 -0.495000000000000       0.245000000000000        2.45913545460367     
 -0.495000000000000       0.255000000000000        2.55464073605527     
 -0.495000000000000       0.265000000000000        2.64749684502925     
 -0.495000000000000       0.275000000000000        2.73708972756466     
 -0.495000000000000       0.285000000000000        2.82192756647126     
 -0.495000000000000       0.295000000000000        2.89873697187070     
 -0.495000000000000       0.305000000000000        2.95967077166216     
 -0.495000000000000       0.315000000000000        2.99147362099408     
 -0.495000000000000       0.325000000000000        2.99958625868083     
 -0.495000000000000       0.335000000000000        2.99999968526134     
 -0.495000000000000       0.345000000000000        2.99999999999994     
 -0.495000000000000       0.355000000000000        3.00000000000001     
 -0.495000000000000       0.365000000000000        3.00000000000001     
 -0.495000000000000       0.375000000000000        2.99999999999999     
 -0.495000000000000       0.385000000000000        3.00000000000001     
 -0.495000000000000       0.395000000000000        2.99999999999999     
 -0.495000000000000       0.405000000000000        3.00000000000000     
 -0.495000000000000       0.415000000000000        3.00000000000000     
 -0.495000000000000       0.425000000000000        2.99999999999999     
 -0.495000000000000       0.435000000000000        3.00000000000000     
 -0.495000000000000       0.445000000000000        3.00000000000001     
 -0.495000000000000       0.455000000000000        2.99999999999998     
 -0.495000000000000       0.465000000000000        2.99999999999999     
 -0.495000000000000       0.475000000000000        2.99999999999999     
 -0.495000000000000       0.485000000000000        2.99999999999999     
 -0.495000000000000       0.495000000000000        3.00000000000000     
 -0.485000000000000      -0.495000000000000        2.00000000000000     
 -0.485000000000000      -0.485000000000000        2.00000000000000     
 -0.485000000000000      -0.475000000000000        2.00000000000001     
 -0.485000000000000      -0.465000000000000        1.99999999999999     
 -0.485000000000000      -0.455000000000000        2.00000000000000     
 -0.485000000000000      -0.445000000000000        1.99999999999999     
 -0.485000000000000      -0.435000000000000        2.00000000000000     
 -0.485000000000000      -0.425000000000000        2.00000000000000     
 -0.485000000000000      -0.415000000000000        2.00000000000000     
 -0.485000000000000      -0.405000000000000        2.00000000000000     
 -0.485000000000000      -0.395000000000000        2.00000000000000     
 -0.485000000000000      -0.385000000000000        2.00000000000000     
 -0.485000000000000      -0.375000000000000        2.00000000000000     
 -0.485000000000000      -0.365000000000000        2.00000000000000     
 -0.485000000000000      -0.355000000000000        2.00000000000000     
 -0.485000000000000      -0.345000000000000        2.00000000000000     
 -0.485000000000000      -0.335000000000000        2.00000000000001     
 -0.485000000000000      -0.325000000000000        1.99999999999999     
 -0.485000000000000      -0.315000000000000        2.00000000000000     
 -0.485000000000000      -0.305000000000000        2.00000000000000     
 -0.485000000000000      -0.295000000000000        1.99999999999999     
 -0.485000000000000      -0.285000000000000        2.00000000000000     
 -0.485000000000000      -0.275000000000000        2.00000000000002     
 -0.485000000000000      -0.265000000000000        2.00000000000000     
 -0.485000000000000      -0.255000000000000        2.00000000000000     
 -0.485000000000000      -0.245000000000000        2.00000000000000     
 -0.485000000000000      -0.235000000000000        2.00000000000000     
 -0.485000000000000      -0.225000000000000        2.00000000000000     
 -0.485000000000000      -0.215000000000000        1.99999999999999     
 -0.485000000000000      -0.205000000000000        2.00000000000001     
 -0.485000000000000      -0.195000000000000        2.00000000000000     
 -0.485000000000000      -0.185000000000000        2.00000000000000     
 -0.485000000000000      -0.175000000000000        2.00000000000000     
 -0.485000000000000      -0.165000000000000        2.00000000000000     
 -0.485000000000000      -0.155000000000000        2.00000000000000     
 -0.485000000000000      -0.145000000000000        1.99999999999999     
 -0.485000000000000      -0.135000000000000        2.00000000000001     
 -0.485000000000000      -0.125000000000000        2.00000000000002     
 -0.485000000000000      -0.115000000000000        2.00000000000001     
 -0.485000000000000      -0.105000000000000        2.00000000000000     
 -0.485000000000000      -9.499999999999997E-002   2.00000000000000     
 -0.485000000000000      -8.500000000000002E-002   1.99999999999999     
 -0.485000000000000      -7.500000000000001E-002   2.00000000000000     
 -0.485000000000000      -6.500000000000000E-002   2.00000000000001     
 -0.485000000000000      -5.499999999999999E-002   2.00000000000000     
 -0.485000000000000      -4.499999999999998E-002   2.00000000000000     
 -0.485000000000000      -3.499999999999997E-002   2.00000000000001     
 -0.485000000000000      -2.500000000000002E-002   1.99999999999999     
 -0.485000000000000      -1.500000000000001E-002   2.00000000000000     
 -0.485000000000000      -5.000000000000000E-003   2.00000000000000     
 -0.485000000000000       5.000000000000009E-003   2.00000000000000     
 -0.485000000000000       1.500000000000002E-002   2.00000000000000     
 -0.485000000000000       2.500000000000003E-002   2.00000000000000     
 -0.485000000000000       3.500000000000004E-002   2.00000000000001     
 -0.485000000000000       4.500000000000005E-002   2.00000000000000     
 -0.485000000000000       5.500000000000006E-002   2.00000000000000     
 -0.485000000000000       6.500000000000006E-002   2.00000000000001     
 -0.485000000000000       7.499999999999996E-002   1.99999999999998     
 -0.485000000000000       8.499999999999996E-002   2.00000000000000     
 -0.485000000000000       9.499999999999997E-002   2.00000000000000     
 -0.485000000000000       0.105000000000000        2.00000000000000     
 -0.485000000000000       0.115000000000000        1.99999999999999     
 -0.485000000000000       0.125000000000000        2.00000000000001     
 -0.485000000000000       0.135000000000000        2.00000000155858     
 -0.485000000000000       0.145000000000000        2.00000029200053     
 -0.485000000000000       0.155000000000000        2.00001087855407     
 -0.485000000000000       0.165000000000000        2.00018484449695     
 -0.485000000000000       0.175000000000000        2.00174920489705     
 -0.485000000000000       0.185000000000000        2.01000629560607     
 -0.485000000000000       0.195000000000000        2.03684753590923     
 -0.485000000000000       0.205000000000000        2.09253055282319     
 -0.485000000000000       0.215000000000000        2.16941973755583     
 -0.485000000000000       0.225000000000000        2.25873984139606     
 -0.485000000000000       0.235000000000000        2.36075317701019     
 -0.485000000000000       0.245000000000000        2.45913545460368     
 -0.485000000000000       0.255000000000000        2.55464073605527     
 -0.485000000000000       0.265000000000000        2.64749684502924     
 -0.485000000000000       0.275000000000000        2.73708972756466     
 -0.485000000000000       0.285000000000000        2.82192756647125     
 -0.485000000000000       0.295000000000000        2.89873697187070     
 -0.485000000000000       0.305000000000000        2.95967077166217     
 -0.485000000000000       0.315000000000000        2.99147362099407     
 -0.485000000000000       0.325000000000000        2.99958625868083     
 -0.485000000000000       0.335000000000000        2.99999968526135     
 -0.485000000000000       0.345000000000000        2.99999999999993     
 -0.485000000000000       0.355000000000000        3.00000000000001     
 -0.485000000000000       0.365000000000000        3.00000000000001     
 -0.485000000000000       0.375000000000000        3.00000000000000     
 -0.485000000000000       0.385000000000000        3.00000000000001     
 -0.485000000000000       0.395000000000000        3.00000000000000     
 -0.485000000000000       0.405000000000000        3.00000000000000     
 -0.485000000000000       0.415000000000000        3.00000000000000     
 -0.485000000000000       0.425000000000000        2.99999999999999     
 -0.485000000000000       0.435000000000000        3.00000000000000     
 -0.485000000000000       0.445000000000000        3.00000000000001     
 -0.485000000000000       0.455000000000000        2.99999999999997     
 -0.485000000000000       0.465000000000000        2.99999999999999     
 -0.485000000000000       0.475000000000000        3.00000000000000     
 -0.485000000000000       0.485000000000000        2.99999999999998     
 -0.485000000000000       0.495000000000000        3.00000000000000     
 -0.475000000000000      -0.495000000000000        2.00000000000000     
 -0.475000000000000      -0.485000000000000        2.00000000000000     
 -0.475000000000000      -0.475000000000000        2.00000000000000     
 -0.475000000000000      -0.465000000000000        1.99999999999999     
 -0.475000000000000      -0.455000000000000        2.00000000000000     
 -0.475000000000000      -0.445000000000000        2.00000000000000     
 -0.475000000000000      -0.435000000000000        2.00000000000000     
 -0.475000000000000      -0.425000000000000        2.00000000000000     
 -0.475000000000000      -0.415000000000000        1.99999999999999     
 -0.475000000000000      -0.405000000000000        2.00000000000000     
 -0.475000000000000      -0.395000000000000        1.99999999999999     
 -0.475000000000000      -0.385000000000000        2.00000000000000     
 -0.475000000000000      -0.375000000000000        2.00000000000000     
 -0.475000000000000      -0.365000000000000        2.00000000000001     
 -0.475000000000000      -0.355000000000000        2.00000000000001     
 -0.475000000000000      -0.345000000000000        2.00000000000000     
 -0.475000000000000      -0.335000000000000        2.00000000000001     
 -0.475000000000000      -0.325000000000000        1.99999999999999     
 -0.475000000000000      -0.315000000000000        2.00000000000000     
 -0.475000000000000      -0.305000000000000        2.00000000000000     
 -0.475000000000000      -0.295000000000000        1.99999999999998     
 -0.475000000000000      -0.285000000000000        2.00000000000000     
 -0.475000000000000      -0.275000000000000        2.00000000000001     
 -0.475000000000000      -0.265000000000000        2.00000000000000     
 -0.475000000000000      -0.255000000000000        2.00000000000000     
 -0.475000000000000      -0.245000000000000        2.00000000000000     
 -0.475000000000000      -0.235000000000000        2.00000000000000     
 -0.475000000000000      -0.225000000000000        2.00000000000000     
 -0.475000000000000      -0.215000000000000        1.99999999999999     
 -0.475000000000000      -0.205000000000000        2.00000000000000     
 -0.475000000000000      -0.195000000000000        2.00000000000000     
 -0.475000000000000      -0.185000000000000        2.00000000000000     
 -0.475000000000000      -0.175000000000000        2.00000000000000     
 -0.475000000000000      -0.165000000000000        2.00000000000000     
 -0.475000000000000      -0.155000000000000        2.00000000000000     
 -0.475000000000000      -0.145000000000000        1.99999999999999     
 -0.475000000000000      -0.135000000000000        2.00000000000001     
 -0.475000000000000      -0.125000000000000        2.00000000000002     
 -0.475000000000000      -0.115000000000000        2.00000000000001     
 -0.475000000000000      -0.105000000000000        2.00000000000000     
 -0.475000000000000      -9.499999999999997E-002   2.00000000000000     
 -0.475000000000000      -8.500000000000002E-002   1.99999999999999     
 -0.475000000000000      -7.500000000000001E-002   2.00000000000000     
 -0.475000000000000      -6.500000000000000E-002   1.99999999999999     
 -0.475000000000000      -5.499999999999999E-002   2.00000000000000     
 -0.475000000000000      -4.499999999999998E-002   2.00000000000000     
 -0.475000000000000      -3.499999999999997E-002   2.00000000000000     
 -0.475000000000000      -2.500000000000002E-002   1.99999999999999     
 -0.475000000000000      -1.500000000000001E-002   2.00000000000000     
 -0.475000000000000      -5.000000000000000E-003   1.99999999999999     
 -0.475000000000000       5.000000000000009E-003   2.00000000000000     
 -0.475000000000000       1.500000000000002E-002   2.00000000000001     
 -0.475000000000000       2.500000000000003E-002   2.00000000000000     
 -0.475000000000000       3.500000000000004E-002   2.00000000000000     
 -0.475000000000000       4.500000000000005E-002   2.00000000000000     
 -0.475000000000000       5.500000000000006E-002   2.00000000000000     
 -0.475000000000000       6.500000000000006E-002   2.00000000000000     
 -0.475000000000000       7.499999999999996E-002   1.99999999999998     
 -0.475000000000000       8.499999999999996E-002   2.00000000000000     
 -0.475000000000000       9.499999999999997E-002   2.00000000000000     
 -0.475000000000000       0.105000000000000        2.00000000000000     
 -0.475000000000000       0.115000000000000        2.00000000000000     
 -0.475000000000000       0.125000000000000        2.00000000000002     
 -0.475000000000000       0.135000000000000        2.00000000155858     
 -0.475000000000000       0.145000000000000        2.00000029200054     
 -0.475000000000000       0.155000000000000        2.00001087855407     
 -0.475000000000000       0.165000000000000        2.00018484449695     
 -0.475000000000000       0.175000000000000        2.00174920489705     
 -0.475000000000000       0.185000000000000        2.01000629560606     
 -0.475000000000000       0.195000000000000        2.03684753590924     
 -0.475000000000000       0.205000000000000        2.09253055282319     
 -0.475000000000000       0.215000000000000        2.16941973755584     
 -0.475000000000000       0.225000000000000        2.25873984139606     
 -0.475000000000000       0.235000000000000        2.36075317701019     
 -0.475000000000000       0.245000000000000        2.45913545460367     
 -0.475000000000000       0.255000000000000        2.55464073605527     
 -0.475000000000000       0.265000000000000        2.64749684502925     
 -0.475000000000000       0.275000000000000        2.73708972756466     
 -0.475000000000000       0.285000000000000        2.82192756647126     
 -0.475000000000000       0.295000000000000        2.89873697187070     
 -0.475000000000000       0.305000000000000        2.95967077166217     
 -0.475000000000000       0.315000000000000        2.99147362099407     
 -0.475000000000000       0.325000000000000        2.99958625868082     
 -0.475000000000000       0.335000000000000        2.99999968526134     
 -0.475000000000000       0.345000000000000        2.99999999999993     
 -0.475000000000000       0.355000000000000        3.00000000000001     
 -0.475000000000000       0.365000000000000        3.00000000000000     
 -0.475000000000000       0.375000000000000        2.99999999999999     
 -0.475000000000000       0.385000000000000        3.00000000000001     
 -0.475000000000000       0.395000000000000        2.99999999999999     
 -0.475000000000000       0.405000000000000        3.00000000000000     
 -0.475000000000000       0.415000000000000        3.00000000000001     
 -0.475000000000000       0.425000000000000        2.99999999999999     
 -0.475000000000000       0.435000000000000        3.00000000000000     
 -0.475000000000000       0.445000000000000        3.00000000000001     
 -0.475000000000000       0.455000000000000        2.99999999999997     
 -0.475000000000000       0.465000000000000        2.99999999999999     
 -0.475000000000000       0.475000000000000        3.00000000000000     
 -0.475000000000000       0.485000000000000        2.99999999999998     
 -0.475000000000000       0.495000000000000        3.00000000000000     
 -0.465000000000000      -0.495000000000000        1.99999999999999     
 -0.465000000000000      -0.485000000000000        2.00000000000000     
 -0.465000000000000      -0.475000000000000        2.00000000000000     
 -0.465000000000000      -0.465000000000000        1.99999999999998     
 -0.465000000000000      -0.455000000000000        1.99999999999998     
 -0.465000000000000      -0.445000000000000        1.99999999999998     
 -0.465000000000000      -0.435000000000000        1.99999999999999     
 -0.465000000000000      -0.425000000000000        1.99999999999998     
 -0.465000000000000      -0.415000000000000        1.99999999999998     
 -0.465000000000000      -0.405000000000000        1.99999999999999     
 -0.465000000000000      -0.395000000000000        1.99999999999999     
 -0.465000000000000      -0.385000000000000        2.00000000000000     
 -0.465000000000000      -0.375000000000000        2.00000000000000     
 -0.465000000000000      -0.365000000000000        1.99999999999998     
 -0.465000000000000      -0.355000000000000        1.99999999999999     
 -0.465000000000000      -0.345000000000000        2.00000000000000     
 -0.465000000000000      -0.335000000000000        1.99999999999999     
 -0.465000000000000      -0.325000000000000        1.99999999999998     
 -0.465000000000000      -0.315000000000000        1.99999999999999     
 -0.465000000000000      -0.305000000000000        1.99999999999999     
 -0.465000000000000      -0.295000000000000        1.99999999999997     
 -0.465000000000000      -0.285000000000000        1.99999999999999     
 -0.465000000000000      -0.275000000000000        1.99999999999999     
 -0.465000000000000      -0.265000000000000        2.00000000000000     
 -0.465000000000000      -0.255000000000000        1.99999999999999     
 -0.465000000000000      -0.245000000000000        1.99999999999998     
 -0.465000000000000      -0.235000000000000        1.99999999999999     
 -0.465000000000000      -0.225000000000000        1.99999999999999     
 -0.465000000000000      -0.215000000000000        1.99999999999998     
 -0.465000000000000      -0.205000000000000        1.99999999999999     
 -0.465000000000000      -0.195000000000000        1.99999999999998     
 -0.465000000000000      -0.185000000000000        2.00000000000000     
 -0.465000000000000      -0.175000000000000        1.99999999999999     
 -0.465000000000000      -0.165000000000000        1.99999999999998     
 -0.465000000000000      -0.155000000000000        1.99999999999998     
 -0.465000000000000      -0.145000000000000        1.99999999999998     
 -0.465000000000000      -0.135000000000000        1.99999999999999     
 -0.465000000000000      -0.125000000000000        2.00000000000001     
 -0.465000000000000      -0.115000000000000        2.00000000000000     
 -0.465000000000000      -0.105000000000000        1.99999999999999     
 -0.465000000000000      -9.499999999999997E-002   1.99999999999999     
 -0.465000000000000      -8.500000000000002E-002   1.99999999999998     
 -0.465000000000000      -7.500000000000001E-002   1.99999999999999     
 -0.465000000000000      -6.500000000000000E-002   1.99999999999999     
 -0.465000000000000      -5.499999999999999E-002   2.00000000000000     
 -0.465000000000000      -4.499999999999998E-002   1.99999999999998     
 -0.465000000000000      -3.499999999999997E-002   1.99999999999999     
 -0.465000000000000      -2.500000000000002E-002   1.99999999999999     
 -0.465000000000000      -1.500000000000001E-002   1.99999999999999     
 -0.465000000000000      -5.000000000000000E-003   2.00000000000000     
 -0.465000000000000       5.000000000000009E-003   1.99999999999999     
 -0.465000000000000       1.500000000000002E-002   1.99999999999998     
 -0.465000000000000       2.500000000000003E-002   1.99999999999998     
 -0.465000000000000       3.500000000000004E-002   1.99999999999998     
 -0.465000000000000       4.500000000000005E-002   1.99999999999999     
 -0.465000000000000       5.500000000000006E-002   1.99999999999999     
 -0.465000000000000       6.500000000000006E-002   1.99999999999999     
 -0.465000000000000       7.499999999999996E-002   1.99999999999997     
 -0.465000000000000       8.499999999999996E-002   1.99999999999999     
 -0.465000000000000       9.499999999999997E-002   2.00000000000000     
 -0.465000000000000       0.105000000000000        1.99999999999999     
 -0.465000000000000       0.115000000000000        1.99999999999999     
 -0.465000000000000       0.125000000000000        2.00000000000001     
 -0.465000000000000       0.135000000000000        2.00000000155857     
 -0.465000000000000       0.145000000000000        2.00000029200052     
 -0.465000000000000       0.155000000000000        2.00001087855406     
 -0.465000000000000       0.165000000000000        2.00018484449693     
 -0.465000000000000       0.175000000000000        2.00174920489703     
 -0.465000000000000       0.185000000000000        2.01000629560605     
 -0.465000000000000       0.195000000000000        2.03684753590922     
 -0.465000000000000       0.205000000000000        2.09253055282318     
 -0.465000000000000       0.215000000000000        2.16941973755581     
 -0.465000000000000       0.225000000000000        2.25873984139605     
 -0.465000000000000       0.235000000000000        2.36075317701017     
 -0.465000000000000       0.245000000000000        2.45913545460365     
 -0.465000000000000       0.255000000000000        2.55464073605526     
 -0.465000000000000       0.265000000000000        2.64749684502923     
 -0.465000000000000       0.275000000000000        2.73708972756465     
 -0.465000000000000       0.285000000000000        2.82192756647123     
 -0.465000000000000       0.295000000000000        2.89873697187069     
 -0.465000000000000       0.305000000000000        2.95967077166218     
 -0.465000000000000       0.315000000000000        2.99147362099404     
 -0.465000000000000       0.325000000000000        2.99958625868080     
 -0.465000000000000       0.335000000000000        2.99999968526133     
 -0.465000000000000       0.345000000000000        2.99999999999993     
 -0.465000000000000       0.355000000000000        2.99999999999999     
 -0.465000000000000       0.365000000000000        2.99999999999998     
 -0.465000000000000       0.375000000000000        2.99999999999999     
 -0.465000000000000       0.385000000000000        2.99999999999999     
 -0.465000000000000       0.395000000000000        2.99999999999998     
 -0.465000000000000       0.405000000000000        2.99999999999999     
 -0.465000000000000       0.415000000000000        2.99999999999998     
 -0.465000000000000       0.425000000000000        2.99999999999998     
 -0.465000000000000       0.435000000000000        2.99999999999998     
 -0.465000000000000       0.445000000000000        2.99999999999998     
 -0.465000000000000       0.455000000000000        2.99999999999996     
 -0.465000000000000       0.465000000000000        2.99999999999998     
 -0.465000000000000       0.475000000000000        2.99999999999998     
 -0.465000000000000       0.485000000000000        2.99999999999996     
 -0.465000000000000       0.495000000000000        2.99999999999999     
 -0.455000000000000      -0.495000000000000        2.00000000000001     
 -0.455000000000000      -0.485000000000000        2.00000000000001     
 -0.455000000000000      -0.475000000000000        2.00000000000001     
 -0.455000000000000      -0.465000000000000        1.99999999999999     
 -0.455000000000000      -0.455000000000000        2.00000000000000     
 -0.455000000000000      -0.445000000000000        2.00000000000000     
 -0.455000000000000      -0.435000000000000        2.00000000000000     
 -0.455000000000000      -0.425000000000000        2.00000000000000     
 -0.455000000000000      -0.415000000000000        1.99999999999999     
 -0.455000000000000      -0.405000000000000        2.00000000000001     
 -0.455000000000000      -0.395000000000000        2.00000000000001     
 -0.455000000000000      -0.385000000000000        2.00000000000000     
 -0.455000000000000      -0.375000000000000        2.00000000000000     
 -0.455000000000000      -0.365000000000000        2.00000000000000     
 -0.455000000000000      -0.355000000000000        2.00000000000001     
 -0.455000000000000      -0.345000000000000        2.00000000000000     
 -0.455000000000000      -0.335000000000000        2.00000000000001     
 -0.455000000000000      -0.325000000000000        1.99999999999999     
 -0.455000000000000      -0.315000000000000        1.99999999999999     
 -0.455000000000000      -0.305000000000000        2.00000000000000     
 -0.455000000000000      -0.295000000000000        1.99999999999999     
 -0.455000000000000      -0.285000000000000        2.00000000000001     
 -0.455000000000000      -0.275000000000000        2.00000000000000     
 -0.455000000000000      -0.265000000000000        2.00000000000000     
 -0.455000000000000      -0.255000000000000        2.00000000000000     
 -0.455000000000000      -0.245000000000000        2.00000000000000     
 -0.455000000000000      -0.235000000000000        2.00000000000000     
 -0.455000000000000      -0.225000000000000        2.00000000000001     
 -0.455000000000000      -0.215000000000000        1.99999999999999     
 -0.455000000000000      -0.205000000000000        2.00000000000001     
 -0.455000000000000      -0.195000000000000        2.00000000000001     
 -0.455000000000000      -0.185000000000000        2.00000000000000     
 -0.455000000000000      -0.175000000000000        2.00000000000000     
 -0.455000000000000      -0.165000000000000        2.00000000000000     
 -0.455000000000000      -0.155000000000000        2.00000000000000     
 -0.455000000000000      -0.145000000000000        1.99999999999999     
 -0.455000000000000      -0.135000000000000        2.00000000000001     
 -0.455000000000000      -0.125000000000000        2.00000000000002     
 -0.455000000000000      -0.115000000000000        2.00000000000001     
 -0.455000000000000      -0.105000000000000        1.99999999999999     
 -0.455000000000000      -9.499999999999997E-002   2.00000000000000     
 -0.455000000000000      -8.500000000000002E-002   1.99999999999999     
 -0.455000000000000      -7.500000000000001E-002   2.00000000000000     
 -0.455000000000000      -6.500000000000000E-002   2.00000000000000     
 -0.455000000000000      -5.499999999999999E-002   2.00000000000000     
 -0.455000000000000      -4.499999999999998E-002   2.00000000000000     
 -0.455000000000000      -3.499999999999997E-002   2.00000000000000     
 -0.455000000000000      -2.500000000000002E-002   1.99999999999999     
 -0.455000000000000      -1.500000000000001E-002   2.00000000000000     
 -0.455000000000000      -5.000000000000000E-003   2.00000000000001     
 -0.455000000000000       5.000000000000009E-003   2.00000000000000     
 -0.455000000000000       1.500000000000002E-002   2.00000000000000     
 -0.455000000000000       2.500000000000003E-002   2.00000000000000     
 -0.455000000000000       3.500000000000004E-002   2.00000000000000     
 -0.455000000000000       4.500000000000005E-002   2.00000000000000     
 -0.455000000000000       5.500000000000006E-002   2.00000000000000     
 -0.455000000000000       6.500000000000006E-002   2.00000000000000     
 -0.455000000000000       7.499999999999996E-002   1.99999999999998     
 -0.455000000000000       8.499999999999996E-002   2.00000000000000     
 -0.455000000000000       9.499999999999997E-002   2.00000000000000     
 -0.455000000000000       0.105000000000000        2.00000000000000     
 -0.455000000000000       0.115000000000000        2.00000000000000     
 -0.455000000000000       0.125000000000000        2.00000000000002     
 -0.455000000000000       0.135000000000000        2.00000000155859     
 -0.455000000000000       0.145000000000000        2.00000029200054     
 -0.455000000000000       0.155000000000000        2.00001087855406     
 -0.455000000000000       0.165000000000000        2.00018484449695     
 -0.455000000000000       0.175000000000000        2.00174920489705     
 -0.455000000000000       0.185000000000000        2.01000629560607     
 -0.455000000000000       0.195000000000000        2.03684753590924     
 -0.455000000000000       0.205000000000000        2.09253055282320     
 -0.455000000000000       0.215000000000000        2.16941973755583     
 -0.455000000000000       0.225000000000000        2.25873984139605     
 -0.455000000000000       0.235000000000000        2.36075317701019     
 -0.455000000000000       0.245000000000000        2.45913545460367     
 -0.455000000000000       0.255000000000000        2.55464073605528     
 -0.455000000000000       0.265000000000000        2.64749684502924     
 -0.455000000000000       0.275000000000000        2.73708972756467     
 -0.455000000000000       0.285000000000000        2.82192756647125     
 -0.455000000000000       0.295000000000000        2.89873697187064     
 -0.455000000000000       0.305000000000000        2.95967077166218     
 -0.455000000000000       0.315000000000000        2.99147362099408     
 -0.455000000000000       0.325000000000000        2.99958625868083     
 -0.455000000000000       0.335000000000000        2.99999968526134     
 -0.455000000000000       0.345000000000000        2.99999999999994     
 -0.455000000000000       0.355000000000000        3.00000000000000     
 -0.455000000000000       0.365000000000000        3.00000000000001     
 -0.455000000000000       0.375000000000000        3.00000000000001     
 -0.455000000000000       0.385000000000000        3.00000000000001     
 -0.455000000000000       0.395000000000000        3.00000000000000     
 -0.455000000000000       0.405000000000000        3.00000000000000     
 -0.455000000000000       0.415000000000000        3.00000000000000     
 -0.455000000000000       0.425000000000000        3.00000000000000     
 -0.455000000000000       0.435000000000000        3.00000000000000     
 -0.455000000000000       0.445000000000000        3.00000000000000     
 -0.455000000000000       0.455000000000000        2.99999999999996     
 -0.455000000000000       0.465000000000000        3.00000000000000     
 -0.455000000000000       0.475000000000000        3.00000000000000     
 -0.455000000000000       0.485000000000000        2.99999999999999     
 -0.455000000000000       0.495000000000000        3.00000000000001     
 -0.445000000000000      -0.495000000000000        1.99999999999999     
 -0.445000000000000      -0.485000000000000        2.00000000000000     
 -0.445000000000000      -0.475000000000000        2.00000000000000     
 -0.445000000000000      -0.465000000000000        1.99999999999999     
 -0.445000000000000      -0.455000000000000        2.00000000000000     
 -0.445000000000000      -0.445000000000000        2.00000000000000     
 -0.445000000000000      -0.435000000000000        2.00000000000000     
 -0.445000000000000      -0.425000000000000        2.00000000000000     
 -0.445000000000000      -0.415000000000000        1.99999999999999     
 -0.445000000000000      -0.405000000000000        2.00000000000000     
 -0.445000000000000      -0.395000000000000        2.00000000000000     
 -0.445000000000000      -0.385000000000000        2.00000000000000     
 -0.445000000000000      -0.375000000000000        2.00000000000000     
 -0.445000000000000      -0.365000000000000        2.00000000000000     
 -0.445000000000000      -0.355000000000000        1.99999999999999     
 -0.445000000000000      -0.345000000000000        1.99999999999999     
 -0.445000000000000      -0.335000000000000        2.00000000000000     
 -0.445000000000000      -0.325000000000000        1.99999999999999     
 -0.445000000000000      -0.315000000000000        2.00000000000000     
 -0.445000000000000      -0.305000000000000        2.00000000000000     
 -0.445000000000000      -0.295000000000000        1.99999999999999     
 -0.445000000000000      -0.285000000000000        2.00000000000000     
 -0.445000000000000      -0.275000000000000        2.00000000000000     
 -0.445000000000000      -0.265000000000000        2.00000000000000     
 -0.445000000000000      -0.255000000000000        2.00000000000000     
 -0.445000000000000      -0.245000000000000        2.00000000000000     
 -0.445000000000000      -0.235000000000000        2.00000000000000     
 -0.445000000000000      -0.225000000000000        2.00000000000000     
 -0.445000000000000      -0.215000000000000        1.99999999999999     
 -0.445000000000000      -0.205000000000000        2.00000000000000     
 -0.445000000000000      -0.195000000000000        2.00000000000001     
 -0.445000000000000      -0.185000000000000        2.00000000000000     
 -0.445000000000000      -0.175000000000000        2.00000000000000     
 -0.445000000000000      -0.165000000000000        2.00000000000000     
 -0.445000000000000      -0.155000000000000        2.00000000000000     
 -0.445000000000000      -0.145000000000000        1.99999999999999     
 -0.445000000000000      -0.135000000000000        2.00000000000001     
 -0.445000000000000      -0.125000000000000        2.00000000000001     
 -0.445000000000000      -0.115000000000000        2.00000000000001     
 -0.445000000000000      -0.105000000000000        2.00000000000000     
 -0.445000000000000      -9.499999999999997E-002   2.00000000000000     
 -0.445000000000000      -8.500000000000002E-002   1.99999999999999     
 -0.445000000000000      -7.500000000000001E-002   2.00000000000000     
 -0.445000000000000      -6.500000000000000E-002   2.00000000000000     
 -0.445000000000000      -5.499999999999999E-002   2.00000000000000     
 -0.445000000000000      -4.499999999999998E-002   2.00000000000000     
 -0.445000000000000      -3.499999999999997E-002   2.00000000000000     
 -0.445000000000000      -2.500000000000002E-002   1.99999999999999     
 -0.445000000000000      -1.500000000000001E-002   2.00000000000000     
 -0.445000000000000      -5.000000000000000E-003   2.00000000000000     
 -0.445000000000000       5.000000000000009E-003   2.00000000000000     
 -0.445000000000000       1.500000000000002E-002   2.00000000000000     
 -0.445000000000000       2.500000000000003E-002   2.00000000000000     
 -0.445000000000000       3.500000000000004E-002   2.00000000000000     
 -0.445000000000000       4.500000000000005E-002   2.00000000000001     
 -0.445000000000000       5.500000000000006E-002   2.00000000000000     
 -0.445000000000000       6.500000000000006E-002   2.00000000000000     
 -0.445000000000000       7.499999999999996E-002   1.99999999999997     
 -0.445000000000000       8.499999999999996E-002   2.00000000000000     
 -0.445000000000000       9.499999999999997E-002   2.00000000000000     
 -0.445000000000000       0.105000000000000        2.00000000000000     
 -0.445000000000000       0.115000000000000        2.00000000000000     
 -0.445000000000000       0.125000000000000        2.00000000000002     
 -0.445000000000000       0.135000000000000        2.00000000155858     
 -0.445000000000000       0.145000000000000        2.00000029200053     
 -0.445000000000000       0.155000000000000        2.00001087855407     
 -0.445000000000000       0.165000000000000        2.00018484449695     
 -0.445000000000000       0.175000000000000        2.00174920489704     
 -0.445000000000000       0.185000000000000        2.01000629560606     
 -0.445000000000000       0.195000000000000        2.03684753590922     
 -0.445000000000000       0.205000000000000        2.09253055282319     
 -0.445000000000000       0.215000000000000        2.16941973755583     
 -0.445000000000000       0.225000000000000        2.25873984139605     
 -0.445000000000000       0.235000000000000        2.36075317701019     
 -0.445000000000000       0.245000000000000        2.45913545460367     
 -0.445000000000000       0.255000000000000        2.55464073605527     
 -0.445000000000000       0.265000000000000        2.64749684502925     
 -0.445000000000000       0.275000000000000        2.73708972756467     
 -0.445000000000000       0.285000000000000        2.82192756647125     
 -0.445000000000000       0.295000000000000        2.89873697187062     
 -0.445000000000000       0.305000000000000        2.95967077166217     
 -0.445000000000000       0.315000000000000        2.99147362099415     
 -0.445000000000000       0.325000000000000        2.99958625868083     
 -0.445000000000000       0.335000000000000        2.99999968526135     
 -0.445000000000000       0.345000000000000        2.99999999999993     
 -0.445000000000000       0.355000000000000        3.00000000000000     
 -0.445000000000000       0.365000000000000        3.00000000000000     
 -0.445000000000000       0.375000000000000        3.00000000000001     
 -0.445000000000000       0.385000000000000        3.00000000000001     
 -0.445000000000000       0.395000000000000        2.99999999999999     
 -0.445000000000000       0.405000000000000        2.99999999999999     
 -0.445000000000000       0.415000000000000        3.00000000000000     
 -0.445000000000000       0.425000000000000        3.00000000000000     
 -0.445000000000000       0.435000000000000        3.00000000000000     
 -0.445000000000000       0.445000000000000        2.99999999999999     
 -0.445000000000000       0.455000000000000        2.99999999999997     
 -0.445000000000000       0.465000000000000        3.00000000000001     
 -0.445000000000000       0.475000000000000        3.00000000000000     
 -0.445000000000000       0.485000000000000        2.99999999999999     
 -0.445000000000000       0.495000000000000        3.00000000000001     
 -0.435000000000000      -0.495000000000000        2.00000000000000     
 -0.435000000000000      -0.485000000000000        1.99999999999999     
 -0.435000000000000      -0.475000000000000        2.00000000000000     
 -0.435000000000000      -0.465000000000000        2.00000000000000     
 -0.435000000000000      -0.455000000000000        2.00000000000000     
 -0.435000000000000      -0.445000000000000        2.00000000000000     
 -0.435000000000000      -0.435000000000000        2.00000000000000     
 -0.435000000000000      -0.425000000000000        1.99999999999999     
 -0.435000000000000      -0.415000000000000        1.99999999999999     
 -0.435000000000000      -0.405000000000000        2.00000000000000     
 -0.435000000000000      -0.395000000000000        2.00000000000000     
 -0.435000000000000      -0.385000000000000        1.99999999999999     
 -0.435000000000000      -0.375000000000000        1.99999999999999     
 -0.435000000000000      -0.365000000000000        2.00000000000000     
 -0.435000000000000      -0.355000000000000        2.00000000000000     
 -0.435000000000000      -0.345000000000000        2.00000000000001     
 -0.435000000000000      -0.335000000000000        2.00000000000000     
 -0.435000000000000      -0.325000000000000        1.99999999999999     
 -0.435000000000000      -0.315000000000000        2.00000000000000     
 -0.435000000000000      -0.305000000000000        2.00000000000000     
 -0.435000000000000      -0.295000000000000        1.99999999999999     
 -0.435000000000000      -0.285000000000000        2.00000000000000     
 -0.435000000000000      -0.275000000000000        2.00000000000001     
 -0.435000000000000      -0.265000000000000        2.00000000000000     
 -0.435000000000000      -0.255000000000000        2.00000000000000     
 -0.435000000000000      -0.245000000000000        1.99999999999999     
 -0.435000000000000      -0.235000000000000        2.00000000000000     
 -0.435000000000000      -0.225000000000000        2.00000000000000     
 -0.435000000000000      -0.215000000000000        1.99999999999999     
 -0.435000000000000      -0.205000000000000        2.00000000000000     
 -0.435000000000000      -0.195000000000000        1.99999999999999     
 -0.435000000000000      -0.185000000000000        2.00000000000000     
 -0.435000000000000      -0.175000000000000        2.00000000000001     
 -0.435000000000000      -0.165000000000000        2.00000000000000     
 -0.435000000000000      -0.155000000000000        2.00000000000000     
 -0.435000000000000      -0.145000000000000        1.99999999999999     
 -0.435000000000000      -0.135000000000000        2.00000000000001     
 -0.435000000000000      -0.125000000000000        2.00000000000002     
 -0.435000000000000      -0.115000000000000        2.00000000000001     
 -0.435000000000000      -0.105000000000000        2.00000000000000     
 -0.435000000000000      -9.499999999999997E-002   2.00000000000000     
 -0.435000000000000      -8.500000000000002E-002   1.99999999999999     
 -0.435000000000000      -7.500000000000001E-002   2.00000000000000     
 -0.435000000000000      -6.500000000000000E-002   1.99999999999999     
 -0.435000000000000      -5.499999999999999E-002   2.00000000000001     
 -0.435000000000000      -4.499999999999998E-002   2.00000000000000     
 -0.435000000000000      -3.499999999999997E-002   2.00000000000000     
 -0.435000000000000      -2.500000000000002E-002   1.99999999999999     
 -0.435000000000000      -1.500000000000001E-002   2.00000000000000     
 -0.435000000000000      -5.000000000000000E-003   1.99999999999999     
 -0.435000000000000       5.000000000000009E-003   2.00000000000000     
 -0.435000000000000       1.500000000000002E-002   2.00000000000001     
 -0.435000000000000       2.500000000000003E-002   2.00000000000000     
 -0.435000000000000       3.500000000000004E-002   2.00000000000001     
 -0.435000000000000       4.500000000000005E-002   2.00000000000000     
 -0.435000000000000       5.500000000000006E-002   2.00000000000000     
 -0.435000000000000       6.500000000000006E-002   2.00000000000000     
 -0.435000000000000       7.499999999999996E-002   1.99999999999998     
 -0.435000000000000       8.499999999999996E-002   2.00000000000000     
 -0.435000000000000       9.499999999999997E-002   2.00000000000000     
 -0.435000000000000       0.105000000000000        2.00000000000000     
 -0.435000000000000       0.115000000000000        2.00000000000000     
 -0.435000000000000       0.125000000000000        2.00000000000001     
 -0.435000000000000       0.135000000000000        2.00000000155858     
 -0.435000000000000       0.145000000000000        2.00000029200053     
 -0.435000000000000       0.155000000000000        2.00001087855406     
 -0.435000000000000       0.165000000000000        2.00018484449696     
 -0.435000000000000       0.175000000000000        2.00174920489705     
 -0.435000000000000       0.185000000000000        2.01000629560606     
 -0.435000000000000       0.195000000000000        2.03684753590923     
 -0.435000000000000       0.205000000000000        2.09253055282319     
 -0.435000000000000       0.215000000000000        2.16941973755583     
 -0.435000000000000       0.225000000000000        2.25873984139606     
 -0.435000000000000       0.235000000000000        2.36075317701018     
 -0.435000000000000       0.245000000000000        2.45913545460367     
 -0.435000000000000       0.255000000000000        2.55464073605527     
 -0.435000000000000       0.265000000000000        2.64749684502925     
 -0.435000000000000       0.275000000000000        2.73708972756466     
 -0.435000000000000       0.285000000000000        2.82192756647126     
 -0.435000000000000       0.295000000000000        2.89873697187066     
 -0.435000000000000       0.305000000000000        2.95967077166218     
 -0.435000000000000       0.315000000000000        2.99147362099410     
 -0.435000000000000       0.325000000000000        2.99958625868082     
 -0.435000000000000       0.335000000000000        2.99999968526135     
 -0.435000000000000       0.345000000000000        2.99999999999994     
 -0.435000000000000       0.355000000000000        3.00000000000000     
 -0.435000000000000       0.365000000000000        3.00000000000000     
 -0.435000000000000       0.375000000000000        3.00000000000001     
 -0.435000000000000       0.385000000000000        3.00000000000000     
 -0.435000000000000       0.395000000000000        3.00000000000000     
 -0.435000000000000       0.405000000000000        3.00000000000001     
 -0.435000000000000       0.415000000000000        3.00000000000000     
 -0.435000000000000       0.425000000000000        2.99999999999999     
 -0.435000000000000       0.435000000000000        3.00000000000000     
 -0.435000000000000       0.445000000000000        2.99999999999999     
 -0.435000000000000       0.455000000000000        2.99999999999997     
 -0.435000000000000       0.465000000000000        3.00000000000000     
 -0.435000000000000       0.475000000000000        3.00000000000000     
 -0.435000000000000       0.485000000000000        2.99999999999998     
 -0.435000000000000       0.495000000000000        3.00000000000002     
 -0.425000000000000      -0.495000000000000        1.99999999999999     
 -0.425000000000000      -0.485000000000000        1.99999999999999     
 -0.425000000000000      -0.475000000000000        2.00000000000000     
 -0.425000000000000      -0.465000000000000        1.99999999999998     
 -0.425000000000000      -0.455000000000000        2.00000000000000     
 -0.425000000000000      -0.445000000000000        2.00000000000000     
 -0.425000000000000      -0.435000000000000        2.00000000000000     
 -0.425000000000000      -0.425000000000000        2.00000000000000     
 -0.425000000000000      -0.415000000000000        1.99999999999999     
 -0.425000000000000      -0.405000000000000        2.00000000000000     
 -0.425000000000000      -0.395000000000000        1.99999999999999     
 -0.425000000000000      -0.385000000000000        2.00000000000001     
 -0.425000000000000      -0.375000000000000        2.00000000000000     
 -0.425000000000000      -0.365000000000000        2.00000000000001     
 -0.425000000000000      -0.355000000000000        2.00000000000000     
 -0.425000000000000      -0.345000000000000        2.00000000000001     
 -0.425000000000000      -0.335000000000000        2.00000000000000     
 -0.425000000000000      -0.325000000000000        1.99999999999998     
 -0.425000000000000      -0.315000000000000        1.99999999999999     
 -0.425000000000000      -0.305000000000000        2.00000000000000     
 -0.425000000000000      -0.295000000000000        1.99999999999999     
 -0.425000000000000      -0.285000000000000        2.00000000000001     
 -0.425000000000000      -0.275000000000000        2.00000000000000     
 -0.425000000000000      -0.265000000000000        2.00000000000000     
 -0.425000000000000      -0.255000000000000        2.00000000000001     
 -0.425000000000000      -0.245000000000000        2.00000000000001     
 -0.425000000000000      -0.235000000000000        2.00000000000001     
 -0.425000000000000      -0.225000000000000        2.00000000000000     
 -0.425000000000000      -0.215000000000000        1.99999999999999     
 -0.425000000000000      -0.205000000000000        2.00000000000001     
 -0.425000000000000      -0.195000000000000        2.00000000000000     
 -0.425000000000000      -0.185000000000000        1.99999999999999     
 -0.425000000000000      -0.175000000000000        2.00000000000000     
 -0.425000000000000      -0.165000000000000        2.00000000000001     
 -0.425000000000000      -0.155000000000000        2.00000000000000     
 -0.425000000000000      -0.145000000000000        1.99999999999999     
 -0.425000000000000      -0.135000000000000        2.00000000000001     
 -0.425000000000000      -0.125000000000000        2.00000000000001     
 -0.425000000000000      -0.115000000000000        2.00000000000001     
 -0.425000000000000      -0.105000000000000        2.00000000000000     
 -0.425000000000000      -9.499999999999997E-002   2.00000000000000     
 -0.425000000000000      -8.500000000000002E-002   1.99999999999999     
 -0.425000000000000      -7.500000000000001E-002   2.00000000000000     
 -0.425000000000000      -6.500000000000000E-002   2.00000000000000     
 -0.425000000000000      -5.499999999999999E-002   1.99999999999999     
 -0.425000000000000      -4.499999999999998E-002   2.00000000000000     
 -0.425000000000000      -3.499999999999997E-002   2.00000000000000     
 -0.425000000000000      -2.500000000000002E-002   1.99999999999999     
 -0.425000000000000      -1.500000000000001E-002   2.00000000000001     
 -0.425000000000000      -5.000000000000000E-003   2.00000000000000     
 -0.425000000000000       5.000000000000009E-003   1.99999999999999     
 -0.425000000000000       1.500000000000002E-002   2.00000000000000     
 -0.425000000000000       2.500000000000003E-002   2.00000000000000     
 -0.425000000000000       3.500000000000004E-002   2.00000000000000     
 -0.425000000000000       4.500000000000005E-002   1.99999999999999     
 -0.425000000000000       5.500000000000006E-002   2.00000000000000     
 -0.425000000000000       6.500000000000006E-002   2.00000000000001     
 -0.425000000000000       7.499999999999996E-002   1.99999999999998     
 -0.425000000000000       8.499999999999996E-002   2.00000000000000     
 -0.425000000000000       9.499999999999997E-002   2.00000000000000     
 -0.425000000000000       0.105000000000000        2.00000000000000     
 -0.425000000000000       0.115000000000000        1.99999999999999     
 -0.425000000000000       0.125000000000000        2.00000000000001     
 -0.425000000000000       0.135000000000000        2.00000000155858     
 -0.425000000000000       0.145000000000000        2.00000029200053     
 -0.425000000000000       0.155000000000000        2.00001087855406     
 -0.425000000000000       0.165000000000000        2.00018484449695     
 -0.425000000000000       0.175000000000000        2.00174920489705     
 -0.425000000000000       0.185000000000000        2.01000629560606     
 -0.425000000000000       0.195000000000000        2.03684753590924     
 -0.425000000000000       0.205000000000000        2.09253055282320     
 -0.425000000000000       0.215000000000000        2.16941973755583     
 -0.425000000000000       0.225000000000000        2.25873984139606     
 -0.425000000000000       0.235000000000000        2.36075317701019     
 -0.425000000000000       0.245000000000000        2.45913545460366     
 -0.425000000000000       0.255000000000000        2.55464073605527     
 -0.425000000000000       0.265000000000000        2.64749684502924     
 -0.425000000000000       0.275000000000000        2.73708972756466     
 -0.425000000000000       0.285000000000000        2.82192756647127     
 -0.425000000000000       0.295000000000000        2.89873697187065     
 -0.425000000000000       0.305000000000000        2.95967077166220     
 -0.425000000000000       0.315000000000000        2.99147362099411     
 -0.425000000000000       0.325000000000000        2.99958625868082     
 -0.425000000000000       0.335000000000000        2.99999968526134     
 -0.425000000000000       0.345000000000000        2.99999999999994     
 -0.425000000000000       0.355000000000000        3.00000000000000     
 -0.425000000000000       0.365000000000000        3.00000000000001     
 -0.425000000000000       0.375000000000000        3.00000000000001     
 -0.425000000000000       0.385000000000000        3.00000000000001     
 -0.425000000000000       0.395000000000000        3.00000000000000     
 -0.425000000000000       0.405000000000000        3.00000000000000     
 -0.425000000000000       0.415000000000000        3.00000000000001     
 -0.425000000000000       0.425000000000000        2.99999999999999     
 -0.425000000000000       0.435000000000000        3.00000000000000     
 -0.425000000000000       0.445000000000000        2.99999999999999     
 -0.425000000000000       0.455000000000000        2.99999999999997     
 -0.425000000000000       0.465000000000000        3.00000000000000     
 -0.425000000000000       0.475000000000000        3.00000000000000     
 -0.425000000000000       0.485000000000000        2.99999999999998     
 -0.425000000000000       0.495000000000000        3.00000000000002     
 -0.415000000000000      -0.495000000000000        2.00000000000001     
 -0.415000000000000      -0.485000000000000        2.00000000000000     
 -0.415000000000000      -0.475000000000000        1.99999999999999     
 -0.415000000000000      -0.465000000000000        1.99999999999999     
 -0.415000000000000      -0.455000000000000        1.99999999999998     
 -0.415000000000000      -0.445000000000000        1.99999999999998     
 -0.415000000000000      -0.435000000000000        1.99999999999999     
 -0.415000000000000      -0.425000000000000        1.99999999999999     
 -0.415000000000000      -0.415000000000000        1.99999999999997     
 -0.415000000000000      -0.405000000000000        1.99999999999999     
 -0.415000000000000      -0.395000000000000        2.00000000000000     
 -0.415000000000000      -0.385000000000000        2.00000000000000     
 -0.415000000000000      -0.375000000000000        1.99999999999999     
 -0.415000000000000      -0.365000000000000        1.99999999999998     
 -0.415000000000000      -0.355000000000000        1.99999999999999     
 -0.415000000000000      -0.345000000000000        2.00000000000000     
 -0.415000000000000      -0.335000000000000        1.99999999999999     
 -0.415000000000000      -0.325000000000000        1.99999999999998     
 -0.415000000000000      -0.315000000000000        1.99999999999999     
 -0.415000000000000      -0.305000000000000        1.99999999999999     
 -0.415000000000000      -0.295000000000000        1.99999999999998     
 -0.415000000000000      -0.285000000000000        1.99999999999999     
 -0.415000000000000      -0.275000000000000        2.00000000000000     
 -0.415000000000000      -0.265000000000000        2.00000000000000     
 -0.415000000000000      -0.255000000000000        1.99999999999999     
 -0.415000000000000      -0.245000000000000        1.99999999999998     
 -0.415000000000000      -0.235000000000000        1.99999999999999     
 -0.415000000000000      -0.225000000000000        1.99999999999999     
 -0.415000000000000      -0.215000000000000        1.99999999999998     
 -0.415000000000000      -0.205000000000000        1.99999999999999     
 -0.415000000000000      -0.195000000000000        1.99999999999999     
 -0.415000000000000      -0.185000000000000        2.00000000000000     
 -0.415000000000000      -0.175000000000000        1.99999999999999     
 -0.415000000000000      -0.165000000000000        1.99999999999998     
 -0.415000000000000      -0.155000000000000        1.99999999999999     
 -0.415000000000000      -0.145000000000000        1.99999999999998     
 -0.415000000000000      -0.135000000000000        2.00000000000000     
 -0.415000000000000      -0.125000000000000        2.00000000000001     
 -0.415000000000000      -0.115000000000000        2.00000000000000     
 -0.415000000000000      -0.105000000000000        1.99999999999999     
 -0.415000000000000      -9.499999999999997E-002   1.99999999999999     
 -0.415000000000000      -8.500000000000002E-002   1.99999999999998     
 -0.415000000000000      -7.500000000000001E-002   1.99999999999999     
 -0.415000000000000      -6.500000000000000E-002   1.99999999999999     
 -0.415000000000000      -5.499999999999999E-002   1.99999999999999     
 -0.415000000000000      -4.499999999999998E-002   1.99999999999998     
 -0.415000000000000      -3.499999999999997E-002   1.99999999999999     
 -0.415000000000000      -2.500000000000002E-002   1.99999999999998     
 -0.415000000000000      -1.500000000000001E-002   1.99999999999999     
 -0.415000000000000      -5.000000000000000E-003   2.00000000000000     
 -0.415000000000000       5.000000000000009E-003   2.00000000000000     
 -0.415000000000000       1.500000000000002E-002   1.99999999999999     
 -0.415000000000000       2.500000000000003E-002   1.99999999999999     
 -0.415000000000000       3.500000000000004E-002   1.99999999999999     
 -0.415000000000000       4.500000000000005E-002   2.00000000000000     
 -0.415000000000000       5.500000000000006E-002   1.99999999999999     
 -0.415000000000000       6.500000000000006E-002   1.99999999999999     
 -0.415000000000000       7.499999999999996E-002   1.99999999999997     
 -0.415000000000000       8.499999999999996E-002   1.99999999999999     
 -0.415000000000000       9.499999999999997E-002   1.99999999999999     
 -0.415000000000000       0.105000000000000        1.99999999999999     
 -0.415000000000000       0.115000000000000        1.99999999999999     
 -0.415000000000000       0.125000000000000        2.00000000000000     
 -0.415000000000000       0.135000000000000        2.00000000155857     
 -0.415000000000000       0.145000000000000        2.00000029200052     
 -0.415000000000000       0.155000000000000        2.00001087855405     
 -0.415000000000000       0.165000000000000        2.00018484449694     
 -0.415000000000000       0.175000000000000        2.00174920489704     
 -0.415000000000000       0.185000000000000        2.01000629560605     
 -0.415000000000000       0.195000000000000        2.03684753590922     
 -0.415000000000000       0.205000000000000        2.09253055282318     
 -0.415000000000000       0.215000000000000        2.16941973755581     
 -0.415000000000000       0.225000000000000        2.25873984139605     
 -0.415000000000000       0.235000000000000        2.36075317701017     
 -0.415000000000000       0.245000000000000        2.45913545460366     
 -0.415000000000000       0.255000000000000        2.55464073605527     
 -0.415000000000000       0.265000000000000        2.64749684502923     
 -0.415000000000000       0.275000000000000        2.73708972756465     
 -0.415000000000000       0.285000000000000        2.82192756647125     
 -0.415000000000000       0.295000000000000        2.89873697187060     
 -0.415000000000000       0.305000000000000        2.95967077166225     
 -0.415000000000000       0.315000000000000        2.99147362099407     
 -0.415000000000000       0.325000000000000        2.99958625868080     
 -0.415000000000000       0.335000000000000        2.99999968526133     
 -0.415000000000000       0.345000000000000        2.99999999999992     
 -0.415000000000000       0.355000000000000        2.99999999999999     
 -0.415000000000000       0.365000000000000        2.99999999999998     
 -0.415000000000000       0.375000000000000        2.99999999999999     
 -0.415000000000000       0.385000000000000        2.99999999999999     
 -0.415000000000000       0.395000000000000        2.99999999999999     
 -0.415000000000000       0.405000000000000        3.00000000000000     
 -0.415000000000000       0.415000000000000        2.99999999999998     
 -0.415000000000000       0.425000000000000        2.99999999999998     
 -0.415000000000000       0.435000000000000        2.99999999999998     
 -0.415000000000000       0.445000000000000        2.99999999999999     
 -0.415000000000000       0.455000000000000        2.99999999999996     
 -0.415000000000000       0.465000000000000        2.99999999999998     
 -0.415000000000000       0.475000000000000        2.99999999999998     
 -0.415000000000000       0.485000000000000        2.99999999999998     
 -0.415000000000000       0.495000000000000        2.99999999999997     
 -0.405000000000000      -0.495000000000000        1.99999999999999     
 -0.405000000000000      -0.485000000000000        1.99999999999999     
 -0.405000000000000      -0.475000000000000        1.99999999999999     
 -0.405000000000000      -0.465000000000000        1.99999999999998     
 -0.405000000000000      -0.455000000000000        1.99999999999999     
 -0.405000000000000      -0.445000000000000        2.00000000000000     
 -0.405000000000000      -0.435000000000000        1.99999999999999     
 -0.405000000000000      -0.425000000000000        2.00000000000000     
 -0.405000000000000      -0.415000000000000        1.99999999999999     
 -0.405000000000000      -0.405000000000000        2.00000000000000     
 -0.405000000000000      -0.395000000000000        2.00000000000000     
 -0.405000000000000      -0.385000000000000        2.00000000000000     
 -0.405000000000000      -0.375000000000000        2.00000000000000     
 -0.405000000000000      -0.365000000000000        2.00000000000000     
 -0.405000000000000      -0.355000000000000        2.00000000000000     
 -0.405000000000000      -0.345000000000000        2.00000000000000     
 -0.405000000000000      -0.335000000000000        2.00000000000000     
 -0.405000000000000      -0.325000000000000        2.00000000000000     
 -0.405000000000000      -0.315000000000000        2.00000000000000     
 -0.405000000000000      -0.305000000000000        2.00000000000000     
 -0.405000000000000      -0.295000000000000        1.99999999999999     
 -0.405000000000000      -0.285000000000000        2.00000000000001     
 -0.405000000000000      -0.275000000000000        2.00000000000000     
 -0.405000000000000      -0.265000000000000        2.00000000000000     
 -0.405000000000000      -0.255000000000000        1.99999999999999     
 -0.405000000000000      -0.245000000000000        2.00000000000000     
 -0.405000000000000      -0.235000000000000        1.99999999999999     
 -0.405000000000000      -0.225000000000000        2.00000000000000     
 -0.405000000000000      -0.215000000000000        1.99999999999998     
 -0.405000000000000      -0.205000000000000        2.00000000000000     
 -0.405000000000000      -0.195000000000000        2.00000000000001     
 -0.405000000000000      -0.185000000000000        2.00000000000000     
 -0.405000000000000      -0.175000000000000        2.00000000000001     
 -0.405000000000000      -0.165000000000000        2.00000000000000     
 -0.405000000000000      -0.155000000000000        2.00000000000000     
 -0.405000000000000      -0.145000000000000        1.99999999999999     
 -0.405000000000000      -0.135000000000000        2.00000000000001     
 -0.405000000000000      -0.125000000000000        2.00000000000001     
 -0.405000000000000      -0.115000000000000        2.00000000000001     
 -0.405000000000000      -0.105000000000000        2.00000000000000     
 -0.405000000000000      -9.499999999999997E-002   2.00000000000000     
 -0.405000000000000      -8.500000000000002E-002   1.99999999999999     
 -0.405000000000000      -7.500000000000001E-002   2.00000000000000     
 -0.405000000000000      -6.500000000000000E-002   2.00000000000000     
 -0.405000000000000      -5.499999999999999E-002   2.00000000000000     
 -0.405000000000000      -4.499999999999998E-002   2.00000000000000     
 -0.405000000000000      -3.499999999999997E-002   2.00000000000000     
 -0.405000000000000      -2.500000000000002E-002   1.99999999999998     
 -0.405000000000000      -1.500000000000001E-002   2.00000000000000     
 -0.405000000000000      -5.000000000000000E-003   2.00000000000000     
 -0.405000000000000       5.000000000000009E-003   2.00000000000000     
 -0.405000000000000       1.500000000000002E-002   2.00000000000001     
 -0.405000000000000       2.500000000000003E-002   2.00000000000000     
 -0.405000000000000       3.500000000000004E-002   2.00000000000000     
 -0.405000000000000       4.500000000000005E-002   1.99999999999999     
 -0.405000000000000       5.500000000000006E-002   2.00000000000000     
 -0.405000000000000       6.500000000000006E-002   2.00000000000000     
 -0.405000000000000       7.499999999999996E-002   1.99999999999998     
 -0.405000000000000       8.499999999999996E-002   2.00000000000000     
 -0.405000000000000       9.499999999999997E-002   2.00000000000001     
 -0.405000000000000       0.105000000000000        2.00000000000000     
 -0.405000000000000       0.115000000000000        2.00000000000000     
 -0.405000000000000       0.125000000000000        2.00000000000002     
 -0.405000000000000       0.135000000000000        2.00000000155858     
 -0.405000000000000       0.145000000000000        2.00000029200053     
 -0.405000000000000       0.155000000000000        2.00001087855406     
 -0.405000000000000       0.165000000000000        2.00018484449695     
 -0.405000000000000       0.175000000000000        2.00174920489704     
 -0.405000000000000       0.185000000000000        2.01000629560605     
 -0.405000000000000       0.195000000000000        2.03684753590924     
 -0.405000000000000       0.205000000000000        2.09253055282320     
 -0.405000000000000       0.215000000000000        2.16941973755583     
 -0.405000000000000       0.225000000000000        2.25873984139606     
 -0.405000000000000       0.235000000000000        2.36075317701019     
 -0.405000000000000       0.245000000000000        2.45913545460367     
 -0.405000000000000       0.255000000000000        2.55464073605528     
 -0.405000000000000       0.265000000000000        2.64749684502925     
 -0.405000000000000       0.275000000000000        2.73708972756467     
 -0.405000000000000       0.285000000000000        2.82192756647125     
 -0.405000000000000       0.295000000000000        2.89873697187064     
 -0.405000000000000       0.305000000000000        2.95967077166227     
 -0.405000000000000       0.315000000000000        2.99147362099405     
 -0.405000000000000       0.325000000000000        2.99958625868081     
 -0.405000000000000       0.335000000000000        2.99999968526135     
 -0.405000000000000       0.345000000000000        2.99999999999994     
 -0.405000000000000       0.355000000000000        3.00000000000000     
 -0.405000000000000       0.365000000000000        3.00000000000001     
 -0.405000000000000       0.375000000000000        3.00000000000001     
 -0.405000000000000       0.385000000000000        3.00000000000001     
 -0.405000000000000       0.395000000000000        3.00000000000000     
 -0.405000000000000       0.405000000000000        3.00000000000001     
 -0.405000000000000       0.415000000000000        2.99999999999999     
 -0.405000000000000       0.425000000000000        3.00000000000000     
 -0.405000000000000       0.435000000000000        3.00000000000000     
 -0.405000000000000       0.445000000000000        3.00000000000000     
 -0.405000000000000       0.455000000000000        2.99999999999997     
 -0.405000000000000       0.465000000000000        3.00000000000000     
 -0.405000000000000       0.475000000000000        3.00000000000000     
 -0.405000000000000       0.485000000000000        2.99999999999999     
 -0.405000000000000       0.495000000000000        3.00000000000001     
 -0.395000000000000      -0.495000000000000        2.00000000000000     
 -0.395000000000000      -0.485000000000000        1.99999999999999     
 -0.395000000000000      -0.475000000000000        2.00000000000000     
 -0.395000000000000      -0.465000000000000        1.99999999999998     
 -0.395000000000000      -0.455000000000000        1.99999999999999     
 -0.395000000000000      -0.445000000000000        1.99999999999999     
 -0.395000000000000      -0.435000000000000        2.00000000000000     
 -0.395000000000000      -0.425000000000000        2.00000000000000     
 -0.395000000000000      -0.415000000000000        1.99999999999999     
 -0.395000000000000      -0.405000000000000        2.00000000000000     
 -0.395000000000000      -0.395000000000000        2.00000000000000     
 -0.395000000000000      -0.385000000000000        2.00000000000000     
 -0.395000000000000      -0.375000000000000        2.00000000000000     
 -0.395000000000000      -0.365000000000000        2.00000000000000     
 -0.395000000000000      -0.355000000000000        2.00000000000000     
 -0.395000000000000      -0.345000000000000        2.00000000000000     
 -0.395000000000000      -0.335000000000000        2.00000000000000     
 -0.395000000000000      -0.325000000000000        1.99999999999998     
 -0.395000000000000      -0.315000000000000        2.00000000000000     
 -0.395000000000000      -0.305000000000000        2.00000000000000     
 -0.395000000000000      -0.295000000000000        1.99999999999999     
 -0.395000000000000      -0.285000000000000        2.00000000000000     
 -0.395000000000000      -0.275000000000000        2.00000000000000     
 -0.395000000000000      -0.265000000000000        2.00000000000000     
 -0.395000000000000      -0.255000000000000        2.00000000000000     
 -0.395000000000000      -0.245000000000000        2.00000000000000     
 -0.395000000000000      -0.235000000000000        2.00000000000000     
 -0.395000000000000      -0.225000000000000        2.00000000000000     
 -0.395000000000000      -0.215000000000000        1.99999999999999     
 -0.395000000000000      -0.205000000000000        2.00000000000000     
 -0.395000000000000      -0.195000000000000        2.00000000000000     
 -0.395000000000000      -0.185000000000000        2.00000000000000     
 -0.395000000000000      -0.175000000000000        2.00000000000000     
 -0.395000000000000      -0.165000000000000        2.00000000000000     
 -0.395000000000000      -0.155000000000000        2.00000000000000     
 -0.395000000000000      -0.145000000000000        2.00000000000000     
 -0.395000000000000      -0.135000000000000        2.00000000000001     
 -0.395000000000000      -0.125000000000000        2.00000000000001     
 -0.395000000000000      -0.115000000000000        2.00000000000000     
 -0.395000000000000      -0.105000000000000        2.00000000000000     
 -0.395000000000000      -9.499999999999997E-002   2.00000000000000     
 -0.395000000000000      -8.500000000000002E-002   1.99999999999999     
 -0.395000000000000      -7.500000000000001E-002   2.00000000000000     
 -0.395000000000000      -6.500000000000000E-002   2.00000000000000     
 -0.395000000000000      -5.499999999999999E-002   2.00000000000000     
 -0.395000000000000      -4.499999999999998E-002   2.00000000000000     
 -0.395000000000000      -3.499999999999997E-002   2.00000000000000     
 -0.395000000000000      -2.500000000000002E-002   1.99999999999999     
 -0.395000000000000      -1.500000000000001E-002   2.00000000000000     
 -0.395000000000000      -5.000000000000000E-003   2.00000000000000     
 -0.395000000000000       5.000000000000009E-003   2.00000000000000     
 -0.395000000000000       1.500000000000002E-002   2.00000000000000     
 -0.395000000000000       2.500000000000003E-002   2.00000000000000     
 -0.395000000000000       3.500000000000004E-002   2.00000000000000     
 -0.395000000000000       4.500000000000005E-002   2.00000000000000     
 -0.395000000000000       5.500000000000006E-002   2.00000000000000     
 -0.395000000000000       6.500000000000006E-002   2.00000000000000     
 -0.395000000000000       7.499999999999996E-002   1.99999999999998     
 -0.395000000000000       8.499999999999996E-002   2.00000000000000     
 -0.395000000000000       9.499999999999997E-002   2.00000000000000     
 -0.395000000000000       0.105000000000000        2.00000000000000     
 -0.395000000000000       0.115000000000000        2.00000000000000     
 -0.395000000000000       0.125000000000000        2.00000000000002     
 -0.395000000000000       0.135000000000000        2.00000000155859     
 -0.395000000000000       0.145000000000000        2.00000029200052     
 -0.395000000000000       0.155000000000000        2.00001087855405     
 -0.395000000000000       0.165000000000000        2.00018484449694     
 -0.395000000000000       0.175000000000000        2.00174920489706     
 -0.395000000000000       0.185000000000000        2.01000629560605     
 -0.395000000000000       0.195000000000000        2.03684753590923     
 -0.395000000000000       0.205000000000000        2.09253055282319     
 -0.395000000000000       0.215000000000000        2.16941973755583     
 -0.395000000000000       0.225000000000000        2.25873984139606     
 -0.395000000000000       0.235000000000000        2.36075317701018     
 -0.395000000000000       0.245000000000000        2.45913545460367     
 -0.395000000000000       0.255000000000000        2.55464073605527     
 -0.395000000000000       0.265000000000000        2.64749684502925     
 -0.395000000000000       0.275000000000000        2.73708972756468     
 -0.395000000000000       0.285000000000000        2.82192756647123     
 -0.395000000000000       0.295000000000000        2.89873697187064     
 -0.395000000000000       0.305000000000000        2.95967077166228     
 -0.395000000000000       0.315000000000000        2.99147362099404     
 -0.395000000000000       0.325000000000000        2.99958625868081     
 -0.395000000000000       0.335000000000000        2.99999968526135     
 -0.395000000000000       0.345000000000000        2.99999999999993     
 -0.395000000000000       0.355000000000000        3.00000000000001     
 -0.395000000000000       0.365000000000000        3.00000000000001     
 -0.395000000000000       0.375000000000000        3.00000000000001     
 -0.395000000000000       0.385000000000000        3.00000000000001     
 -0.395000000000000       0.395000000000000        3.00000000000001     
 -0.395000000000000       0.405000000000000        3.00000000000001     
 -0.395000000000000       0.415000000000000        3.00000000000000     
 -0.395000000000000       0.425000000000000        3.00000000000000     
 -0.395000000000000       0.435000000000000        3.00000000000000     
 -0.395000000000000       0.445000000000000        3.00000000000000     
 -0.395000000000000       0.455000000000000        2.99999999999996     
 -0.395000000000000       0.465000000000000        3.00000000000001     
 -0.395000000000000       0.475000000000000        3.00000000000000     
 -0.395000000000000       0.485000000000000        2.99999999999999     
 -0.395000000000000       0.495000000000000        3.00000000000000     
 -0.385000000000000      -0.495000000000000        2.00000000000000     
 -0.385000000000000      -0.485000000000000        2.00000000000000     
 -0.385000000000000      -0.475000000000000        2.00000000000001     
 -0.385000000000000      -0.465000000000000        1.99999999999999     
 -0.385000000000000      -0.455000000000000        2.00000000000000     
 -0.385000000000000      -0.445000000000000        2.00000000000000     
 -0.385000000000000      -0.435000000000000        2.00000000000000     
 -0.385000000000000      -0.425000000000000        1.99999999999999     
 -0.385000000000000      -0.415000000000000        1.99999999999998     
 -0.385000000000000      -0.405000000000000        2.00000000000000     
 -0.385000000000000      -0.395000000000000        2.00000000000001     
 -0.385000000000000      -0.385000000000000        2.00000000000000     
 -0.385000000000000      -0.375000000000000        2.00000000000001     
 -0.385000000000000      -0.365000000000000        2.00000000000000     
 -0.385000000000000      -0.355000000000000        2.00000000000000     
 -0.385000000000000      -0.345000000000000        1.99999999999999     
 -0.385000000000000      -0.335000000000000        2.00000000000000     
 -0.385000000000000      -0.325000000000000        1.99999999999999     
 -0.385000000000000      -0.315000000000000        1.99999999999999     
 -0.385000000000000      -0.305000000000000        2.00000000000000     
 -0.385000000000000      -0.295000000000000        1.99999999999998     
 -0.385000000000000      -0.285000000000000        2.00000000000000     
 -0.385000000000000      -0.275000000000000        2.00000000000000     
 -0.385000000000000      -0.265000000000000        1.99999999999999     
 -0.385000000000000      -0.255000000000000        2.00000000000000     
 -0.385000000000000      -0.245000000000000        2.00000000000001     
 -0.385000000000000      -0.235000000000000        2.00000000000001     
 -0.385000000000000      -0.225000000000000        2.00000000000000     
 -0.385000000000000      -0.215000000000000        1.99999999999999     
 -0.385000000000000      -0.205000000000000        2.00000000000000     
 -0.385000000000000      -0.195000000000000        2.00000000000000     
 -0.385000000000000      -0.185000000000000        2.00000000000000     
 -0.385000000000000      -0.175000000000000        2.00000000000000     
 -0.385000000000000      -0.165000000000000        2.00000000000001     
 -0.385000000000000      -0.155000000000000        2.00000000000000     
 -0.385000000000000      -0.145000000000000        1.99999999999999     
 -0.385000000000000      -0.135000000000000        2.00000000000002     
 -0.385000000000000      -0.125000000000000        2.00000000000002     
 -0.385000000000000      -0.115000000000000        2.00000000000001     
 -0.385000000000000      -0.105000000000000        2.00000000000000     
 -0.385000000000000      -9.499999999999997E-002   2.00000000000000     
 -0.385000000000000      -8.500000000000002E-002   1.99999999999999     
 -0.385000000000000      -7.500000000000001E-002   1.99999999999999     
 -0.385000000000000      -6.500000000000000E-002   2.00000000000000     
 -0.385000000000000      -5.499999999999999E-002   2.00000000000000     
 -0.385000000000000      -4.499999999999998E-002   2.00000000000001     
 -0.385000000000000      -3.499999999999997E-002   2.00000000000000     
 -0.385000000000000      -2.500000000000002E-002   1.99999999999998     
 -0.385000000000000      -1.500000000000001E-002   2.00000000000000     
 -0.385000000000000      -5.000000000000000E-003   1.99999999999999     
 -0.385000000000000       5.000000000000009E-003   2.00000000000000     
 -0.385000000000000       1.500000000000002E-002   2.00000000000001     
 -0.385000000000000       2.500000000000003E-002   2.00000000000000     
 -0.385000000000000       3.500000000000004E-002   2.00000000000000     
 -0.385000000000000       4.500000000000005E-002   2.00000000000000     
 -0.385000000000000       5.500000000000006E-002   2.00000000000000     
 -0.385000000000000       6.500000000000006E-002   2.00000000000000     
 -0.385000000000000       7.499999999999996E-002   1.99999999999997     
 -0.385000000000000       8.499999999999996E-002   2.00000000000000     
 -0.385000000000000       9.499999999999997E-002   1.99999999999999     
 -0.385000000000000       0.105000000000000        2.00000000000000     
 -0.385000000000000       0.115000000000000        2.00000000000000     
 -0.385000000000000       0.125000000000000        2.00000000000002     
 -0.385000000000000       0.135000000000000        2.00000000155859     
 -0.385000000000000       0.145000000000000        2.00000029200053     
 -0.385000000000000       0.155000000000000        2.00001087855406     
 -0.385000000000000       0.165000000000000        2.00018484449695     
 -0.385000000000000       0.175000000000000        2.00174920489705     
 -0.385000000000000       0.185000000000000        2.01000629560606     
 -0.385000000000000       0.195000000000000        2.03684753590924     
 -0.385000000000000       0.205000000000000        2.09253055282319     
 -0.385000000000000       0.215000000000000        2.16941973755583     
 -0.385000000000000       0.225000000000000        2.25873984139605     
 -0.385000000000000       0.235000000000000        2.36075317701019     
 -0.385000000000000       0.245000000000000        2.45913545460366     
 -0.385000000000000       0.255000000000000        2.55464073605527     
 -0.385000000000000       0.265000000000000        2.64749684502925     
 -0.385000000000000       0.275000000000000        2.73708972756467     
 -0.385000000000000       0.285000000000000        2.82192756647122     
 -0.385000000000000       0.295000000000000        2.89873697187054     
 -0.385000000000000       0.305000000000000        2.95967077166222     
 -0.385000000000000       0.315000000000000        2.99147362099416     
 -0.385000000000000       0.325000000000000        2.99958625868083     
 -0.385000000000000       0.335000000000000        2.99999968526135     
 -0.385000000000000       0.345000000000000        2.99999999999993     
 -0.385000000000000       0.355000000000000        3.00000000000000     
 -0.385000000000000       0.365000000000000        3.00000000000000     
 -0.385000000000000       0.375000000000000        3.00000000000000     
 -0.385000000000000       0.385000000000000        3.00000000000000     
 -0.385000000000000       0.395000000000000        3.00000000000000     
 -0.385000000000000       0.405000000000000        3.00000000000000     
 -0.385000000000000       0.415000000000000        3.00000000000000     
 -0.385000000000000       0.425000000000000        3.00000000000000     
 -0.385000000000000       0.435000000000000        3.00000000000000     
 -0.385000000000000       0.445000000000000        3.00000000000000     
 -0.385000000000000       0.455000000000000        2.99999999999997     
 -0.385000000000000       0.465000000000000        3.00000000000001     
 -0.385000000000000       0.475000000000000        3.00000000000000     
 -0.385000000000000       0.485000000000000        3.00000000000000     
 -0.385000000000000       0.495000000000000        3.00000000000000     
 -0.375000000000000      -0.495000000000000        2.00000000000000     
 -0.375000000000000      -0.485000000000000        2.00000000000000     
 -0.375000000000000      -0.475000000000000        2.00000000000000     
 -0.375000000000000      -0.465000000000000        1.99999999999999     
 -0.375000000000000      -0.455000000000000        2.00000000000000     
 -0.375000000000000      -0.445000000000000        2.00000000000000     
 -0.375000000000000      -0.435000000000000        2.00000000000001     
 -0.375000000000000      -0.425000000000000        2.00000000000000     
 -0.375000000000000      -0.415000000000000        1.99999999999999     
 -0.375000000000000      -0.405000000000000        2.00000000000000     
 -0.375000000000000      -0.395000000000000        2.00000000000000     
 -0.375000000000000      -0.385000000000000        2.00000000000000     
 -0.375000000000000      -0.375000000000000        1.99999999999999     
 -0.375000000000000      -0.365000000000000        2.00000000000000     
 -0.375000000000000      -0.355000000000000        2.00000000000001     
 -0.375000000000000      -0.345000000000000        2.00000000000000     
 -0.375000000000000      -0.335000000000000        2.00000000000000     
 -0.375000000000000      -0.325000000000000        1.99999999999999     
 -0.375000000000000      -0.315000000000000        2.00000000000001     
 -0.375000000000000      -0.305000000000000        2.00000000000000     
 -0.375000000000000      -0.295000000000000        2.00000000000000     
 -0.375000000000000      -0.285000000000000        2.00000000000000     
 -0.375000000000000      -0.275000000000000        2.00000000000001     
 -0.375000000000000      -0.265000000000000        2.00000000000000     
 -0.375000000000000      -0.255000000000000        2.00000000000001     
 -0.375000000000000      -0.245000000000000        1.99999999999999     
 -0.375000000000000      -0.235000000000000        1.99999999999999     
 -0.375000000000000      -0.225000000000000        2.00000000000000     
 -0.375000000000000      -0.215000000000000        1.99999999999999     
 -0.375000000000000      -0.205000000000000        2.00000000000000     
 -0.375000000000000      -0.195000000000000        2.00000000000000     
 -0.375000000000000      -0.185000000000000        2.00000000000000     
 -0.375000000000000      -0.175000000000000        1.99999999999999     
 -0.375000000000000      -0.165000000000000        1.99999999999999     
 -0.375000000000000      -0.155000000000000        1.99999999999999     
 -0.375000000000000      -0.145000000000000        2.00000000000000     
 -0.375000000000000      -0.135000000000000        2.00000000000001     
 -0.375000000000000      -0.125000000000000        2.00000000000001     
 -0.375000000000000      -0.115000000000000        2.00000000000000     
 -0.375000000000000      -0.105000000000000        2.00000000000001     
 -0.375000000000000      -9.499999999999997E-002   2.00000000000000     
 -0.375000000000000      -8.500000000000002E-002   1.99999999999999     
 -0.375000000000000      -7.500000000000001E-002   2.00000000000000     
 -0.375000000000000      -6.500000000000000E-002   1.99999999999999     
 -0.375000000000000      -5.499999999999999E-002   2.00000000000000     
 -0.375000000000000      -4.499999999999998E-002   1.99999999999999     
 -0.375000000000000      -3.499999999999997E-002   2.00000000000001     
 -0.375000000000000      -2.500000000000002E-002   1.99999999999999     
 -0.375000000000000      -1.500000000000001E-002   2.00000000000000     
 -0.375000000000000      -5.000000000000000E-003   2.00000000000000     
 -0.375000000000000       5.000000000000009E-003   2.00000000000000     
 -0.375000000000000       1.500000000000002E-002   1.99999999999999     
 -0.375000000000000       2.500000000000003E-002   2.00000000000000     
 -0.375000000000000       3.500000000000004E-002   1.99999999999999     
 -0.375000000000000       4.500000000000005E-002   2.00000000000000     
 -0.375000000000000       5.500000000000006E-002   2.00000000000000     
 -0.375000000000000       6.500000000000006E-002   2.00000000000000     
 -0.375000000000000       7.499999999999996E-002   1.99999999999998     
 -0.375000000000000       8.499999999999996E-002   2.00000000000000     
 -0.375000000000000       9.499999999999997E-002   2.00000000000001     
 -0.375000000000000       0.105000000000000        2.00000000000000     
 -0.375000000000000       0.115000000000000        2.00000000000000     
 -0.375000000000000       0.125000000000000        2.00000000000002     
 -0.375000000000000       0.135000000000000        2.00000000155857     
 -0.375000000000000       0.145000000000000        2.00000029200052     
 -0.375000000000000       0.155000000000000        2.00001087855406     
 -0.375000000000000       0.165000000000000        2.00018484449695     
 -0.375000000000000       0.175000000000000        2.00174920489704     
 -0.375000000000000       0.185000000000000        2.01000629560607     
 -0.375000000000000       0.195000000000000        2.03684753590924     
 -0.375000000000000       0.205000000000000        2.09253055282319     
 -0.375000000000000       0.215000000000000        2.16941973755583     
 -0.375000000000000       0.225000000000000        2.25873984139607     
 -0.375000000000000       0.235000000000000        2.36075317701019     
 -0.375000000000000       0.245000000000000        2.45913545460368     
 -0.375000000000000       0.255000000000000        2.55464073605528     
 -0.375000000000000       0.265000000000000        2.64749684502926     
 -0.375000000000000       0.275000000000000        2.73708972756467     
 -0.375000000000000       0.285000000000000        2.82192756647119     
 -0.375000000000000       0.295000000000000        2.89873697187055     
 -0.375000000000000       0.305000000000000        2.95967077166216     
 -0.375000000000000       0.315000000000000        2.99147362099428     
 -0.375000000000000       0.325000000000000        2.99958625868084     
 -0.375000000000000       0.335000000000000        2.99999968526135     
 -0.375000000000000       0.345000000000000        2.99999999999993     
 -0.375000000000000       0.355000000000000        3.00000000000000     
 -0.375000000000000       0.365000000000000        3.00000000000001     
 -0.375000000000000       0.375000000000000        3.00000000000001     
 -0.375000000000000       0.385000000000000        3.00000000000000     
 -0.375000000000000       0.395000000000000        3.00000000000000     
 -0.375000000000000       0.405000000000000        2.99999999999999     
 -0.375000000000000       0.415000000000000        3.00000000000000     
 -0.375000000000000       0.425000000000000        3.00000000000000     
 -0.375000000000000       0.435000000000000        3.00000000000000     
 -0.375000000000000       0.445000000000000        3.00000000000000     
 -0.375000000000000       0.455000000000000        2.99999999999996     
 -0.375000000000000       0.465000000000000        2.99999999999999     
 -0.375000000000000       0.475000000000000        3.00000000000000     
 -0.375000000000000       0.485000000000000        3.00000000000001     
 -0.375000000000000       0.495000000000000        3.00000000000001     
 -0.365000000000000      -0.495000000000000        2.00000000000001     
 -0.365000000000000      -0.485000000000000        2.00000000000001     
 -0.365000000000000      -0.475000000000000        2.00000000000001     
 -0.365000000000000      -0.465000000000000        2.00000000000000     
 -0.365000000000000      -0.455000000000000        2.00000000000000     
 -0.365000000000000      -0.445000000000000        2.00000000000001     
 -0.365000000000000      -0.435000000000000        2.00000000000000     
 -0.365000000000000      -0.425000000000000        2.00000000000001     
 -0.365000000000000      -0.415000000000000        2.00000000000000     
 -0.365000000000000      -0.405000000000000        2.00000000000001     
 -0.365000000000000      -0.395000000000000        2.00000000000001     
 -0.365000000000000      -0.385000000000000        2.00000000000000     
 -0.365000000000000      -0.375000000000000        2.00000000000000     
 -0.365000000000000      -0.365000000000000        2.00000000000000     
 -0.365000000000000      -0.355000000000000        2.00000000000000     
 -0.365000000000000      -0.345000000000000        2.00000000000000     
 -0.365000000000000      -0.335000000000000        2.00000000000001     
 -0.365000000000000      -0.325000000000000        1.99999999999999     
 -0.365000000000000      -0.315000000000000        2.00000000000001     
 -0.365000000000000      -0.305000000000000        2.00000000000001     
 -0.365000000000000      -0.295000000000000        1.99999999999999     
 -0.365000000000000      -0.285000000000000        2.00000000000000     
 -0.365000000000000      -0.275000000000000        1.99999999999999     
 -0.365000000000000      -0.265000000000000        2.00000000000001     
 -0.365000000000000      -0.255000000000000        2.00000000000000     
 -0.365000000000000      -0.245000000000000        2.00000000000000     
 -0.365000000000000      -0.235000000000000        2.00000000000000     
 -0.365000000000000      -0.225000000000000        1.99999999999999     
 -0.365000000000000      -0.215000000000000        1.99999999999998     
 -0.365000000000000      -0.205000000000000        2.00000000000000     
 -0.365000000000000      -0.195000000000000        2.00000000000000     
 -0.365000000000000      -0.185000000000000        2.00000000000000     
 -0.365000000000000      -0.175000000000000        2.00000000000000     
 -0.365000000000000      -0.165000000000000        2.00000000000000     
 -0.365000000000000      -0.155000000000000        2.00000000000000     
 -0.365000000000000      -0.145000000000000        1.99999999999998     
 -0.365000000000000      -0.135000000000000        2.00000000000000     
 -0.365000000000000      -0.125000000000000        2.00000000000001     
 -0.365000000000000      -0.115000000000000        2.00000000000001     
 -0.365000000000000      -0.105000000000000        2.00000000000000     
 -0.365000000000000      -9.499999999999997E-002   2.00000000000000     
 -0.365000000000000      -8.500000000000002E-002   1.99999999999999     
 -0.365000000000000      -7.500000000000001E-002   2.00000000000000     
 -0.365000000000000      -6.500000000000000E-002   2.00000000000000     
 -0.365000000000000      -5.499999999999999E-002   2.00000000000000     
 -0.365000000000000      -4.499999999999998E-002   1.99999999999999     
 -0.365000000000000      -3.499999999999997E-002   1.99999999999999     
 -0.365000000000000      -2.500000000000002E-002   1.99999999999999     
 -0.365000000000000      -1.500000000000001E-002   2.00000000000000     
 -0.365000000000000      -5.000000000000000E-003   2.00000000000000     
 -0.365000000000000       5.000000000000009E-003   2.00000000000000     
 -0.365000000000000       1.500000000000002E-002   2.00000000000001     
 -0.365000000000000       2.500000000000003E-002   2.00000000000000     
 -0.365000000000000       3.500000000000004E-002   2.00000000000000     
 -0.365000000000000       4.500000000000005E-002   2.00000000000000     
 -0.365000000000000       5.500000000000006E-002   2.00000000000001     
 -0.365000000000000       6.500000000000006E-002   2.00000000000000     
 -0.365000000000000       7.499999999999996E-002   1.99999999999998     
 -0.365000000000000       8.499999999999996E-002   2.00000000000000     
 -0.365000000000000       9.499999999999997E-002   2.00000000000000     
 -0.365000000000000       0.105000000000000        2.00000000000001     
 -0.365000000000000       0.115000000000000        2.00000000000000     
 -0.365000000000000       0.125000000000000        2.00000000000002     
 -0.365000000000000       0.135000000000000        2.00000000155858     
 -0.365000000000000       0.145000000000000        2.00000029200052     
 -0.365000000000000       0.155000000000000        2.00001087855406     
 -0.365000000000000       0.165000000000000        2.00018484449695     
 -0.365000000000000       0.175000000000000        2.00174920489704     
 -0.365000000000000       0.185000000000000        2.01000629560607     
 -0.365000000000000       0.195000000000000        2.03684753590923     
 -0.365000000000000       0.205000000000000        2.09253055282319     
 -0.365000000000000       0.215000000000000        2.16941973755583     
 -0.365000000000000       0.225000000000000        2.25873984139605     
 -0.365000000000000       0.235000000000000        2.36075317701018     
 -0.365000000000000       0.245000000000000        2.45913545460368     
 -0.365000000000000       0.255000000000000        2.55464073605527     
 -0.365000000000000       0.265000000000000        2.64749684502925     
 -0.365000000000000       0.275000000000000        2.73708972756468     
 -0.365000000000000       0.285000000000000        2.82192756647120     
 -0.365000000000000       0.295000000000000        2.89873697187053     
 -0.365000000000000       0.305000000000000        2.95967077166221     
 -0.365000000000000       0.315000000000000        2.99147362099423     
 -0.365000000000000       0.325000000000000        2.99958625868083     
 -0.365000000000000       0.335000000000000        2.99999968526136     
 -0.365000000000000       0.345000000000000        2.99999999999993     
 -0.365000000000000       0.355000000000000        3.00000000000001     
 -0.365000000000000       0.365000000000000        3.00000000000002     
 -0.365000000000000       0.375000000000000        3.00000000000001     
 -0.365000000000000       0.385000000000000        3.00000000000002     
 -0.365000000000000       0.395000000000000        3.00000000000000     
 -0.365000000000000       0.405000000000000        3.00000000000000     
 -0.365000000000000       0.415000000000000        2.99999999999999     
 -0.365000000000000       0.425000000000000        3.00000000000001     
 -0.365000000000000       0.435000000000000        3.00000000000001     
 -0.365000000000000       0.445000000000000        2.99999999999999     
 -0.365000000000000       0.455000000000000        2.99999999999997     
 -0.365000000000000       0.465000000000000        2.99999999999999     
 -0.365000000000000       0.475000000000000        3.00000000000000     
 -0.365000000000000       0.485000000000000        3.00000000000001     
 -0.365000000000000       0.495000000000000        3.00000000000000     
 -0.355000000000000      -0.495000000000000        2.00000000000001     
 -0.355000000000000      -0.485000000000000        2.00000000000001     
 -0.355000000000000      -0.475000000000000        2.00000000000001     
 -0.355000000000000      -0.465000000000000        2.00000000000000     
 -0.355000000000000      -0.455000000000000        2.00000000000001     
 -0.355000000000000      -0.445000000000000        2.00000000000001     
 -0.355000000000000      -0.435000000000000        2.00000000000001     
 -0.355000000000000      -0.425000000000000        2.00000000000001     
 -0.355000000000000      -0.415000000000000        1.99999999999999     
 -0.355000000000000      -0.405000000000000        2.00000000000000     
 -0.355000000000000      -0.395000000000000        2.00000000000000     
 -0.355000000000000      -0.385000000000000        2.00000000000000     
 -0.355000000000000      -0.375000000000000        2.00000000000001     
 -0.355000000000000      -0.365000000000000        2.00000000000000     
 -0.355000000000000      -0.355000000000000        2.00000000000000     
 -0.355000000000000      -0.345000000000000        2.00000000000000     
 -0.355000000000000      -0.335000000000000        1.99999999999999     
 -0.355000000000000      -0.325000000000000        1.99999999999999     
 -0.355000000000000      -0.315000000000000        2.00000000000000     
 -0.355000000000000      -0.305000000000000        2.00000000000000     
 -0.355000000000000      -0.295000000000000        1.99999999999999     
 -0.355000000000000      -0.285000000000000        2.00000000000000     
 -0.355000000000000      -0.275000000000000        2.00000000000001     
 -0.355000000000000      -0.265000000000000        2.00000000000000     
 -0.355000000000000      -0.255000000000000        1.99999999999999     
 -0.355000000000000      -0.245000000000000        2.00000000000000     
 -0.355000000000000      -0.235000000000000        2.00000000000000     
 -0.355000000000000      -0.225000000000000        2.00000000000000     
 -0.355000000000000      -0.215000000000000        1.99999999999999     
 -0.355000000000000      -0.205000000000000        2.00000000000000     
 -0.355000000000000      -0.195000000000000        2.00000000000000     
 -0.355000000000000      -0.185000000000000        1.99999999999999     
 -0.355000000000000      -0.175000000000000        1.99999999999999     
 -0.355000000000000      -0.165000000000000        2.00000000000000     
 -0.355000000000000      -0.155000000000000        2.00000000000000     
 -0.355000000000000      -0.145000000000000        2.00000000000000     
 -0.355000000000000      -0.135000000000000        2.00000000000000     
 -0.355000000000000      -0.125000000000000        2.00000000000000     
 -0.355000000000000      -0.115000000000000        2.00000000000001     
 -0.355000000000000      -0.105000000000000        2.00000000000001     
 -0.355000000000000      -9.499999999999997E-002   2.00000000000000     
 -0.355000000000000      -8.500000000000002E-002   1.99999999999999     
 -0.355000000000000      -7.500000000000001E-002   2.00000000000000     
 -0.355000000000000      -6.500000000000000E-002   2.00000000000000     
 -0.355000000000000      -5.499999999999999E-002   2.00000000000000     
 -0.355000000000000      -4.499999999999998E-002   2.00000000000001     
 -0.355000000000000      -3.499999999999997E-002   2.00000000000000     
 -0.355000000000000      -2.500000000000002E-002   1.99999999999999     
 -0.355000000000000      -1.500000000000001E-002   2.00000000000000     
 -0.355000000000000      -5.000000000000000E-003   2.00000000000000     
 -0.355000000000000       5.000000000000009E-003   2.00000000000000     
 -0.355000000000000       1.500000000000002E-002   2.00000000000000     
 -0.355000000000000       2.500000000000003E-002   2.00000000000000     
 -0.355000000000000       3.500000000000004E-002   1.99999999999999     
 -0.355000000000000       4.500000000000005E-002   2.00000000000000     
 -0.355000000000000       5.500000000000006E-002   1.99999999999999     
 -0.355000000000000       6.500000000000006E-002   1.99999999999999     
 -0.355000000000000       7.499999999999996E-002   1.99999999999998     
 -0.355000000000000       8.499999999999996E-002   2.00000000000000     
 -0.355000000000000       9.499999999999997E-002   1.99999999999999     
 -0.355000000000000       0.105000000000000        2.00000000000001     
 -0.355000000000000       0.115000000000000        2.00000000000000     
 -0.355000000000000       0.125000000000000        2.00000000000002     
 -0.355000000000000       0.135000000000000        2.00000000155859     
 -0.355000000000000       0.145000000000000        2.00000029200053     
 -0.355000000000000       0.155000000000000        2.00001087855407     
 -0.355000000000000       0.165000000000000        2.00018484449696     
 -0.355000000000000       0.175000000000000        2.00174920489705     
 -0.355000000000000       0.185000000000000        2.01000629560607     
 -0.355000000000000       0.195000000000000        2.03684753590923     
 -0.355000000000000       0.205000000000000        2.09253055282319     
 -0.355000000000000       0.215000000000000        2.16941973755583     
 -0.355000000000000       0.225000000000000        2.25873984139606     
 -0.355000000000000       0.235000000000000        2.36075317701019     
 -0.355000000000000       0.245000000000000        2.45913545460366     
 -0.355000000000000       0.255000000000000        2.55464073605527     
 -0.355000000000000       0.265000000000000        2.64749684502926     
 -0.355000000000000       0.275000000000000        2.73708972756467     
 -0.355000000000000       0.285000000000000        2.82192756647119     
 -0.355000000000000       0.295000000000000        2.89873697187044     
 -0.355000000000000       0.305000000000000        2.95967077166224     
 -0.355000000000000       0.315000000000000        2.99147362099430     
 -0.355000000000000       0.325000000000000        2.99958625868084     
 -0.355000000000000       0.335000000000000        2.99999968526134     
 -0.355000000000000       0.345000000000000        2.99999999999994     
 -0.355000000000000       0.355000000000000        2.99999999999999     
 -0.355000000000000       0.365000000000000        2.99999999999999     
 -0.355000000000000       0.375000000000000        3.00000000000002     
 -0.355000000000000       0.385000000000000        3.00000000000002     
 -0.355000000000000       0.395000000000000        3.00000000000000     
 -0.355000000000000       0.405000000000000        3.00000000000000     
 -0.355000000000000       0.415000000000000        3.00000000000000     
 -0.355000000000000       0.425000000000000        2.99999999999999     
 -0.355000000000000       0.435000000000000        2.99999999999999     
 -0.355000000000000       0.445000000000000        2.99999999999999     
 -0.355000000000000       0.455000000000000        2.99999999999996     
 -0.355000000000000       0.465000000000000        3.00000000000001     
 -0.355000000000000       0.475000000000000        3.00000000000000     
 -0.355000000000000       0.485000000000000        2.99999999999998     
 -0.355000000000000       0.495000000000000        2.99999999999999     
 -0.345000000000000      -0.495000000000000        2.00000000000001     
 -0.345000000000000      -0.485000000000000        2.00000000000001     
 -0.345000000000000      -0.475000000000000        2.00000000000000     
 -0.345000000000000      -0.465000000000000        2.00000000000000     
 -0.345000000000000      -0.455000000000000        2.00000000000001     
 -0.345000000000000      -0.445000000000000        2.00000000000001     
 -0.345000000000000      -0.435000000000000        2.00000000000001     
 -0.345000000000000      -0.425000000000000        2.00000000000001     
 -0.345000000000000      -0.415000000000000        2.00000000000000     
 -0.345000000000000      -0.405000000000000        2.00000000000000     
 -0.345000000000000      -0.395000000000000        2.00000000000001     
 -0.345000000000000      -0.385000000000000        2.00000000000001     
 -0.345000000000000      -0.375000000000000        2.00000000000001     
 -0.345000000000000      -0.365000000000000        2.00000000000001     
 -0.345000000000000      -0.355000000000000        2.00000000000000     
 -0.345000000000000      -0.345000000000000        2.00000000000000     
 -0.345000000000000      -0.335000000000000        1.99999999999999     
 -0.345000000000000      -0.325000000000000        1.99999999999999     
 -0.345000000000000      -0.315000000000000        2.00000000000000     
 -0.345000000000000      -0.305000000000000        2.00000000000000     
 -0.345000000000000      -0.295000000000000        1.99999999999999     
 -0.345000000000000      -0.285000000000000        2.00000000000000     
 -0.345000000000000      -0.275000000000000        2.00000000000001     
 -0.345000000000000      -0.265000000000000        2.00000000000001     
 -0.345000000000000      -0.255000000000000        2.00000000000001     
 -0.345000000000000      -0.245000000000000        2.00000000000000     
 -0.345000000000000      -0.235000000000000        1.99999999999999     
 -0.345000000000000      -0.225000000000000        1.99999999999999     
 -0.345000000000000      -0.215000000000000        1.99999999999998     
 -0.345000000000000      -0.205000000000000        2.00000000000000     
 -0.345000000000000      -0.195000000000000        2.00000000000000     
 -0.345000000000000      -0.185000000000000        2.00000000000000     
 -0.345000000000000      -0.175000000000000        2.00000000000000     
 -0.345000000000000      -0.165000000000000        2.00000000000000     
 -0.345000000000000      -0.155000000000000        2.00000000000000     
 -0.345000000000000      -0.145000000000000        1.99999999999999     
 -0.345000000000000      -0.135000000000000        2.00000000000000     
 -0.345000000000000      -0.125000000000000        2.00000000000001     
 -0.345000000000000      -0.115000000000000        2.00000000000001     
 -0.345000000000000      -0.105000000000000        1.99999999999999     
 -0.345000000000000      -9.499999999999997E-002   2.00000000000000     
 -0.345000000000000      -8.500000000000002E-002   1.99999999999999     
 -0.345000000000000      -7.500000000000001E-002   2.00000000000000     
 -0.345000000000000      -6.500000000000000E-002   2.00000000000000     
 -0.345000000000000      -5.499999999999999E-002   2.00000000000000     
 -0.345000000000000      -4.499999999999998E-002   2.00000000000000     
 -0.345000000000000      -3.499999999999997E-002   2.00000000000000     
 -0.345000000000000      -2.500000000000002E-002   1.99999999999999     
 -0.345000000000000      -1.500000000000001E-002   2.00000000000000     
 -0.345000000000000      -5.000000000000000E-003   2.00000000000000     
 -0.345000000000000       5.000000000000009E-003   2.00000000000000     
 -0.345000000000000       1.500000000000002E-002   2.00000000000000     
 -0.345000000000000       2.500000000000003E-002   2.00000000000000     
 -0.345000000000000       3.500000000000004E-002   2.00000000000000     
 -0.345000000000000       4.500000000000005E-002   1.99999999999999     
 -0.345000000000000       5.500000000000006E-002   2.00000000000000     
 -0.345000000000000       6.500000000000006E-002   2.00000000000001     
 -0.345000000000000       7.499999999999996E-002   1.99999999999998     
 -0.345000000000000       8.499999999999996E-002   2.00000000000000     
 -0.345000000000000       9.499999999999997E-002   2.00000000000000     
 -0.345000000000000       0.105000000000000        2.00000000000000     
 -0.345000000000000       0.115000000000000        2.00000000000000     
 -0.345000000000000       0.125000000000000        2.00000000000002     
 -0.345000000000000       0.135000000000000        2.00000000155859     
 -0.345000000000000       0.145000000000000        2.00000029200052     
 -0.345000000000000       0.155000000000000        2.00001087855406     
 -0.345000000000000       0.165000000000000        2.00018484449695     
 -0.345000000000000       0.175000000000000        2.00174920489704     
 -0.345000000000000       0.185000000000000        2.01000629560607     
 -0.345000000000000       0.195000000000000        2.03684753590924     
 -0.345000000000000       0.205000000000000        2.09253055282320     
 -0.345000000000000       0.215000000000000        2.16941973755582     
 -0.345000000000000       0.225000000000000        2.25873984139605     
 -0.345000000000000       0.235000000000000        2.36075317701019     
 -0.345000000000000       0.245000000000000        2.45913545460366     
 -0.345000000000000       0.255000000000000        2.55464073605531     
 -0.345000000000000       0.265000000000000        2.64749684502926     
 -0.345000000000000       0.275000000000000        2.73708972756460     
 -0.345000000000000       0.285000000000000        2.82192756647111     
 -0.345000000000000       0.295000000000000        2.89873697187044     
 -0.345000000000000       0.305000000000000        2.95967077166228     
 -0.345000000000000       0.315000000000000        2.99147362099433     
 -0.345000000000000       0.325000000000000        2.99958625868084     
 -0.345000000000000       0.335000000000000        2.99999968526135     
 -0.345000000000000       0.345000000000000        2.99999999999994     
 -0.345000000000000       0.355000000000000        3.00000000000000     
 -0.345000000000000       0.365000000000000        2.99999999999999     
 -0.345000000000000       0.375000000000000        3.00000000000001     
 -0.345000000000000       0.385000000000000        3.00000000000001     
 -0.345000000000000       0.395000000000000        3.00000000000000     
 -0.345000000000000       0.405000000000000        3.00000000000000     
 -0.345000000000000       0.415000000000000        3.00000000000000     
 -0.345000000000000       0.425000000000000        3.00000000000001     
 -0.345000000000000       0.435000000000000        3.00000000000000     
 -0.345000000000000       0.445000000000000        3.00000000000000     
 -0.345000000000000       0.455000000000000        2.99999999999996     
 -0.345000000000000       0.465000000000000        3.00000000000001     
 -0.345000000000000       0.475000000000000        3.00000000000000     
 -0.345000000000000       0.485000000000000        2.99999999999998     
 -0.345000000000000       0.495000000000000        3.00000000000000     
 -0.335000000000000      -0.495000000000000        2.00000000000000     
 -0.335000000000000      -0.485000000000000        2.00000000000000     
 -0.335000000000000      -0.475000000000000        2.00000000000000     
 -0.335000000000000      -0.465000000000000        1.99999999999999     
 -0.335000000000000      -0.455000000000000        2.00000000000000     
 -0.335000000000000      -0.445000000000000        2.00000000000000     
 -0.335000000000000      -0.435000000000000        2.00000000000000     
 -0.335000000000000      -0.425000000000000        2.00000000000001     
 -0.335000000000000      -0.415000000000000        2.00000000000000     
 -0.335000000000000      -0.405000000000000        2.00000000000000     
 -0.335000000000000      -0.395000000000000        1.99999999999999     
 -0.335000000000000      -0.385000000000000        2.00000000000001     
 -0.335000000000000      -0.375000000000000        2.00000000000000     
 -0.335000000000000      -0.365000000000000        2.00000000000000     
 -0.335000000000000      -0.355000000000000        2.00000000000000     
 -0.335000000000000      -0.345000000000000        2.00000000000001     
 -0.335000000000000      -0.335000000000000        2.00000000000001     
 -0.335000000000000      -0.325000000000000        1.99999999999999     
 -0.335000000000000      -0.315000000000000        2.00000000000000     
 -0.335000000000000      -0.305000000000000        2.00000000000000     
 -0.335000000000000      -0.295000000000000        1.99999999999999     
 -0.335000000000000      -0.285000000000000        2.00000000000000     
 -0.335000000000000      -0.275000000000000        2.00000000000000     
 -0.335000000000000      -0.265000000000000        2.00000000000001     
 -0.335000000000000      -0.255000000000000        2.00000000000000     
 -0.335000000000000      -0.245000000000000        2.00000000000001     
 -0.335000000000000      -0.235000000000000        2.00000000000001     
 -0.335000000000000      -0.225000000000000        2.00000000000000     
 -0.335000000000000      -0.215000000000000        1.99999999999998     
 -0.335000000000000      -0.205000000000000        2.00000000000000     
 -0.335000000000000      -0.195000000000000        2.00000000000000     
 -0.335000000000000      -0.185000000000000        2.00000000000000     
 -0.335000000000000      -0.175000000000000        2.00000000000000     
 -0.335000000000000      -0.165000000000000        2.00000000000000     
 -0.335000000000000      -0.155000000000000        2.00000000000001     
 -0.335000000000000      -0.145000000000000        1.99999999999999     
 -0.335000000000000      -0.135000000000000        2.00000000000001     
 -0.335000000000000      -0.125000000000000        2.00000000000001     
 -0.335000000000000      -0.115000000000000        2.00000000000001     
 -0.335000000000000      -0.105000000000000        2.00000000000001     
 -0.335000000000000      -9.499999999999997E-002   2.00000000000001     
 -0.335000000000000      -8.500000000000002E-002   1.99999999999999     
 -0.335000000000000      -7.500000000000001E-002   2.00000000000000     
 -0.335000000000000      -6.500000000000000E-002   2.00000000000000     
 -0.335000000000000      -5.499999999999999E-002   2.00000000000000     
 -0.335000000000000      -4.499999999999998E-002   1.99999999999999     
 -0.335000000000000      -3.499999999999997E-002   2.00000000000000     
 -0.335000000000000      -2.500000000000002E-002   1.99999999999998     
 -0.335000000000000      -1.500000000000001E-002   2.00000000000000     
 -0.335000000000000      -5.000000000000000E-003   2.00000000000000     
 -0.335000000000000       5.000000000000009E-003   2.00000000000000     
 -0.335000000000000       1.500000000000002E-002   2.00000000000000     
 -0.335000000000000       2.500000000000003E-002   2.00000000000001     
 -0.335000000000000       3.500000000000004E-002   1.99999999999999     
 -0.335000000000000       4.500000000000005E-002   1.99999999999999     
 -0.335000000000000       5.500000000000006E-002   2.00000000000000     
 -0.335000000000000       6.500000000000006E-002   2.00000000000000     
 -0.335000000000000       7.499999999999996E-002   1.99999999999998     
 -0.335000000000000       8.499999999999996E-002   2.00000000000000     
 -0.335000000000000       9.499999999999997E-002   2.00000000000000     
 -0.335000000000000       0.105000000000000        2.00000000000000     
 -0.335000000000000       0.115000000000000        2.00000000000000     
 -0.335000000000000       0.125000000000000        2.00000000000002     
 -0.335000000000000       0.135000000000000        2.00000000155858     
 -0.335000000000000       0.145000000000000        2.00000029200053     
 -0.335000000000000       0.155000000000000        2.00001087855405     
 -0.335000000000000       0.165000000000000        2.00018484449695     
 -0.335000000000000       0.175000000000000        2.00174920489704     
 -0.335000000000000       0.185000000000000        2.01000629560606     
 -0.335000000000000       0.195000000000000        2.03684753590924     
 -0.335000000000000       0.205000000000000        2.09253055282319     
 -0.335000000000000       0.215000000000000        2.16941973755582     
 -0.335000000000000       0.225000000000000        2.25873984139605     
 -0.335000000000000       0.235000000000000        2.36075317701019     
 -0.335000000000000       0.245000000000000        2.45913545460368     
 -0.335000000000000       0.255000000000000        2.55464073605530     
 -0.335000000000000       0.265000000000000        2.64749684502925     
 -0.335000000000000       0.275000000000000        2.73708972756453     
 -0.335000000000000       0.285000000000000        2.82192756647101     
 -0.335000000000000       0.295000000000000        2.89873697187051     
 -0.335000000000000       0.305000000000000        2.95967077166234     
 -0.335000000000000       0.315000000000000        2.99147362099444     
 -0.335000000000000       0.325000000000000        2.99958625868086     
 -0.335000000000000       0.335000000000000        2.99999968526135     
 -0.335000000000000       0.345000000000000        2.99999999999994     
 -0.335000000000000       0.355000000000000        2.99999999999999     
 -0.335000000000000       0.365000000000000        3.00000000000000     
 -0.335000000000000       0.375000000000000        3.00000000000002     
 -0.335000000000000       0.385000000000000        3.00000000000001     
 -0.335000000000000       0.395000000000000        3.00000000000000     
 -0.335000000000000       0.405000000000000        3.00000000000000     
 -0.335000000000000       0.415000000000000        3.00000000000000     
 -0.335000000000000       0.425000000000000        3.00000000000000     
 -0.335000000000000       0.435000000000000        3.00000000000000     
 -0.335000000000000       0.445000000000000        3.00000000000000     
 -0.335000000000000       0.455000000000000        2.99999999999996     
 -0.335000000000000       0.465000000000000        3.00000000000000     
 -0.335000000000000       0.475000000000000        3.00000000000001     
 -0.335000000000000       0.485000000000000        3.00000000000000     
 -0.335000000000000       0.495000000000000        3.00000000000000     
 -0.325000000000000      -0.495000000000000        1.99999999999999     
 -0.325000000000000      -0.485000000000000        2.00000000000000     
 -0.325000000000000      -0.475000000000000        1.99999999999998     
 -0.325000000000000      -0.465000000000000        1.99999999999999     
 -0.325000000000000      -0.455000000000000        1.99999999999999     
 -0.325000000000000      -0.445000000000000        1.99999999999999     
 -0.325000000000000      -0.435000000000000        2.00000000000000     
 -0.325000000000000      -0.425000000000000        1.99999999999999     
 -0.325000000000000      -0.415000000000000        1.99999999999998     
 -0.325000000000000      -0.405000000000000        2.00000000000000     
 -0.325000000000000      -0.395000000000000        2.00000000000000     
 -0.325000000000000      -0.385000000000000        1.99999999999999     
 -0.325000000000000      -0.375000000000000        1.99999999999999     
 -0.325000000000000      -0.365000000000000        1.99999999999999     
 -0.325000000000000      -0.355000000000000        1.99999999999999     
 -0.325000000000000      -0.345000000000000        2.00000000000000     
 -0.325000000000000      -0.335000000000000        1.99999999999999     
 -0.325000000000000      -0.325000000000000        1.99999999999998     
 -0.325000000000000      -0.315000000000000        1.99999999999999     
 -0.325000000000000      -0.305000000000000        1.99999999999999     
 -0.325000000000000      -0.295000000000000        1.99999999999997     
 -0.325000000000000      -0.285000000000000        1.99999999999999     
 -0.325000000000000      -0.275000000000000        2.00000000000000     
 -0.325000000000000      -0.265000000000000        2.00000000000000     
 -0.325000000000000      -0.255000000000000        2.00000000000000     
 -0.325000000000000      -0.245000000000000        1.99999999999998     
 -0.325000000000000      -0.235000000000000        2.00000000000000     
 -0.325000000000000      -0.225000000000000        1.99999999999999     
 -0.325000000000000      -0.215000000000000        1.99999999999998     
 -0.325000000000000      -0.205000000000000        1.99999999999999     
 -0.325000000000000      -0.195000000000000        2.00000000000000     
 -0.325000000000000      -0.185000000000000        2.00000000000000     
 -0.325000000000000      -0.175000000000000        2.00000000000000     
 -0.325000000000000      -0.165000000000000        1.99999999999999     
 -0.325000000000000      -0.155000000000000        1.99999999999999     
 -0.325000000000000      -0.145000000000000        1.99999999999998     
 -0.325000000000000      -0.135000000000000        2.00000000000000     
 -0.325000000000000      -0.125000000000000        1.99999999999999     
 -0.325000000000000      -0.115000000000000        1.99999999999999     
 -0.325000000000000      -0.105000000000000        1.99999999999999     
 -0.325000000000000      -9.499999999999997E-002   1.99999999999999     
 -0.325000000000000      -8.500000000000002E-002   1.99999999999998     
 -0.325000000000000      -7.500000000000001E-002   1.99999999999999     
 -0.325000000000000      -6.500000000000000E-002   1.99999999999999     
 -0.325000000000000      -5.499999999999999E-002   1.99999999999999     
 -0.325000000000000      -4.499999999999998E-002   1.99999999999999     
 -0.325000000000000      -3.499999999999997E-002   1.99999999999999     
 -0.325000000000000      -2.500000000000002E-002   1.99999999999998     
 -0.325000000000000      -1.500000000000001E-002   1.99999999999999     
 -0.325000000000000      -5.000000000000000E-003   1.99999999999999     
 -0.325000000000000       5.000000000000009E-003   1.99999999999998     
 -0.325000000000000       1.500000000000002E-002   1.99999999999998     
 -0.325000000000000       2.500000000000003E-002   1.99999999999999     
 -0.325000000000000       3.500000000000004E-002   2.00000000000000     
 -0.325000000000000       4.500000000000005E-002   2.00000000000000     
 -0.325000000000000       5.500000000000006E-002   2.00000000000000     
 -0.325000000000000       6.500000000000006E-002   1.99999999999999     
 -0.325000000000000       7.499999999999996E-002   1.99999999999997     
 -0.325000000000000       8.499999999999996E-002   1.99999999999999     
 -0.325000000000000       9.499999999999997E-002   2.00000000000000     
 -0.325000000000000       0.105000000000000        1.99999999999999     
 -0.325000000000000       0.115000000000000        1.99999999999999     
 -0.325000000000000       0.125000000000000        2.00000000000000     
 -0.325000000000000       0.135000000000000        2.00000000155857     
 -0.325000000000000       0.145000000000000        2.00000029200051     
 -0.325000000000000       0.155000000000000        2.00001087855405     
 -0.325000000000000       0.165000000000000        2.00018484449694     
 -0.325000000000000       0.175000000000000        2.00174920489703     
 -0.325000000000000       0.185000000000000        2.01000629560606     
 -0.325000000000000       0.195000000000000        2.03684753590922     
 -0.325000000000000       0.205000000000000        2.09253055282318     
 -0.325000000000000       0.215000000000000        2.16941973755581     
 -0.325000000000000       0.225000000000000        2.25873984139604     
 -0.325000000000000       0.235000000000000        2.36075317701025     
 -0.325000000000000       0.245000000000000        2.45913545460357     
 -0.325000000000000       0.255000000000000        2.55464073605518     
 -0.325000000000000       0.265000000000000        2.64749684502927     
 -0.325000000000000       0.275000000000000        2.73708972756465     
 -0.325000000000000       0.285000000000000        2.82192756647104     
 -0.325000000000000       0.295000000000000        2.89873697187050     
 -0.325000000000000       0.305000000000000        2.95967077166240     
 -0.325000000000000       0.315000000000000        2.99147362099446     
 -0.325000000000000       0.325000000000000        2.99958625868085     
 -0.325000000000000       0.335000000000000        2.99999968526132     
 -0.325000000000000       0.345000000000000        2.99999999999992     
 -0.325000000000000       0.355000000000000        2.99999999999997     
 -0.325000000000000       0.365000000000000        2.99999999999999     
 -0.325000000000000       0.375000000000000        2.99999999999999     
 -0.325000000000000       0.385000000000000        2.99999999999999     
 -0.325000000000000       0.395000000000000        2.99999999999998     
 -0.325000000000000       0.405000000000000        2.99999999999998     
 -0.325000000000000       0.415000000000000        2.99999999999999     
 -0.325000000000000       0.425000000000000        2.99999999999999     
 -0.325000000000000       0.435000000000000        2.99999999999998     
 -0.325000000000000       0.445000000000000        2.99999999999998     
 -0.325000000000000       0.455000000000000        2.99999999999994     
 -0.325000000000000       0.465000000000000        2.99999999999999     
 -0.325000000000000       0.475000000000000        2.99999999999999     
 -0.325000000000000       0.485000000000000        2.99999999999998     
 -0.325000000000000       0.495000000000000        2.99999999999998     
 -0.315000000000000      -0.495000000000000        2.00000000000000     
 -0.315000000000000      -0.485000000000000        2.00000000000000     
 -0.315000000000000      -0.475000000000000        2.00000000000001     
 -0.315000000000000      -0.465000000000000        1.99999999999999     
 -0.315000000000000      -0.455000000000000        2.00000000000000     
 -0.315000000000000      -0.445000000000000        2.00000000000001     
 -0.315000000000000      -0.435000000000000        2.00000000000001     
 -0.315000000000000      -0.425000000000000        2.00000000000001     
 -0.315000000000000      -0.415000000000000        1.99999999999999     
 -0.315000000000000      -0.405000000000000        2.00000000000000     
 -0.315000000000000      -0.395000000000000        2.00000000000000     
 -0.315000000000000      -0.385000000000000        2.00000000000000     
 -0.315000000000000      -0.375000000000000        2.00000000000001     
 -0.315000000000000      -0.365000000000000        2.00000000000000     
 -0.315000000000000      -0.355000000000000        2.00000000000001     
 -0.315000000000000      -0.345000000000000        2.00000000000000     
 -0.315000000000000      -0.335000000000000        2.00000000000000     
 -0.315000000000000      -0.325000000000000        1.99999999999999     
 -0.315000000000000      -0.315000000000000        2.00000000000000     
 -0.315000000000000      -0.305000000000000        2.00000000000000     
 -0.315000000000000      -0.295000000000000        1.99999999999999     
 -0.315000000000000      -0.285000000000000        2.00000000000001     
 -0.315000000000000      -0.275000000000000        2.00000000000000     
 -0.315000000000000      -0.265000000000000        2.00000000000000     
 -0.315000000000000      -0.255000000000000        2.00000000000000     
 -0.315000000000000      -0.245000000000000        2.00000000000000     
 -0.315000000000000      -0.235000000000000        2.00000000000001     
 -0.315000000000000      -0.225000000000000        2.00000000000001     
 -0.315000000000000      -0.215000000000000        2.00000000000000     
 -0.315000000000000      -0.205000000000000        2.00000000000001     
 -0.315000000000000      -0.195000000000000        2.00000000000000     
 -0.315000000000000      -0.185000000000000        2.00000000000000     
 -0.315000000000000      -0.175000000000000        2.00000000000000     
 -0.315000000000000      -0.165000000000000        2.00000000000000     
 -0.315000000000000      -0.155000000000000        2.00000000000000     
 -0.315000000000000      -0.145000000000000        1.99999999999999     
 -0.315000000000000      -0.135000000000000        2.00000000000000     
 -0.315000000000000      -0.125000000000000        2.00000000000001     
 -0.315000000000000      -0.115000000000000        2.00000000000001     
 -0.315000000000000      -0.105000000000000        2.00000000000001     
 -0.315000000000000      -9.499999999999997E-002   2.00000000000001     
 -0.315000000000000      -8.500000000000002E-002   1.99999999999999     
 -0.315000000000000      -7.500000000000001E-002   2.00000000000000     
 -0.315000000000000      -6.500000000000000E-002   2.00000000000000     
 -0.315000000000000      -5.499999999999999E-002   2.00000000000000     
 -0.315000000000000      -4.499999999999998E-002   2.00000000000001     
 -0.315000000000000      -3.499999999999997E-002   2.00000000000000     
 -0.315000000000000      -2.500000000000002E-002   2.00000000000000     
 -0.315000000000000      -1.500000000000001E-002   2.00000000000001     
 -0.315000000000000      -5.000000000000000E-003   2.00000000000000     
 -0.315000000000000       5.000000000000009E-003   2.00000000000000     
 -0.315000000000000       1.500000000000002E-002   2.00000000000000     
 -0.315000000000000       2.500000000000003E-002   2.00000000000001     
 -0.315000000000000       3.500000000000004E-002   2.00000000000001     
 -0.315000000000000       4.500000000000005E-002   2.00000000000002     
 -0.315000000000000       5.500000000000006E-002   2.00000000000001     
 -0.315000000000000       6.500000000000006E-002   2.00000000000000     
 -0.315000000000000       7.499999999999996E-002   1.99999999999998     
 -0.315000000000000       8.499999999999996E-002   2.00000000000000     
 -0.315000000000000       9.499999999999997E-002   2.00000000000000     
 -0.315000000000000       0.105000000000000        2.00000000000000     
 -0.315000000000000       0.115000000000000        2.00000000000000     
 -0.315000000000000       0.125000000000000        2.00000000000002     
 -0.315000000000000       0.135000000000000        2.00000000155858     
 -0.315000000000000       0.145000000000000        2.00000029200052     
 -0.315000000000000       0.155000000000000        2.00001087855406     
 -0.315000000000000       0.165000000000000        2.00018484449695     
 -0.315000000000000       0.175000000000000        2.00174920489704     
 -0.315000000000000       0.185000000000000        2.01000629560606     
 -0.315000000000000       0.195000000000000        2.03684753590924     
 -0.315000000000000       0.205000000000000        2.09253055282319     
 -0.315000000000000       0.215000000000000        2.16941973755584     
 -0.315000000000000       0.225000000000000        2.25873984139606     
 -0.315000000000000       0.235000000000000        2.36075317701038     
 -0.315000000000000       0.245000000000000        2.45913545460339     
 -0.315000000000000       0.255000000000000        2.55464073605507     
 -0.315000000000000       0.265000000000000        2.64749684502949     
 -0.315000000000000       0.275000000000000        2.73708972756524     
 -0.315000000000000       0.285000000000000        2.82192756647159     
 -0.315000000000000       0.295000000000000        2.89873697187054     
 -0.315000000000000       0.305000000000000        2.95967077166237     
 -0.315000000000000       0.315000000000000        2.99147362099442     
 -0.315000000000000       0.325000000000000        2.99958625868085     
 -0.315000000000000       0.335000000000000        2.99999968526134     
 -0.315000000000000       0.345000000000000        2.99999999999994     
 -0.315000000000000       0.355000000000000        3.00000000000000     
 -0.315000000000000       0.365000000000000        3.00000000000001     
 -0.315000000000000       0.375000000000000        3.00000000000000     
 -0.315000000000000       0.385000000000000        3.00000000000001     
 -0.315000000000000       0.395000000000000        3.00000000000000     
 -0.315000000000000       0.405000000000000        3.00000000000000     
 -0.315000000000000       0.415000000000000        3.00000000000000     
 -0.315000000000000       0.425000000000000        3.00000000000001     
 -0.315000000000000       0.435000000000000        3.00000000000001     
 -0.315000000000000       0.445000000000000        2.99999999999999     
 -0.315000000000000       0.455000000000000        2.99999999999997     
 -0.315000000000000       0.465000000000000        3.00000000000001     
 -0.315000000000000       0.475000000000000        3.00000000000000     
 -0.315000000000000       0.485000000000000        3.00000000000000     
 -0.315000000000000       0.495000000000000        3.00000000000001     
 -0.305000000000000      -0.495000000000000        2.00000000000000     
 -0.305000000000000      -0.485000000000000        2.00000000000000     
 -0.305000000000000      -0.475000000000000        2.00000000000001     
 -0.305000000000000      -0.465000000000000        1.99999999999999     
 -0.305000000000000      -0.455000000000000        2.00000000000000     
 -0.305000000000000      -0.445000000000000        2.00000000000000     
 -0.305000000000000      -0.435000000000000        2.00000000000000     
 -0.305000000000000      -0.425000000000000        2.00000000000000     
 -0.305000000000000      -0.415000000000000        1.99999999999999     
 -0.305000000000000      -0.405000000000000        2.00000000000001     
 -0.305000000000000      -0.395000000000000        2.00000000000000     
 -0.305000000000000      -0.385000000000000        2.00000000000000     
 -0.305000000000000      -0.375000000000000        2.00000000000000     
 -0.305000000000000      -0.365000000000000        2.00000000000001     
 -0.305000000000000      -0.355000000000000        2.00000000000001     
 -0.305000000000000      -0.345000000000000        2.00000000000000     
 -0.305000000000000      -0.335000000000000        2.00000000000000     
 -0.305000000000000      -0.325000000000000        1.99999999999999     
 -0.305000000000000      -0.315000000000000        2.00000000000000     
 -0.305000000000000      -0.305000000000000        2.00000000000000     
 -0.305000000000000      -0.295000000000000        1.99999999999999     
 -0.305000000000000      -0.285000000000000        2.00000000000000     
 -0.305000000000000      -0.275000000000000        2.00000000000000     
 -0.305000000000000      -0.265000000000000        2.00000000000001     
 -0.305000000000000      -0.255000000000000        2.00000000000000     
 -0.305000000000000      -0.245000000000000        2.00000000000000     
 -0.305000000000000      -0.235000000000000        2.00000000000000     
 -0.305000000000000      -0.225000000000000        2.00000000000000     
 -0.305000000000000      -0.215000000000000        1.99999999999999     
 -0.305000000000000      -0.205000000000000        2.00000000000000     
 -0.305000000000000      -0.195000000000000        2.00000000000000     
 -0.305000000000000      -0.185000000000000        2.00000000000000     
 -0.305000000000000      -0.175000000000000        2.00000000000000     
 -0.305000000000000      -0.165000000000000        2.00000000000000     
 -0.305000000000000      -0.155000000000000        2.00000000000000     
 -0.305000000000000      -0.145000000000000        1.99999999999999     
 -0.305000000000000      -0.135000000000000        2.00000000000000     
 -0.305000000000000      -0.125000000000000        2.00000000000000     
 -0.305000000000000      -0.115000000000000        2.00000000000000     
 -0.305000000000000      -0.105000000000000        2.00000000000000     
 -0.305000000000000      -9.499999999999997E-002   2.00000000000000     
 -0.305000000000000      -8.500000000000002E-002   1.99999999999999     
 -0.305000000000000      -7.500000000000001E-002   2.00000000000000     
 -0.305000000000000      -6.500000000000000E-002   2.00000000000000     
 -0.305000000000000      -5.499999999999999E-002   2.00000000000000     
 -0.305000000000000      -4.499999999999998E-002   2.00000000000000     
 -0.305000000000000      -3.499999999999997E-002   2.00000000000000     
 -0.305000000000000      -2.500000000000002E-002   1.99999999999999     
 -0.305000000000000      -1.500000000000001E-002   2.00000000000001     
 -0.305000000000000      -5.000000000000000E-003   2.00000000000000     
 -0.305000000000000       5.000000000000009E-003   2.00000000000001     
 -0.305000000000000       1.500000000000002E-002   2.00000000000000     
 -0.305000000000000       2.500000000000003E-002   2.00000000000000     
 -0.305000000000000       3.500000000000004E-002   2.00000000000000     
 -0.305000000000000       4.500000000000005E-002   2.00000000000000     
 -0.305000000000000       5.500000000000006E-002   2.00000000000000     
 -0.305000000000000       6.500000000000006E-002   2.00000000000001     
 -0.305000000000000       7.499999999999996E-002   1.99999999999998     
 -0.305000000000000       8.499999999999996E-002   2.00000000000000     
 -0.305000000000000       9.499999999999997E-002   2.00000000000000     
 -0.305000000000000       0.105000000000000        2.00000000000000     
 -0.305000000000000       0.115000000000000        2.00000000000000     
 -0.305000000000000       0.125000000000000        2.00000000000002     
 -0.305000000000000       0.135000000000000        2.00000000155858     
 -0.305000000000000       0.145000000000000        2.00000029200053     
 -0.305000000000000       0.155000000000000        2.00001087855405     
 -0.305000000000000       0.165000000000000        2.00018484449696     
 -0.305000000000000       0.175000000000000        2.00174920489704     
 -0.305000000000000       0.185000000000000        2.01000629560606     
 -0.305000000000000       0.195000000000000        2.03684753590923     
 -0.305000000000000       0.205000000000000        2.09253055282320     
 -0.305000000000000       0.215000000000000        2.16941973755582     
 -0.305000000000000       0.225000000000000        2.25873984139605     
 -0.305000000000000       0.235000000000000        2.36075317701042     
 -0.305000000000000       0.245000000000000        2.45913545460330     
 -0.305000000000000       0.255000000000000        2.55464073605503     
 -0.305000000000000       0.265000000000000        2.64749684502983     
 -0.305000000000000       0.275000000000000        2.73708972756615     
 -0.305000000000000       0.285000000000000        2.82192756647253     
 -0.305000000000000       0.295000000000000        2.89873697187064     
 -0.305000000000000       0.305000000000000        2.95967077166173     
 -0.305000000000000       0.315000000000000        2.99147362099411     
 -0.305000000000000       0.325000000000000        2.99958625868082     
 -0.305000000000000       0.335000000000000        2.99999968526135     
 -0.305000000000000       0.345000000000000        2.99999999999994     
 -0.305000000000000       0.355000000000000        3.00000000000001     
 -0.305000000000000       0.365000000000000        3.00000000000002     
 -0.305000000000000       0.375000000000000        3.00000000000001     
 -0.305000000000000       0.385000000000000        3.00000000000001     
 -0.305000000000000       0.395000000000000        3.00000000000001     
 -0.305000000000000       0.405000000000000        3.00000000000000     
 -0.305000000000000       0.415000000000000        3.00000000000000     
 -0.305000000000000       0.425000000000000        3.00000000000000     
 -0.305000000000000       0.435000000000000        2.99999999999999     
 -0.305000000000000       0.445000000000000        2.99999999999999     
 -0.305000000000000       0.455000000000000        2.99999999999997     
 -0.305000000000000       0.465000000000000        3.00000000000001     
 -0.305000000000000       0.475000000000000        3.00000000000000     
 -0.305000000000000       0.485000000000000        2.99999999999999     
 -0.305000000000000       0.495000000000000        3.00000000000001     
 -0.295000000000000      -0.495000000000000        2.00000000000000     
 -0.295000000000000      -0.485000000000000        1.99999999999999     
 -0.295000000000000      -0.475000000000000        1.99999999999998     
 -0.295000000000000      -0.465000000000000        1.99999999999998     
 -0.295000000000000      -0.455000000000000        1.99999999999999     
 -0.295000000000000      -0.445000000000000        2.00000000000000     
 -0.295000000000000      -0.435000000000000        1.99999999999999     
 -0.295000000000000      -0.425000000000000        1.99999999999999     
 -0.295000000000000      -0.415000000000000        1.99999999999998     
 -0.295000000000000      -0.405000000000000        1.99999999999999     
 -0.295000000000000      -0.395000000000000        1.99999999999998     
 -0.295000000000000      -0.385000000000000        1.99999999999998     
 -0.295000000000000      -0.375000000000000        1.99999999999999     
 -0.295000000000000      -0.365000000000000        1.99999999999999     
 -0.295000000000000      -0.355000000000000        1.99999999999999     
 -0.295000000000000      -0.345000000000000        1.99999999999998     
 -0.295000000000000      -0.335000000000000        1.99999999999999     
 -0.295000000000000      -0.325000000000000        1.99999999999998     
 -0.295000000000000      -0.315000000000000        2.00000000000000     
 -0.295000000000000      -0.305000000000000        1.99999999999999     
 -0.295000000000000      -0.295000000000000        1.99999999999998     
 -0.295000000000000      -0.285000000000000        1.99999999999999     
 -0.295000000000000      -0.275000000000000        1.99999999999999     
 -0.295000000000000      -0.265000000000000        1.99999999999999     
 -0.295000000000000      -0.255000000000000        2.00000000000000     
 -0.295000000000000      -0.245000000000000        1.99999999999999     
 -0.295000000000000      -0.235000000000000        2.00000000000000     
 -0.295000000000000      -0.225000000000000        1.99999999999999     
 -0.295000000000000      -0.215000000000000        1.99999999999998     
 -0.295000000000000      -0.205000000000000        1.99999999999999     
 -0.295000000000000      -0.195000000000000        2.00000000000000     
 -0.295000000000000      -0.185000000000000        2.00000000000000     
 -0.295000000000000      -0.175000000000000        2.00000000000000     
 -0.295000000000000      -0.165000000000000        1.99999999999999     
 -0.295000000000000      -0.155000000000000        1.99999999999999     
 -0.295000000000000      -0.145000000000000        1.99999999999998     
 -0.295000000000000      -0.135000000000000        2.00000000000000     
 -0.295000000000000      -0.125000000000000        2.00000000000000     
 -0.295000000000000      -0.115000000000000        1.99999999999999     
 -0.295000000000000      -0.105000000000000        1.99999999999999     
 -0.295000000000000      -9.499999999999997E-002   1.99999999999999     
 -0.295000000000000      -8.500000000000002E-002   1.99999999999998     
 -0.295000000000000      -7.500000000000001E-002   1.99999999999999     
 -0.295000000000000      -6.500000000000000E-002   2.00000000000000     
 -0.295000000000000      -5.499999999999999E-002   1.99999999999998     
 -0.295000000000000      -4.499999999999998E-002   1.99999999999999     
 -0.295000000000000      -3.499999999999997E-002   1.99999999999999     
 -0.295000000000000      -2.500000000000002E-002   1.99999999999998     
 -0.295000000000000      -1.500000000000001E-002   1.99999999999999     
 -0.295000000000000      -5.000000000000000E-003   2.00000000000000     
 -0.295000000000000       5.000000000000009E-003   1.99999999999999     
 -0.295000000000000       1.500000000000002E-002   1.99999999999999     
 -0.295000000000000       2.500000000000003E-002   1.99999999999999     
 -0.295000000000000       3.500000000000004E-002   1.99999999999999     
 -0.295000000000000       4.500000000000005E-002   1.99999999999999     
 -0.295000000000000       5.500000000000006E-002   1.99999999999999     
 -0.295000000000000       6.500000000000006E-002   1.99999999999999     
 -0.295000000000000       7.499999999999996E-002   1.99999999999997     
 -0.295000000000000       8.499999999999996E-002   1.99999999999999     
 -0.295000000000000       9.499999999999997E-002   1.99999999999998     
 -0.295000000000000       0.105000000000000        1.99999999999999     
 -0.295000000000000       0.115000000000000        1.99999999999999     
 -0.295000000000000       0.125000000000000        2.00000000000001     
 -0.295000000000000       0.135000000000000        2.00000000155857     
 -0.295000000000000       0.145000000000000        2.00000029200051     
 -0.295000000000000       0.155000000000000        2.00001087855405     
 -0.295000000000000       0.165000000000000        2.00018484449694     
 -0.295000000000000       0.175000000000000        2.00174920489703     
 -0.295000000000000       0.185000000000000        2.01000629560605     
 -0.295000000000000       0.195000000000000        2.03684753590923     
 -0.295000000000000       0.205000000000000        2.09253055282318     
 -0.295000000000000       0.215000000000000        2.16941973755581     
 -0.295000000000000       0.225000000000000        2.25873984139604     
 -0.295000000000000       0.235000000000000        2.36075317701052     
 -0.295000000000000       0.245000000000000        2.45913545460321     
 -0.295000000000000       0.255000000000000        2.55464073605498     
 -0.295000000000000       0.265000000000000        2.64749684502975     
 -0.295000000000000       0.275000000000000        2.73708972756597     
 -0.295000000000000       0.285000000000000        2.82192756647241     
 -0.295000000000000       0.295000000000000        2.89873697187017     
 -0.295000000000000       0.305000000000000        2.95967077165988     
 -0.295000000000000       0.315000000000000        2.99147362099292     
 -0.295000000000000       0.325000000000000        2.99958625868063     
 -0.295000000000000       0.335000000000000        2.99999968526132     
 -0.295000000000000       0.345000000000000        2.99999999999991     
 -0.295000000000000       0.355000000000000        3.00000000000000     
 -0.295000000000000       0.365000000000000        2.99999999999999     
 -0.295000000000000       0.375000000000000        2.99999999999999     
 -0.295000000000000       0.385000000000000        2.99999999999999     
 -0.295000000000000       0.395000000000000        2.99999999999998     
 -0.295000000000000       0.405000000000000        2.99999999999998     
 -0.295000000000000       0.415000000000000        2.99999999999997     
 -0.295000000000000       0.425000000000000        2.99999999999998     
 -0.295000000000000       0.435000000000000        2.99999999999998     
 -0.295000000000000       0.445000000000000        2.99999999999998     
 -0.295000000000000       0.455000000000000        2.99999999999994     
 -0.295000000000000       0.465000000000000        2.99999999999998     
 -0.295000000000000       0.475000000000000        2.99999999999999     
 -0.295000000000000       0.485000000000000        2.99999999999999     
 -0.295000000000000       0.495000000000000        2.99999999999998     
 -0.285000000000000      -0.495000000000000        2.00000000000000     
 -0.285000000000000      -0.485000000000000        2.00000000000000     
 -0.285000000000000      -0.475000000000000        2.00000000000001     
 -0.285000000000000      -0.465000000000000        2.00000000000000     
 -0.285000000000000      -0.455000000000000        2.00000000000001     
 -0.285000000000000      -0.445000000000000        2.00000000000001     
 -0.285000000000000      -0.435000000000000        2.00000000000000     
 -0.285000000000000      -0.425000000000000        2.00000000000001     
 -0.285000000000000      -0.415000000000000        1.99999999999999     
 -0.285000000000000      -0.405000000000000        2.00000000000000     
 -0.285000000000000      -0.395000000000000        2.00000000000000     
 -0.285000000000000      -0.385000000000000        2.00000000000000     
 -0.285000000000000      -0.375000000000000        2.00000000000000     
 -0.285000000000000      -0.365000000000000        2.00000000000000     
 -0.285000000000000      -0.355000000000000        2.00000000000000     
 -0.285000000000000      -0.345000000000000        2.00000000000000     
 -0.285000000000000      -0.335000000000000        2.00000000000001     
 -0.285000000000000      -0.325000000000000        1.99999999999999     
 -0.285000000000000      -0.315000000000000        2.00000000000000     
 -0.285000000000000      -0.305000000000000        2.00000000000001     
 -0.285000000000000      -0.295000000000000        2.00000000000000     
 -0.285000000000000      -0.285000000000000        2.00000000000000     
 -0.285000000000000      -0.275000000000000        2.00000000000000     
 -0.285000000000000      -0.265000000000000        2.00000000000001     
 -0.285000000000000      -0.255000000000000        2.00000000000000     
 -0.285000000000000      -0.245000000000000        2.00000000000001     
 -0.285000000000000      -0.235000000000000        2.00000000000000     
 -0.285000000000000      -0.225000000000000        2.00000000000001     
 -0.285000000000000      -0.215000000000000        1.99999999999999     
 -0.285000000000000      -0.205000000000000        2.00000000000000     
 -0.285000000000000      -0.195000000000000        2.00000000000001     
 -0.285000000000000      -0.185000000000000        2.00000000000000     
 -0.285000000000000      -0.175000000000000        2.00000000000000     
 -0.285000000000000      -0.165000000000000        2.00000000000001     
 -0.285000000000000      -0.155000000000000        2.00000000000000     
 -0.285000000000000      -0.145000000000000        1.99999999999999     
 -0.285000000000000      -0.135000000000000        2.00000000000000     
 -0.285000000000000      -0.125000000000000        2.00000000000001     
 -0.285000000000000      -0.115000000000000        2.00000000000001     
 -0.285000000000000      -0.105000000000000        2.00000000000000     
 -0.285000000000000      -9.499999999999997E-002   2.00000000000000     
 -0.285000000000000      -8.500000000000002E-002   1.99999999999999     
 -0.285000000000000      -7.500000000000001E-002   2.00000000000000     
 -0.285000000000000      -6.500000000000000E-002   2.00000000000000     
 -0.285000000000000      -5.499999999999999E-002   2.00000000000000     
 -0.285000000000000      -4.499999999999998E-002   2.00000000000001     
 -0.285000000000000      -3.499999999999997E-002   2.00000000000000     
 -0.285000000000000      -2.500000000000002E-002   1.99999999999999     
 -0.285000000000000      -1.500000000000001E-002   2.00000000000001     
 -0.285000000000000      -5.000000000000000E-003   2.00000000000000     
 -0.285000000000000       5.000000000000009E-003   2.00000000000000     
 -0.285000000000000       1.500000000000002E-002   2.00000000000001     
 -0.285000000000000       2.500000000000003E-002   2.00000000000001     
 -0.285000000000000       3.500000000000004E-002   2.00000000000000     
 -0.285000000000000       4.500000000000005E-002   2.00000000000000     
 -0.285000000000000       5.500000000000006E-002   2.00000000000001     
 -0.285000000000000       6.500000000000006E-002   1.99999999999999     
 -0.285000000000000       7.499999999999996E-002   1.99999999999998     
 -0.285000000000000       8.499999999999996E-002   2.00000000000000     
 -0.285000000000000       9.499999999999997E-002   2.00000000000000     
 -0.285000000000000       0.105000000000000        2.00000000000000     
 -0.285000000000000       0.115000000000000        2.00000000000000     
 -0.285000000000000       0.125000000000000        2.00000000000002     
 -0.285000000000000       0.135000000000000        2.00000000155858     
 -0.285000000000000       0.145000000000000        2.00000029200053     
 -0.285000000000000       0.155000000000000        2.00001087855406     
 -0.285000000000000       0.165000000000000        2.00018484449695     
 -0.285000000000000       0.175000000000000        2.00174920489704     
 -0.285000000000000       0.185000000000000        2.01000629560606     
 -0.285000000000000       0.195000000000000        2.03684753590924     
 -0.285000000000000       0.205000000000000        2.09253055282319     
 -0.285000000000000       0.215000000000000        2.16941973755582     
 -0.285000000000000       0.225000000000000        2.25873984139605     
 -0.285000000000000       0.235000000000000        2.36075317701097     
 -0.285000000000000       0.245000000000000        2.45913545460266     
 -0.285000000000000       0.255000000000000        2.55464073605456     
 -0.285000000000000       0.265000000000000        2.64749684502974     
 -0.285000000000000       0.275000000000000        2.73708972756596     
 -0.285000000000000       0.285000000000000        2.82192756647225     
 -0.285000000000000       0.295000000000000        2.89873697186999     
 -0.285000000000000       0.305000000000000        2.95967077166052     
 -0.285000000000000       0.315000000000000        2.99147362099331     
 -0.285000000000000       0.325000000000000        2.99958625868074     
 -0.285000000000000       0.335000000000000        2.99999968526135     
 -0.285000000000000       0.345000000000000        2.99999999999994     
 -0.285000000000000       0.355000000000000        3.00000000000000     
 -0.285000000000000       0.365000000000000        3.00000000000001     
 -0.285000000000000       0.375000000000000        3.00000000000001     
 -0.285000000000000       0.385000000000000        3.00000000000001     
 -0.285000000000000       0.395000000000000        3.00000000000000     
 -0.285000000000000       0.405000000000000        3.00000000000000     
 -0.285000000000000       0.415000000000000        2.99999999999999     
 -0.285000000000000       0.425000000000000        3.00000000000000     
 -0.285000000000000       0.435000000000000        3.00000000000000     
 -0.285000000000000       0.445000000000000        3.00000000000000     
 -0.285000000000000       0.455000000000000        2.99999999999996     
 -0.285000000000000       0.465000000000000        2.99999999999999     
 -0.285000000000000       0.475000000000000        3.00000000000000     
 -0.285000000000000       0.485000000000000        3.00000000000001     
 -0.285000000000000       0.495000000000000        3.00000000000000     
 -0.275000000000000      -0.495000000000000        2.00000000000000     
 -0.275000000000000      -0.485000000000000        2.00000000000000     
 -0.275000000000000      -0.475000000000000        2.00000000000000     
 -0.275000000000000      -0.465000000000000        1.99999999999998     
 -0.275000000000000      -0.455000000000000        2.00000000000000     
 -0.275000000000000      -0.445000000000000        2.00000000000000     
 -0.275000000000000      -0.435000000000000        2.00000000000000     
 -0.275000000000000      -0.425000000000000        2.00000000000000     
 -0.275000000000000      -0.415000000000000        1.99999999999999     
 -0.275000000000000      -0.405000000000000        2.00000000000000     
 -0.275000000000000      -0.395000000000000        2.00000000000001     
 -0.275000000000000      -0.385000000000000        2.00000000000000     
 -0.275000000000000      -0.375000000000000        2.00000000000000     
 -0.275000000000000      -0.365000000000000        2.00000000000000     
 -0.275000000000000      -0.355000000000000        2.00000000000000     
 -0.275000000000000      -0.345000000000000        2.00000000000000     
 -0.275000000000000      -0.335000000000000        2.00000000000001     
 -0.275000000000000      -0.325000000000000        1.99999999999999     
 -0.275000000000000      -0.315000000000000        2.00000000000000     
 -0.275000000000000      -0.305000000000000        2.00000000000001     
 -0.275000000000000      -0.295000000000000        1.99999999999999     
 -0.275000000000000      -0.285000000000000        2.00000000000000     
 -0.275000000000000      -0.275000000000000        2.00000000000000     
 -0.275000000000000      -0.265000000000000        2.00000000000001     
 -0.275000000000000      -0.255000000000000        2.00000000000002     
 -0.275000000000000      -0.245000000000000        2.00000000000000     
 -0.275000000000000      -0.235000000000000        2.00000000000000     
 -0.275000000000000      -0.225000000000000        2.00000000000000     
 -0.275000000000000      -0.215000000000000        1.99999999999998     
 -0.275000000000000      -0.205000000000000        2.00000000000000     
 -0.275000000000000      -0.195000000000000        2.00000000000000     
 -0.275000000000000      -0.185000000000000        2.00000000000000     
 -0.275000000000000      -0.175000000000000        2.00000000000000     
 -0.275000000000000      -0.165000000000000        2.00000000000000     
 -0.275000000000000      -0.155000000000000        2.00000000000000     
 -0.275000000000000      -0.145000000000000        1.99999999999998     
 -0.275000000000000      -0.135000000000000        2.00000000000000     
 -0.275000000000000      -0.125000000000000        2.00000000000000     
 -0.275000000000000      -0.115000000000000        2.00000000000000     
 -0.275000000000000      -0.105000000000000        2.00000000000001     
 -0.275000000000000      -9.499999999999997E-002   2.00000000000000     
 -0.275000000000000      -8.500000000000002E-002   2.00000000000000     
 -0.275000000000000      -7.500000000000001E-002   2.00000000000000     
 -0.275000000000000      -6.500000000000000E-002   1.99999999999999     
 -0.275000000000000      -5.499999999999999E-002   2.00000000000000     
 -0.275000000000000      -4.499999999999998E-002   1.99999999999999     
 -0.275000000000000      -3.499999999999997E-002   2.00000000000000     
 -0.275000000000000      -2.500000000000002E-002   1.99999999999999     
 -0.275000000000000      -1.500000000000001E-002   2.00000000000000     
 -0.275000000000000      -5.000000000000000E-003   2.00000000000000     
 -0.275000000000000       5.000000000000009E-003   2.00000000000000     
 -0.275000000000000       1.500000000000002E-002   2.00000000000000     
 -0.275000000000000       2.500000000000003E-002   2.00000000000000     
 -0.275000000000000       3.500000000000004E-002   2.00000000000000     
 -0.275000000000000       4.500000000000005E-002   2.00000000000001     
 -0.275000000000000       5.500000000000006E-002   2.00000000000000     
 -0.275000000000000       6.500000000000006E-002   2.00000000000001     
 -0.275000000000000       7.499999999999996E-002   1.99999999999998     
 -0.275000000000000       8.499999999999996E-002   2.00000000000000     
 -0.275000000000000       9.499999999999997E-002   2.00000000000000     
 -0.275000000000000       0.105000000000000        2.00000000000002     
 -0.275000000000000       0.115000000000000        2.00000000000001     
 -0.275000000000000       0.125000000000000        2.00000000000002     
 -0.275000000000000       0.135000000000000        2.00000000155858     
 -0.275000000000000       0.145000000000000        2.00000029200052     
 -0.275000000000000       0.155000000000000        2.00001087855406     
 -0.275000000000000       0.165000000000000        2.00018484449695     
 -0.275000000000000       0.175000000000000        2.00174920489704     
 -0.275000000000000       0.185000000000000        2.01000629560607     
 -0.275000000000000       0.195000000000000        2.03684753590923     
 -0.275000000000000       0.205000000000000        2.09253055282320     
 -0.275000000000000       0.215000000000000        2.16941973755583     
 -0.275000000000000       0.225000000000000        2.25873984139605     
 -0.275000000000000       0.235000000000000        2.36075317701137     
 -0.275000000000000       0.245000000000000        2.45913545460174     
 -0.275000000000000       0.255000000000000        2.55464073605396     
 -0.275000000000000       0.265000000000000        2.64749684503081     
 -0.275000000000000       0.275000000000000        2.73708972756835     
 -0.275000000000000       0.285000000000000        2.82192756647431     
 -0.275000000000000       0.295000000000000        2.89873697187104     
 -0.275000000000000       0.305000000000000        2.95967077166100     
 -0.275000000000000       0.315000000000000        2.99147362099378     
 -0.275000000000000       0.325000000000000        2.99958625868078     
 -0.275000000000000       0.335000000000000        2.99999968526135     
 -0.275000000000000       0.345000000000000        2.99999999999994     
 -0.275000000000000       0.355000000000000        3.00000000000000     
 -0.275000000000000       0.365000000000000        3.00000000000000     
 -0.275000000000000       0.375000000000000        3.00000000000001     
 -0.275000000000000       0.385000000000000        3.00000000000001     
 -0.275000000000000       0.395000000000000        3.00000000000000     
 -0.275000000000000       0.405000000000000        3.00000000000000     
 -0.275000000000000       0.415000000000000        2.99999999999999     
 -0.275000000000000       0.425000000000000        3.00000000000001     
 -0.275000000000000       0.435000000000000        2.99999999999999     
 -0.275000000000000       0.445000000000000        2.99999999999999     
 -0.275000000000000       0.455000000000000        2.99999999999996     
 -0.275000000000000       0.465000000000000        3.00000000000000     
 -0.275000000000000       0.475000000000000        3.00000000000000     
 -0.275000000000000       0.485000000000000        2.99999999999999     
 -0.275000000000000       0.495000000000000        3.00000000000000     
 -0.265000000000000      -0.495000000000000        2.00000000000000     
 -0.265000000000000      -0.485000000000000        2.00000000000001     
 -0.265000000000000      -0.475000000000000        2.00000000000000     
 -0.265000000000000      -0.465000000000000        1.99999999999999     
 -0.265000000000000      -0.455000000000000        2.00000000000000     
 -0.265000000000000      -0.445000000000000        2.00000000000000     
 -0.265000000000000      -0.435000000000000        2.00000000000000     
 -0.265000000000000      -0.425000000000000        2.00000000000000     
 -0.265000000000000      -0.415000000000000        1.99999999999999     
 -0.265000000000000      -0.405000000000000        2.00000000000000     
 -0.265000000000000      -0.395000000000000        2.00000000000001     
 -0.265000000000000      -0.385000000000000        1.99999999999999     
 -0.265000000000000      -0.375000000000000        2.00000000000000     
 -0.265000000000000      -0.365000000000000        2.00000000000000     
 -0.265000000000000      -0.355000000000000        2.00000000000000     
 -0.265000000000000      -0.345000000000000        2.00000000000000     
 -0.265000000000000      -0.335000000000000        2.00000000000000     
 -0.265000000000000      -0.325000000000000        1.99999999999999     
 -0.265000000000000      -0.315000000000000        2.00000000000000     
 -0.265000000000000      -0.305000000000000        2.00000000000000     
 -0.265000000000000      -0.295000000000000        1.99999999999999     
 -0.265000000000000      -0.285000000000000        2.00000000000000     
 -0.265000000000000      -0.275000000000000        2.00000000000000     
 -0.265000000000000      -0.265000000000000        2.00000000000001     
 -0.265000000000000      -0.255000000000000        2.00000000000001     
 -0.265000000000000      -0.245000000000000        2.00000000000000     
 -0.265000000000000      -0.235000000000000        2.00000000000000     
 -0.265000000000000      -0.225000000000000        2.00000000000000     
 -0.265000000000000      -0.215000000000000        1.99999999999999     
 -0.265000000000000      -0.205000000000000        2.00000000000001     
 -0.265000000000000      -0.195000000000000        2.00000000000000     
 -0.265000000000000      -0.185000000000000        2.00000000000000     
 -0.265000000000000      -0.175000000000000        2.00000000000000     
 -0.265000000000000      -0.165000000000000        2.00000000000000     
 -0.265000000000000      -0.155000000000000        2.00000000000000     
 -0.265000000000000      -0.145000000000000        1.99999999999999     
 -0.265000000000000      -0.135000000000000        2.00000000000001     
 -0.265000000000000      -0.125000000000000        2.00000000000001     
 -0.265000000000000      -0.115000000000000        2.00000000000000     
 -0.265000000000000      -0.105000000000000        1.99999999999999     
 -0.265000000000000      -9.499999999999997E-002   2.00000000000000     
 -0.265000000000000      -8.500000000000002E-002   1.99999999999999     
 -0.265000000000000      -7.500000000000001E-002   2.00000000000000     
 -0.265000000000000      -6.500000000000000E-002   2.00000000000000     
 -0.265000000000000      -5.499999999999999E-002   2.00000000000000     
 -0.265000000000000      -4.499999999999998E-002   2.00000000000000     
 -0.265000000000000      -3.499999999999997E-002   2.00000000000000     
 -0.265000000000000      -2.500000000000002E-002   1.99999999999999     
 -0.265000000000000      -1.500000000000001E-002   2.00000000000000     
 -0.265000000000000      -5.000000000000000E-003   2.00000000000001     
 -0.265000000000000       5.000000000000009E-003   2.00000000000000     
 -0.265000000000000       1.500000000000002E-002   1.99999999999999     
 -0.265000000000000       2.500000000000003E-002   1.99999999999999     
 -0.265000000000000       3.500000000000004E-002   2.00000000000000     
 -0.265000000000000       4.500000000000005E-002   2.00000000000001     
 -0.265000000000000       5.500000000000006E-002   2.00000000000001     
 -0.265000000000000       6.500000000000006E-002   2.00000000000001     
 -0.265000000000000       7.499999999999996E-002   1.99999999999998     
 -0.265000000000000       8.499999999999996E-002   2.00000000000000     
 -0.265000000000000       9.499999999999997E-002   2.00000000000000     
 -0.265000000000000       0.105000000000000        2.00000000000000     
 -0.265000000000000       0.115000000000000        2.00000000000001     
 -0.265000000000000       0.125000000000000        2.00000000000002     
 -0.265000000000000       0.135000000000000        2.00000000155858     
 -0.265000000000000       0.145000000000000        2.00000029200053     
 -0.265000000000000       0.155000000000000        2.00001087855406     
 -0.265000000000000       0.165000000000000        2.00018484449695     
 -0.265000000000000       0.175000000000000        2.00174920489703     
 -0.265000000000000       0.185000000000000        2.01000629560606     
 -0.265000000000000       0.195000000000000        2.03684753590924     
 -0.265000000000000       0.205000000000000        2.09253055282320     
 -0.265000000000000       0.215000000000000        2.16941973755582     
 -0.265000000000000       0.225000000000000        2.25873984139607     
 -0.265000000000000       0.235000000000000        2.36075317701124     
 -0.265000000000000       0.245000000000000        2.45913545460167     
 -0.265000000000000       0.255000000000000        2.55464073605397     
 -0.265000000000000       0.265000000000000        2.64749684503231     
 -0.265000000000000       0.275000000000000        2.73708972757234     
 -0.265000000000000       0.285000000000000        2.82192756647891     
 -0.265000000000000       0.295000000000000        2.89873697187221     
 -0.265000000000000       0.305000000000000        2.95967077165799     
 -0.265000000000000       0.315000000000000        2.99147362099202     
 -0.265000000000000       0.325000000000000        2.99958625868061     
 -0.265000000000000       0.335000000000000        2.99999968526135     
 -0.265000000000000       0.345000000000000        2.99999999999993     
 -0.265000000000000       0.355000000000000        3.00000000000000     
 -0.265000000000000       0.365000000000000        3.00000000000001     
 -0.265000000000000       0.375000000000000        3.00000000000001     
 -0.265000000000000       0.385000000000000        3.00000000000001     
 -0.265000000000000       0.395000000000000        3.00000000000000     
 -0.265000000000000       0.405000000000000        3.00000000000001     
 -0.265000000000000       0.415000000000000        3.00000000000002     
 -0.265000000000000       0.425000000000000        2.99999999999999     
 -0.265000000000000       0.435000000000000        2.99999999999999     
 -0.265000000000000       0.445000000000000        3.00000000000000     
 -0.265000000000000       0.455000000000000        2.99999999999996     
 -0.265000000000000       0.465000000000000        3.00000000000000     
 -0.265000000000000       0.475000000000000        3.00000000000001     
 -0.265000000000000       0.485000000000000        3.00000000000000     
 -0.265000000000000       0.495000000000000        3.00000000000001     
 -0.255000000000000      -0.495000000000000        2.00000000000000     
 -0.255000000000000      -0.485000000000000        2.00000000000000     
 -0.255000000000000      -0.475000000000000        1.99999999999999     
 -0.255000000000000      -0.465000000000000        1.99999999999999     
 -0.255000000000000      -0.455000000000000        2.00000000000000     
 -0.255000000000000      -0.445000000000000        2.00000000000000     
 -0.255000000000000      -0.435000000000000        2.00000000000000     
 -0.255000000000000      -0.425000000000000        2.00000000000000     
 -0.255000000000000      -0.415000000000000        1.99999999999999     
 -0.255000000000000      -0.405000000000000        2.00000000000000     
 -0.255000000000000      -0.395000000000000        2.00000000000000     
 -0.255000000000000      -0.385000000000000        2.00000000000000     
 -0.255000000000000      -0.375000000000000        2.00000000000001     
 -0.255000000000000      -0.365000000000000        2.00000000000000     
 -0.255000000000000      -0.355000000000000        2.00000000000001     
 -0.255000000000000      -0.345000000000000        2.00000000000000     
 -0.255000000000000      -0.335000000000000        2.00000000000001     
 -0.255000000000000      -0.325000000000000        1.99999999999998     
 -0.255000000000000      -0.315000000000000        2.00000000000000     
 -0.255000000000000      -0.305000000000000        2.00000000000000     
 -0.255000000000000      -0.295000000000000        1.99999999999999     
 -0.255000000000000      -0.285000000000000        2.00000000000000     
 -0.255000000000000      -0.275000000000000        2.00000000000000     
 -0.255000000000000      -0.265000000000000        2.00000000000000     
 -0.255000000000000      -0.255000000000000        2.00000000000000     
 -0.255000000000000      -0.245000000000000        2.00000000000000     
 -0.255000000000000      -0.235000000000000        2.00000000000000     
 -0.255000000000000      -0.225000000000000        2.00000000000001     
 -0.255000000000000      -0.215000000000000        2.00000000000000     
 -0.255000000000000      -0.205000000000000        2.00000000000001     
 -0.255000000000000      -0.195000000000000        2.00000000000000     
 -0.255000000000000      -0.185000000000000        2.00000000000000     
 -0.255000000000000      -0.175000000000000        2.00000000000001     
 -0.255000000000000      -0.165000000000000        1.99999999999999     
 -0.255000000000000      -0.155000000000000        2.00000000000000     
 -0.255000000000000      -0.145000000000000        1.99999999999999     
 -0.255000000000000      -0.135000000000000        2.00000000000001     
 -0.255000000000000      -0.125000000000000        2.00000000000001     
 -0.255000000000000      -0.115000000000000        2.00000000000001     
 -0.255000000000000      -0.105000000000000        2.00000000000001     
 -0.255000000000000      -9.499999999999997E-002   2.00000000000001     
 -0.255000000000000      -8.500000000000002E-002   1.99999999999999     
 -0.255000000000000      -7.500000000000001E-002   2.00000000000000     
 -0.255000000000000      -6.500000000000000E-002   2.00000000000000     
 -0.255000000000000      -5.499999999999999E-002   2.00000000000000     
 -0.255000000000000      -4.499999999999998E-002   2.00000000000000     
 -0.255000000000000      -3.499999999999997E-002   2.00000000000000     
 -0.255000000000000      -2.500000000000002E-002   1.99999999999999     
 -0.255000000000000      -1.500000000000001E-002   2.00000000000000     
 -0.255000000000000      -5.000000000000000E-003   2.00000000000001     
 -0.255000000000000       5.000000000000009E-003   2.00000000000001     
 -0.255000000000000       1.500000000000002E-002   2.00000000000001     
 -0.255000000000000       2.500000000000003E-002   2.00000000000000     
 -0.255000000000000       3.500000000000004E-002   2.00000000000001     
 -0.255000000000000       4.500000000000005E-002   2.00000000000001     
 -0.255000000000000       5.500000000000006E-002   2.00000000000000     
 -0.255000000000000       6.500000000000006E-002   2.00000000000000     
 -0.255000000000000       7.499999999999996E-002   1.99999999999999     
 -0.255000000000000       8.499999999999996E-002   2.00000000000000     
 -0.255000000000000       9.499999999999997E-002   2.00000000000000     
 -0.255000000000000       0.105000000000000        2.00000000000000     
 -0.255000000000000       0.115000000000000        2.00000000000001     
 -0.255000000000000       0.125000000000000        2.00000000000003     
 -0.255000000000000       0.135000000000000        2.00000000155860     
 -0.255000000000000       0.145000000000000        2.00000029200052     
 -0.255000000000000       0.155000000000000        2.00001087855406     
 -0.255000000000000       0.165000000000000        2.00018484449695     
 -0.255000000000000       0.175000000000000        2.00174920489704     
 -0.255000000000000       0.185000000000000        2.01000629560606     
 -0.255000000000000       0.195000000000000        2.03684753590924     
 -0.255000000000000       0.205000000000000        2.09253055282319     
 -0.255000000000000       0.215000000000000        2.16941973755582     
 -0.255000000000000       0.225000000000000        2.25873984139606     
 -0.255000000000000       0.235000000000000        2.36075317701091     
 -0.255000000000000       0.245000000000000        2.45913545460226     
 -0.255000000000000       0.255000000000000        2.55464073605439     
 -0.255000000000000       0.265000000000000        2.64749684503250     
 -0.255000000000000       0.275000000000000        2.73708972757343     
 -0.255000000000000       0.285000000000000        2.82192756648067     
 -0.255000000000000       0.295000000000000        2.89873697187110     
 -0.255000000000000       0.305000000000000        2.95967077165208     
 -0.255000000000000       0.315000000000000        2.99147362098912     
 -0.255000000000000       0.325000000000000        2.99958625868026     
 -0.255000000000000       0.335000000000000        2.99999968526134     
 -0.255000000000000       0.345000000000000        2.99999999999993     
 -0.255000000000000       0.355000000000000        3.00000000000000     
 -0.255000000000000       0.365000000000000        3.00000000000001     
 -0.255000000000000       0.375000000000000        3.00000000000001     
 -0.255000000000000       0.385000000000000        3.00000000000001     
 -0.255000000000000       0.395000000000000        2.99999999999999     
 -0.255000000000000       0.405000000000000        3.00000000000000     
 -0.255000000000000       0.415000000000000        3.00000000000001     
 -0.255000000000000       0.425000000000000        3.00000000000000     
 -0.255000000000000       0.435000000000000        3.00000000000000     
 -0.255000000000000       0.445000000000000        2.99999999999999     
 -0.255000000000000       0.455000000000000        2.99999999999995     
 -0.255000000000000       0.465000000000000        3.00000000000000     
 -0.255000000000000       0.475000000000000        3.00000000000001     
 -0.255000000000000       0.485000000000000        3.00000000000000     
 -0.255000000000000       0.495000000000000        3.00000000000001     
 -0.245000000000000      -0.495000000000000        2.00000000000001     
 -0.245000000000000      -0.485000000000000        2.00000000000001     
 -0.245000000000000      -0.475000000000000        2.00000000000001     
 -0.245000000000000      -0.465000000000000        2.00000000000000     
 -0.245000000000000      -0.455000000000000        2.00000000000000     
 -0.245000000000000      -0.445000000000000        2.00000000000000     
 -0.245000000000000      -0.435000000000000        2.00000000000000     
 -0.245000000000000      -0.425000000000000        1.99999999999999     
 -0.245000000000000      -0.415000000000000        1.99999999999998     
 -0.245000000000000      -0.405000000000000        2.00000000000000     
 -0.245000000000000      -0.395000000000000        2.00000000000000     
 -0.245000000000000      -0.385000000000000        2.00000000000000     
 -0.245000000000000      -0.375000000000000        2.00000000000001     
 -0.245000000000000      -0.365000000000000        2.00000000000000     
 -0.245000000000000      -0.355000000000000        2.00000000000001     
 -0.245000000000000      -0.345000000000000        2.00000000000000     
 -0.245000000000000      -0.335000000000000        2.00000000000000     
 -0.245000000000000      -0.325000000000000        2.00000000000000     
 -0.245000000000000      -0.315000000000000        2.00000000000001     
 -0.245000000000000      -0.305000000000000        2.00000000000001     
 -0.245000000000000      -0.295000000000000        1.99999999999999     
 -0.245000000000000      -0.285000000000000        2.00000000000000     
 -0.245000000000000      -0.275000000000000        2.00000000000000     
 -0.245000000000000      -0.265000000000000        2.00000000000001     
 -0.245000000000000      -0.255000000000000        2.00000000000001     
 -0.245000000000000      -0.245000000000000        2.00000000000001     
 -0.245000000000000      -0.235000000000000        2.00000000000000     
 -0.245000000000000      -0.225000000000000        2.00000000000000     
 -0.245000000000000      -0.215000000000000        2.00000000000000     
 -0.245000000000000      -0.205000000000000        2.00000000000000     
 -0.245000000000000      -0.195000000000000        2.00000000000000     
 -0.245000000000000      -0.185000000000000        2.00000000000000     
 -0.245000000000000      -0.175000000000000        2.00000000000001     
 -0.245000000000000      -0.165000000000000        2.00000000000001     
 -0.245000000000000      -0.155000000000000        2.00000000000000     
 -0.245000000000000      -0.145000000000000        1.99999999999999     
 -0.245000000000000      -0.135000000000000        2.00000000000001     
 -0.245000000000000      -0.125000000000000        2.00000000000000     
 -0.245000000000000      -0.115000000000000        2.00000000000000     
 -0.245000000000000      -0.105000000000000        2.00000000000000     
 -0.245000000000000      -9.499999999999997E-002   2.00000000000001     
 -0.245000000000000      -8.500000000000002E-002   2.00000000000000     
 -0.245000000000000      -7.500000000000001E-002   2.00000000000000     
 -0.245000000000000      -6.500000000000000E-002   2.00000000000000     
 -0.245000000000000      -5.499999999999999E-002   2.00000000000001     
 -0.245000000000000      -4.499999999999998E-002   2.00000000000000     
 -0.245000000000000      -3.499999999999997E-002   2.00000000000000     
 -0.245000000000000      -2.500000000000002E-002   1.99999999999999     
 -0.245000000000000      -1.500000000000001E-002   2.00000000000001     
 -0.245000000000000      -5.000000000000000E-003   2.00000000000000     
 -0.245000000000000       5.000000000000009E-003   2.00000000000001     
 -0.245000000000000       1.500000000000002E-002   2.00000000000001     
 -0.245000000000000       2.500000000000003E-002   2.00000000000001     
 -0.245000000000000       3.500000000000004E-002   2.00000000000000     
 -0.245000000000000       4.500000000000005E-002   2.00000000000001     
 -0.245000000000000       5.500000000000006E-002   2.00000000000001     
 -0.245000000000000       6.500000000000006E-002   2.00000000000001     
 -0.245000000000000       7.499999999999996E-002   1.99999999999998     
 -0.245000000000000       8.499999999999996E-002   2.00000000000000     
 -0.245000000000000       9.499999999999997E-002   2.00000000000001     
 -0.245000000000000       0.105000000000000        2.00000000000001     
 -0.245000000000000       0.115000000000000        2.00000000000000     
 -0.245000000000000       0.125000000000000        2.00000000000003     
 -0.245000000000000       0.135000000000000        2.00000000155858     
 -0.245000000000000       0.145000000000000        2.00000029200052     
 -0.245000000000000       0.155000000000000        2.00001087855406     
 -0.245000000000000       0.165000000000000        2.00018484449694     
 -0.245000000000000       0.175000000000000        2.00174920489704     
 -0.245000000000000       0.185000000000000        2.01000629560606     
 -0.245000000000000       0.195000000000000        2.03684753590924     
 -0.245000000000000       0.205000000000000        2.09253055282319     
 -0.245000000000000       0.215000000000000        2.16941973755583     
 -0.245000000000000       0.225000000000000        2.25873984139606     
 -0.245000000000000       0.235000000000000        2.36075317701074     
 -0.245000000000000       0.245000000000000        2.45913545460269     
 -0.245000000000000       0.255000000000000        2.55464073605462     
 -0.245000000000000       0.265000000000000        2.64749684503136     
 -0.245000000000000       0.275000000000000        2.73708972757092     
 -0.245000000000000       0.285000000000000        2.82192756647800     
 -0.245000000000000       0.295000000000000        2.89873697186863     
 -0.245000000000000       0.305000000000000        2.95967077164949     
 -0.245000000000000       0.315000000000000        2.99147362098765     
 -0.245000000000000       0.325000000000000        2.99958625868005     
 -0.245000000000000       0.335000000000000        2.99999968526134     
 -0.245000000000000       0.345000000000000        2.99999999999994     
 -0.245000000000000       0.355000000000000        3.00000000000001     
 -0.245000000000000       0.365000000000000        3.00000000000001     
 -0.245000000000000       0.375000000000000        3.00000000000000     
 -0.245000000000000       0.385000000000000        3.00000000000000     
 -0.245000000000000       0.395000000000000        3.00000000000000     
 -0.245000000000000       0.405000000000000        3.00000000000000     
 -0.245000000000000       0.415000000000000        3.00000000000000     
 -0.245000000000000       0.425000000000000        3.00000000000000     
 -0.245000000000000       0.435000000000000        2.99999999999999     
 -0.245000000000000       0.445000000000000        3.00000000000000     
 -0.245000000000000       0.455000000000000        2.99999999999997     
 -0.245000000000000       0.465000000000000        3.00000000000000     
 -0.245000000000000       0.475000000000000        2.99999999999999     
 -0.245000000000000       0.485000000000000        3.00000000000000     
 -0.245000000000000       0.495000000000000        3.00000000000001     
 -0.235000000000000      -0.495000000000000        2.00000000000000     
 -0.235000000000000      -0.485000000000000        2.00000000000000     
 -0.235000000000000      -0.475000000000000        2.00000000000000     
 -0.235000000000000      -0.465000000000000        1.99999999999999     
 -0.235000000000000      -0.455000000000000        2.00000000000001     
 -0.235000000000000      -0.445000000000000        2.00000000000000     
 -0.235000000000000      -0.435000000000000        2.00000000000000     
 -0.235000000000000      -0.425000000000000        2.00000000000001     
 -0.235000000000000      -0.415000000000000        2.00000000000000     
 -0.235000000000000      -0.405000000000000        2.00000000000000     
 -0.235000000000000      -0.395000000000000        2.00000000000000     
 -0.235000000000000      -0.385000000000000        2.00000000000000     
 -0.235000000000000      -0.375000000000000        2.00000000000000     
 -0.235000000000000      -0.365000000000000        2.00000000000000     
 -0.235000000000000      -0.355000000000000        1.99999999999999     
 -0.235000000000000      -0.345000000000000        1.99999999999999     
 -0.235000000000000      -0.335000000000000        2.00000000000000     
 -0.235000000000000      -0.325000000000000        2.00000000000000     
 -0.235000000000000      -0.315000000000000        2.00000000000000     
 -0.235000000000000      -0.305000000000000        2.00000000000000     
 -0.235000000000000      -0.295000000000000        1.99999999999999     
 -0.235000000000000      -0.285000000000000        2.00000000000001     
 -0.235000000000000      -0.275000000000000        2.00000000000000     
 -0.235000000000000      -0.265000000000000        2.00000000000000     
 -0.235000000000000      -0.255000000000000        2.00000000000001     
 -0.235000000000000      -0.245000000000000        2.00000000000000     
 -0.235000000000000      -0.235000000000000        2.00000000000001     
 -0.235000000000000      -0.225000000000000        2.00000000000000     
 -0.235000000000000      -0.215000000000000        1.99999999999999     
 -0.235000000000000      -0.205000000000000        2.00000000000000     
 -0.235000000000000      -0.195000000000000        2.00000000000000     
 -0.235000000000000      -0.185000000000000        2.00000000000000     
 -0.235000000000000      -0.175000000000000        2.00000000000001     
 -0.235000000000000      -0.165000000000000        2.00000000000000     
 -0.235000000000000      -0.155000000000000        2.00000000000000     
 -0.235000000000000      -0.145000000000000        2.00000000000000     
 -0.235000000000000      -0.135000000000000        2.00000000000000     
 -0.235000000000000      -0.125000000000000        2.00000000000000     
 -0.235000000000000      -0.115000000000000        2.00000000000001     
 -0.235000000000000      -0.105000000000000        2.00000000000001     
 -0.235000000000000      -9.499999999999997E-002   2.00000000000001     
 -0.235000000000000      -8.500000000000002E-002   1.99999999999999     
 -0.235000000000000      -7.500000000000001E-002   2.00000000000001     
 -0.235000000000000      -6.500000000000000E-002   2.00000000000000     
 -0.235000000000000      -5.499999999999999E-002   2.00000000000000     
 -0.235000000000000      -4.499999999999998E-002   2.00000000000001     
 -0.235000000000000      -3.499999999999997E-002   2.00000000000001     
 -0.235000000000000      -2.500000000000002E-002   2.00000000000000     
 -0.235000000000000      -1.500000000000001E-002   2.00000000000001     
 -0.235000000000000      -5.000000000000000E-003   2.00000000000000     
 -0.235000000000000       5.000000000000009E-003   2.00000000000001     
 -0.235000000000000       1.500000000000002E-002   2.00000000000000     
 -0.235000000000000       2.500000000000003E-002   2.00000000000000     
 -0.235000000000000       3.500000000000004E-002   2.00000000000001     
 -0.235000000000000       4.500000000000005E-002   2.00000000000001     
 -0.235000000000000       5.500000000000006E-002   2.00000000000001     
 -0.235000000000000       6.500000000000006E-002   2.00000000000001     
 -0.235000000000000       7.499999999999996E-002   1.99999999999998     
 -0.235000000000000       8.499999999999996E-002   2.00000000000000     
 -0.235000000000000       9.499999999999997E-002   2.00000000000000     
 -0.235000000000000       0.105000000000000        2.00000000000001     
 -0.235000000000000       0.115000000000000        2.00000000000001     
 -0.235000000000000       0.125000000000000        2.00000000000002     
 -0.235000000000000       0.135000000000000        2.00000000155858     
 -0.235000000000000       0.145000000000000        2.00000029200053     
 -0.235000000000000       0.155000000000000        2.00001087855406     
 -0.235000000000000       0.165000000000000        2.00018484449695     
 -0.235000000000000       0.175000000000000        2.00174920489704     
 -0.235000000000000       0.185000000000000        2.01000629560606     
 -0.235000000000000       0.195000000000000        2.03684753590924     
 -0.235000000000000       0.205000000000000        2.09253055282319     
 -0.235000000000000       0.215000000000000        2.16941973755582     
 -0.235000000000000       0.225000000000000        2.25873984139605     
 -0.235000000000000       0.235000000000000        2.36075317701078     
 -0.235000000000000       0.245000000000000        2.45913545460267     
 -0.235000000000000       0.255000000000000        2.55464073605460     
 -0.235000000000000       0.265000000000000        2.64749684503067     
 -0.235000000000000       0.275000000000000        2.73708972756858     
 -0.235000000000000       0.285000000000000        2.82192756647505     
 -0.235000000000000       0.295000000000000        2.89873697186832     
 -0.235000000000000       0.305000000000000        2.95967077165193     
 -0.235000000000000       0.315000000000000        2.99147362098895     
 -0.235000000000000       0.325000000000000        2.99958625868017     
 -0.235000000000000       0.335000000000000        2.99999968526135     
 -0.235000000000000       0.345000000000000        2.99999999999993     
 -0.235000000000000       0.355000000000000        3.00000000000000     
 -0.235000000000000       0.365000000000000        3.00000000000000     
 -0.235000000000000       0.375000000000000        3.00000000000000     
 -0.235000000000000       0.385000000000000        3.00000000000000     
 -0.235000000000000       0.395000000000000        3.00000000000000     
 -0.235000000000000       0.405000000000000        2.99999999999999     
 -0.235000000000000       0.415000000000000        2.99999999999999     
 -0.235000000000000       0.425000000000000        2.99999999999999     
 -0.235000000000000       0.435000000000000        2.99999999999999     
 -0.235000000000000       0.445000000000000        2.99999999999999     
 -0.235000000000000       0.455000000000000        2.99999999999997     
 -0.235000000000000       0.465000000000000        3.00000000000000     
 -0.235000000000000       0.475000000000000        3.00000000000000     
 -0.235000000000000       0.485000000000000        2.99999999999999     
 -0.235000000000000       0.495000000000000        3.00000000000001     
 -0.225000000000000      -0.495000000000000        2.00000000000000     
 -0.225000000000000      -0.485000000000000        2.00000000000000     
 -0.225000000000000      -0.475000000000000        1.99999999999999     
 -0.225000000000000      -0.465000000000000        1.99999999999999     
 -0.225000000000000      -0.455000000000000        2.00000000000000     
 -0.225000000000000      -0.445000000000000        2.00000000000000     
 -0.225000000000000      -0.435000000000000        2.00000000000000     
 -0.225000000000000      -0.425000000000000        2.00000000000000     
 -0.225000000000000      -0.415000000000000        2.00000000000000     
 -0.225000000000000      -0.405000000000000        2.00000000000000     
 -0.225000000000000      -0.395000000000000        2.00000000000000     
 -0.225000000000000      -0.385000000000000        2.00000000000000     
 -0.225000000000000      -0.375000000000000        2.00000000000000     
 -0.225000000000000      -0.365000000000000        2.00000000000000     
 -0.225000000000000      -0.355000000000000        2.00000000000000     
 -0.225000000000000      -0.345000000000000        2.00000000000000     
 -0.225000000000000      -0.335000000000000        2.00000000000000     
 -0.225000000000000      -0.325000000000000        1.99999999999999     
 -0.225000000000000      -0.315000000000000        2.00000000000000     
 -0.225000000000000      -0.305000000000000        2.00000000000000     
 -0.225000000000000      -0.295000000000000        2.00000000000000     
 -0.225000000000000      -0.285000000000000        2.00000000000000     
 -0.225000000000000      -0.275000000000000        2.00000000000001     
 -0.225000000000000      -0.265000000000000        2.00000000000001     
 -0.225000000000000      -0.255000000000000        2.00000000000000     
 -0.225000000000000      -0.245000000000000        2.00000000000000     
 -0.225000000000000      -0.235000000000000        2.00000000000001     
 -0.225000000000000      -0.225000000000000        2.00000000000001     
 -0.225000000000000      -0.215000000000000        1.99999999999999     
 -0.225000000000000      -0.205000000000000        2.00000000000000     
 -0.225000000000000      -0.195000000000000        2.00000000000000     
 -0.225000000000000      -0.185000000000000        2.00000000000000     
 -0.225000000000000      -0.175000000000000        2.00000000000000     
 -0.225000000000000      -0.165000000000000        2.00000000000000     
 -0.225000000000000      -0.155000000000000        2.00000000000000     
 -0.225000000000000      -0.145000000000000        1.99999999999999     
 -0.225000000000000      -0.135000000000000        2.00000000000001     
 -0.225000000000000      -0.125000000000000        2.00000000000000     
 -0.225000000000000      -0.115000000000000        2.00000000000001     
 -0.225000000000000      -0.105000000000000        2.00000000000001     
 -0.225000000000000      -9.499999999999997E-002   2.00000000000001     
 -0.225000000000000      -8.500000000000002E-002   1.99999999999999     
 -0.225000000000000      -7.500000000000001E-002   2.00000000000000     
 -0.225000000000000      -6.500000000000000E-002   2.00000000000000     
 -0.225000000000000      -5.499999999999999E-002   2.00000000000000     
 -0.225000000000000      -4.499999999999998E-002   2.00000000000001     
 -0.225000000000000      -3.499999999999997E-002   2.00000000000000     
 -0.225000000000000      -2.500000000000002E-002   2.00000000000000     
 -0.225000000000000      -1.500000000000001E-002   2.00000000000001     
 -0.225000000000000      -5.000000000000000E-003   2.00000000000000     
 -0.225000000000000       5.000000000000009E-003   2.00000000000000     
 -0.225000000000000       1.500000000000002E-002   2.00000000000000     
 -0.225000000000000       2.500000000000003E-002   2.00000000000000     
 -0.225000000000000       3.500000000000004E-002   2.00000000000000     
 -0.225000000000000       4.500000000000005E-002   2.00000000000000     
 -0.225000000000000       5.500000000000006E-002   2.00000000000001     
 -0.225000000000000       6.500000000000006E-002   2.00000000000001     
 -0.225000000000000       7.499999999999996E-002   1.99999999999998     
 -0.225000000000000       8.499999999999996E-002   2.00000000000000     
 -0.225000000000000       9.499999999999997E-002   2.00000000000000     
 -0.225000000000000       0.105000000000000        2.00000000000000     
 -0.225000000000000       0.115000000000000        2.00000000000000     
 -0.225000000000000       0.125000000000000        2.00000000000002     
 -0.225000000000000       0.135000000000000        2.00000000155859     
 -0.225000000000000       0.145000000000000        2.00000029200052     
 -0.225000000000000       0.155000000000000        2.00001087855406     
 -0.225000000000000       0.165000000000000        2.00018484449695     
 -0.225000000000000       0.175000000000000        2.00174920489704     
 -0.225000000000000       0.185000000000000        2.01000629560606     
 -0.225000000000000       0.195000000000000        2.03684753590924     
 -0.225000000000000       0.205000000000000        2.09253055282319     
 -0.225000000000000       0.215000000000000        2.16941973755583     
 -0.225000000000000       0.225000000000000        2.25873984139606     
 -0.225000000000000       0.235000000000000        2.36075317701079     
 -0.225000000000000       0.245000000000000        2.45913545460262     
 -0.225000000000000       0.255000000000000        2.55464073605461     
 -0.225000000000000       0.265000000000000        2.64749684503081     
 -0.225000000000000       0.275000000000000        2.73708972756858     
 -0.225000000000000       0.285000000000000        2.82192756647494     
 -0.225000000000000       0.295000000000000        2.89873697186998     
 -0.225000000000000       0.305000000000000        2.95967077165687     
 -0.225000000000000       0.315000000000000        2.99147362099157     
 -0.225000000000000       0.325000000000000        2.99958625868053     
 -0.225000000000000       0.335000000000000        2.99999968526135     
 -0.225000000000000       0.345000000000000        2.99999999999993     
 -0.225000000000000       0.355000000000000        2.99999999999999     
 -0.225000000000000       0.365000000000000        3.00000000000000     
 -0.225000000000000       0.375000000000000        3.00000000000001     
 -0.225000000000000       0.385000000000000        3.00000000000000     
 -0.225000000000000       0.395000000000000        3.00000000000000     
 -0.225000000000000       0.405000000000000        2.99999999999999     
 -0.225000000000000       0.415000000000000        2.99999999999999     
 -0.225000000000000       0.425000000000000        2.99999999999999     
 -0.225000000000000       0.435000000000000        2.99999999999999     
 -0.225000000000000       0.445000000000000        2.99999999999999     
 -0.225000000000000       0.455000000000000        2.99999999999996     
 -0.225000000000000       0.465000000000000        2.99999999999999     
 -0.225000000000000       0.475000000000000        3.00000000000000     
 -0.225000000000000       0.485000000000000        3.00000000000000     
 -0.225000000000000       0.495000000000000        3.00000000000001     
 -0.215000000000000      -0.495000000000000        1.99999999999999     
 -0.215000000000000      -0.485000000000000        1.99999999999999     
 -0.215000000000000      -0.475000000000000        1.99999999999999     
 -0.215000000000000      -0.465000000000000        1.99999999999999     
 -0.215000000000000      -0.455000000000000        1.99999999999999     
 -0.215000000000000      -0.445000000000000        1.99999999999999     
 -0.215000000000000      -0.435000000000000        1.99999999999999     
 -0.215000000000000      -0.425000000000000        1.99999999999999     
 -0.215000000000000      -0.415000000000000        1.99999999999998     
 -0.215000000000000      -0.405000000000000        1.99999999999999     
 -0.215000000000000      -0.395000000000000        1.99999999999999     
 -0.215000000000000      -0.385000000000000        1.99999999999999     
 -0.215000000000000      -0.375000000000000        1.99999999999999     
 -0.215000000000000      -0.365000000000000        1.99999999999999     
 -0.215000000000000      -0.355000000000000        1.99999999999999     
 -0.215000000000000      -0.345000000000000        1.99999999999999     
 -0.215000000000000      -0.335000000000000        1.99999999999999     
 -0.215000000000000      -0.325000000000000        1.99999999999998     
 -0.215000000000000      -0.315000000000000        1.99999999999999     
 -0.215000000000000      -0.305000000000000        1.99999999999999     
 -0.215000000000000      -0.295000000000000        1.99999999999998     
 -0.215000000000000      -0.285000000000000        2.00000000000000     
 -0.215000000000000      -0.275000000000000        1.99999999999999     
 -0.215000000000000      -0.265000000000000        1.99999999999999     
 -0.215000000000000      -0.255000000000000        1.99999999999999     
 -0.215000000000000      -0.245000000000000        1.99999999999999     
 -0.215000000000000      -0.235000000000000        1.99999999999999     
 -0.215000000000000      -0.225000000000000        1.99999999999999     
 -0.215000000000000      -0.215000000000000        1.99999999999998     
 -0.215000000000000      -0.205000000000000        1.99999999999999     
 -0.215000000000000      -0.195000000000000        1.99999999999999     
 -0.215000000000000      -0.185000000000000        1.99999999999999     
 -0.215000000000000      -0.175000000000000        1.99999999999999     
 -0.215000000000000      -0.165000000000000        1.99999999999999     
 -0.215000000000000      -0.155000000000000        1.99999999999999     
 -0.215000000000000      -0.145000000000000        1.99999999999998     
 -0.215000000000000      -0.135000000000000        1.99999999999999     
 -0.215000000000000      -0.125000000000000        2.00000000000000     
 -0.215000000000000      -0.115000000000000        1.99999999999999     
 -0.215000000000000      -0.105000000000000        2.00000000000000     
 -0.215000000000000      -9.499999999999997E-002   1.99999999999999     
 -0.215000000000000      -8.500000000000002E-002   1.99999999999998     
 -0.215000000000000      -7.500000000000001E-002   2.00000000000000     
 -0.215000000000000      -6.500000000000000E-002   1.99999999999999     
 -0.215000000000000      -5.499999999999999E-002   1.99999999999999     
 -0.215000000000000      -4.499999999999998E-002   1.99999999999999     
 -0.215000000000000      -3.499999999999997E-002   1.99999999999999     
 -0.215000000000000      -2.500000000000002E-002   1.99999999999999     
 -0.215000000000000      -1.500000000000001E-002   2.00000000000000     
 -0.215000000000000      -5.000000000000000E-003   1.99999999999999     
 -0.215000000000000       5.000000000000009E-003   1.99999999999999     
 -0.215000000000000       1.500000000000002E-002   1.99999999999999     
 -0.215000000000000       2.500000000000003E-002   1.99999999999999     
 -0.215000000000000       3.500000000000004E-002   1.99999999999999     
 -0.215000000000000       4.500000000000005E-002   1.99999999999999     
 -0.215000000000000       5.500000000000006E-002   2.00000000000000     
 -0.215000000000000       6.500000000000006E-002   2.00000000000000     
 -0.215000000000000       7.499999999999996E-002   1.99999999999997     
 -0.215000000000000       8.499999999999996E-002   1.99999999999999     
 -0.215000000000000       9.499999999999997E-002   1.99999999999999     
 -0.215000000000000       0.105000000000000        2.00000000000000     
 -0.215000000000000       0.115000000000000        1.99999999999999     
 -0.215000000000000       0.125000000000000        2.00000000000001     
 -0.215000000000000       0.135000000000000        2.00000000155857     
 -0.215000000000000       0.145000000000000        2.00000029200051     
 -0.215000000000000       0.155000000000000        2.00001087855406     
 -0.215000000000000       0.165000000000000        2.00018484449695     
 -0.215000000000000       0.175000000000000        2.00174920489704     
 -0.215000000000000       0.185000000000000        2.01000629560605     
 -0.215000000000000       0.195000000000000        2.03684753590922     
 -0.215000000000000       0.205000000000000        2.09253055282318     
 -0.215000000000000       0.215000000000000        2.16941973755581     
 -0.215000000000000       0.225000000000000        2.25873984139605     
 -0.215000000000000       0.235000000000000        2.36075317701077     
 -0.215000000000000       0.245000000000000        2.45913545460259     
 -0.215000000000000       0.255000000000000        2.55464073605461     
 -0.215000000000000       0.265000000000000        2.64749684503093     
 -0.215000000000000       0.275000000000000        2.73708972756892     
 -0.215000000000000       0.285000000000000        2.82192756647520     
 -0.215000000000000       0.295000000000000        2.89873697187004     
 -0.215000000000000       0.305000000000000        2.95967077165752     
 -0.215000000000000       0.315000000000000        2.99147362099192     
 -0.215000000000000       0.325000000000000        2.99958625868054     
 -0.215000000000000       0.335000000000000        2.99999968526133     
 -0.215000000000000       0.345000000000000        2.99999999999992     
 -0.215000000000000       0.355000000000000        2.99999999999998     
 -0.215000000000000       0.365000000000000        2.99999999999999     
 -0.215000000000000       0.375000000000000        3.00000000000000     
 -0.215000000000000       0.385000000000000        2.99999999999998     
 -0.215000000000000       0.395000000000000        2.99999999999998     
 -0.215000000000000       0.405000000000000        2.99999999999997     
 -0.215000000000000       0.415000000000000        2.99999999999998     
 -0.215000000000000       0.425000000000000        2.99999999999997     
 -0.215000000000000       0.435000000000000        2.99999999999997     
 -0.215000000000000       0.445000000000000        2.99999999999997     
 -0.215000000000000       0.455000000000000        2.99999999999994     
 -0.215000000000000       0.465000000000000        2.99999999999998     
 -0.215000000000000       0.475000000000000        2.99999999999998     
 -0.215000000000000       0.485000000000000        2.99999999999998     
 -0.215000000000000       0.495000000000000        2.99999999999999     
 -0.205000000000000      -0.495000000000000        2.00000000000001     
 -0.205000000000000      -0.485000000000000        2.00000000000001     
 -0.205000000000000      -0.475000000000000        2.00000000000000     
 -0.205000000000000      -0.465000000000000        2.00000000000000     
 -0.205000000000000      -0.455000000000000        2.00000000000000     
 -0.205000000000000      -0.445000000000000        2.00000000000000     
 -0.205000000000000      -0.435000000000000        2.00000000000000     
 -0.205000000000000      -0.425000000000000        2.00000000000000     
 -0.205000000000000      -0.415000000000000        1.99999999999999     
 -0.205000000000000      -0.405000000000000        2.00000000000000     
 -0.205000000000000      -0.395000000000000        2.00000000000000     
 -0.205000000000000      -0.385000000000000        2.00000000000000     
 -0.205000000000000      -0.375000000000000        2.00000000000000     
 -0.205000000000000      -0.365000000000000        2.00000000000000     
 -0.205000000000000      -0.355000000000000        2.00000000000001     
 -0.205000000000000      -0.345000000000000        2.00000000000001     
 -0.205000000000000      -0.335000000000000        2.00000000000000     
 -0.205000000000000      -0.325000000000000        1.99999999999999     
 -0.205000000000000      -0.315000000000000        2.00000000000000     
 -0.205000000000000      -0.305000000000000        2.00000000000000     
 -0.205000000000000      -0.295000000000000        1.99999999999999     
 -0.205000000000000      -0.285000000000000        2.00000000000000     
 -0.205000000000000      -0.275000000000000        2.00000000000001     
 -0.205000000000000      -0.265000000000000        2.00000000000000     
 -0.205000000000000      -0.255000000000000        2.00000000000001     
 -0.205000000000000      -0.245000000000000        2.00000000000000     
 -0.205000000000000      -0.235000000000000        2.00000000000000     
 -0.205000000000000      -0.225000000000000        2.00000000000000     
 -0.205000000000000      -0.215000000000000        1.99999999999999     
 -0.205000000000000      -0.205000000000000        2.00000000000000     
 -0.205000000000000      -0.195000000000000        2.00000000000000     
 -0.205000000000000      -0.185000000000000        2.00000000000000     
 -0.205000000000000      -0.175000000000000        2.00000000000000     
 -0.205000000000000      -0.165000000000000        2.00000000000000     
 -0.205000000000000      -0.155000000000000        2.00000000000000     
 -0.205000000000000      -0.145000000000000        1.99999999999999     
 -0.205000000000000      -0.135000000000000        2.00000000000001     
 -0.205000000000000      -0.125000000000000        2.00000000000000     
 -0.205000000000000      -0.115000000000000        2.00000000000001     
 -0.205000000000000      -0.105000000000000        2.00000000000000     
 -0.205000000000000      -9.499999999999997E-002   2.00000000000000     
 -0.205000000000000      -8.500000000000002E-002   1.99999999999999     
 -0.205000000000000      -7.500000000000001E-002   2.00000000000000     
 -0.205000000000000      -6.500000000000000E-002   2.00000000000000     
 -0.205000000000000      -5.499999999999999E-002   2.00000000000000     
 -0.205000000000000      -4.499999999999998E-002   2.00000000000000     
 -0.205000000000000      -3.499999999999997E-002   2.00000000000000     
 -0.205000000000000      -2.500000000000002E-002   1.99999999999999     
 -0.205000000000000      -1.500000000000001E-002   2.00000000000000     
 -0.205000000000000      -5.000000000000000E-003   2.00000000000000     
 -0.205000000000000       5.000000000000009E-003   2.00000000000000     
 -0.205000000000000       1.500000000000002E-002   2.00000000000000     
 -0.205000000000000       2.500000000000003E-002   2.00000000000000     
 -0.205000000000000       3.500000000000004E-002   2.00000000000000     
 -0.205000000000000       4.500000000000005E-002   2.00000000000000     
 -0.205000000000000       5.500000000000006E-002   2.00000000000000     
 -0.205000000000000       6.500000000000006E-002   2.00000000000000     
 -0.205000000000000       7.499999999999996E-002   1.99999999999998     
 -0.205000000000000       8.499999999999996E-002   2.00000000000000     
 -0.205000000000000       9.499999999999997E-002   2.00000000000000     
 -0.205000000000000       0.105000000000000        2.00000000000000     
 -0.205000000000000       0.115000000000000        2.00000000000001     
 -0.205000000000000       0.125000000000000        2.00000000000002     
 -0.205000000000000       0.135000000000000        2.00000000155858     
 -0.205000000000000       0.145000000000000        2.00000029200053     
 -0.205000000000000       0.155000000000000        2.00001087855406     
 -0.205000000000000       0.165000000000000        2.00018484449696     
 -0.205000000000000       0.175000000000000        2.00174920489704     
 -0.205000000000000       0.185000000000000        2.01000629560606     
 -0.205000000000000       0.195000000000000        2.03684753590924     
 -0.205000000000000       0.205000000000000        2.09253055282319     
 -0.205000000000000       0.215000000000000        2.16941973755583     
 -0.205000000000000       0.225000000000000        2.25873984139606     
 -0.205000000000000       0.235000000000000        2.36075317701077     
 -0.205000000000000       0.245000000000000        2.45913545460264     
 -0.205000000000000       0.255000000000000        2.55464073605464     
 -0.205000000000000       0.265000000000000        2.64749684503086     
 -0.205000000000000       0.275000000000000        2.73708972756880     
 -0.205000000000000       0.285000000000000        2.82192756647531     
 -0.205000000000000       0.295000000000000        2.89873697186982     
 -0.205000000000000       0.305000000000000        2.95967077165607     
 -0.205000000000000       0.315000000000000        2.99147362099115     
 -0.205000000000000       0.325000000000000        2.99958625868049     
 -0.205000000000000       0.335000000000000        2.99999968526135     
 -0.205000000000000       0.345000000000000        2.99999999999994     
 -0.205000000000000       0.355000000000000        3.00000000000000     
 -0.205000000000000       0.365000000000000        3.00000000000000     
 -0.205000000000000       0.375000000000000        3.00000000000001     
 -0.205000000000000       0.385000000000000        3.00000000000002     
 -0.205000000000000       0.395000000000000        2.99999999999999     
 -0.205000000000000       0.405000000000000        2.99999999999999     
 -0.205000000000000       0.415000000000000        2.99999999999999     
 -0.205000000000000       0.425000000000000        2.99999999999999     
 -0.205000000000000       0.435000000000000        3.00000000000000     
 -0.205000000000000       0.445000000000000        2.99999999999999     
 -0.205000000000000       0.455000000000000        2.99999999999996     
 -0.205000000000000       0.465000000000000        3.00000000000000     
 -0.205000000000000       0.475000000000000        3.00000000000000     
 -0.205000000000000       0.485000000000000        2.99999999999999     
 -0.205000000000000       0.495000000000000        3.00000000000000     
 -0.195000000000000      -0.495000000000000        2.00000000000000     
 -0.195000000000000      -0.485000000000000        2.00000000000001     
 -0.195000000000000      -0.475000000000000        2.00000000000000     
 -0.195000000000000      -0.465000000000000        1.99999999999999     
 -0.195000000000000      -0.455000000000000        2.00000000000000     
 -0.195000000000000      -0.445000000000000        2.00000000000001     
 -0.195000000000000      -0.435000000000000        2.00000000000000     
 -0.195000000000000      -0.425000000000000        2.00000000000000     
 -0.195000000000000      -0.415000000000000        1.99999999999999     
 -0.195000000000000      -0.405000000000000        2.00000000000000     
 -0.195000000000000      -0.395000000000000        2.00000000000001     
 -0.195000000000000      -0.385000000000000        2.00000000000000     
 -0.195000000000000      -0.375000000000000        2.00000000000000     
 -0.195000000000000      -0.365000000000000        2.00000000000001     
 -0.195000000000000      -0.355000000000000        2.00000000000000     
 -0.195000000000000      -0.345000000000000        2.00000000000000     
 -0.195000000000000      -0.335000000000000        2.00000000000000     
 -0.195000000000000      -0.325000000000000        1.99999999999998     
 -0.195000000000000      -0.315000000000000        2.00000000000000     
 -0.195000000000000      -0.305000000000000        2.00000000000000     
 -0.195000000000000      -0.295000000000000        1.99999999999999     
 -0.195000000000000      -0.285000000000000        2.00000000000000     
 -0.195000000000000      -0.275000000000000        2.00000000000001     
 -0.195000000000000      -0.265000000000000        2.00000000000001     
 -0.195000000000000      -0.255000000000000        2.00000000000000     
 -0.195000000000000      -0.245000000000000        2.00000000000000     
 -0.195000000000000      -0.235000000000000        2.00000000000000     
 -0.195000000000000      -0.225000000000000        2.00000000000000     
 -0.195000000000000      -0.215000000000000        1.99999999999999     
 -0.195000000000000      -0.205000000000000        2.00000000000000     
 -0.195000000000000      -0.195000000000000        2.00000000000000     
 -0.195000000000000      -0.185000000000000        2.00000000000001     
 -0.195000000000000      -0.175000000000000        2.00000000000000     
 -0.195000000000000      -0.165000000000000        2.00000000000000     
 -0.195000000000000      -0.155000000000000        2.00000000000000     
 -0.195000000000000      -0.145000000000000        1.99999999999999     
 -0.195000000000000      -0.135000000000000        2.00000000000001     
 -0.195000000000000      -0.125000000000000        2.00000000000001     
 -0.195000000000000      -0.115000000000000        2.00000000000001     
 -0.195000000000000      -0.105000000000000        2.00000000000001     
 -0.195000000000000      -9.499999999999997E-002   2.00000000000000     
 -0.195000000000000      -8.500000000000002E-002   1.99999999999999     
 -0.195000000000000      -7.500000000000001E-002   2.00000000000000     
 -0.195000000000000      -6.500000000000000E-002   2.00000000000000     
 -0.195000000000000      -5.499999999999999E-002   2.00000000000000     
 -0.195000000000000      -4.499999999999998E-002   2.00000000000000     
 -0.195000000000000      -3.499999999999997E-002   2.00000000000000     
 -0.195000000000000      -2.500000000000002E-002   1.99999999999999     
 -0.195000000000000      -1.500000000000001E-002   2.00000000000000     
 -0.195000000000000      -5.000000000000000E-003   2.00000000000000     
 -0.195000000000000       5.000000000000009E-003   2.00000000000000     
 -0.195000000000000       1.500000000000002E-002   2.00000000000000     
 -0.195000000000000       2.500000000000003E-002   2.00000000000000     
 -0.195000000000000       3.500000000000004E-002   2.00000000000000     
 -0.195000000000000       4.500000000000005E-002   2.00000000000001     
 -0.195000000000000       5.500000000000006E-002   2.00000000000000     
 -0.195000000000000       6.500000000000006E-002   2.00000000000000     
 -0.195000000000000       7.499999999999996E-002   1.99999999999998     
 -0.195000000000000       8.499999999999996E-002   2.00000000000000     
 -0.195000000000000       9.499999999999997E-002   2.00000000000000     
 -0.195000000000000       0.105000000000000        2.00000000000000     
 -0.195000000000000       0.115000000000000        2.00000000000001     
 -0.195000000000000       0.125000000000000        2.00000000000002     
 -0.195000000000000       0.135000000000000        2.00000000155858     
 -0.195000000000000       0.145000000000000        2.00000029200053     
 -0.195000000000000       0.155000000000000        2.00001087855406     
 -0.195000000000000       0.165000000000000        2.00018484449695     
 -0.195000000000000       0.175000000000000        2.00174920489704     
 -0.195000000000000       0.185000000000000        2.01000629560606     
 -0.195000000000000       0.195000000000000        2.03684753590924     
 -0.195000000000000       0.205000000000000        2.09253055282319     
 -0.195000000000000       0.215000000000000        2.16941973755582     
 -0.195000000000000       0.225000000000000        2.25873984139606     
 -0.195000000000000       0.235000000000000        2.36075317701070     
 -0.195000000000000       0.245000000000000        2.45913545460273     
 -0.195000000000000       0.255000000000000        2.55464073605468     
 -0.195000000000000       0.265000000000000        2.64749684503089     
 -0.195000000000000       0.275000000000000        2.73708972756890     
 -0.195000000000000       0.285000000000000        2.82192756647540     
 -0.195000000000000       0.295000000000000        2.89873697186975     
 -0.195000000000000       0.305000000000000        2.95967077165631     
 -0.195000000000000       0.315000000000000        2.99147362099150     
 -0.195000000000000       0.325000000000000        2.99958625868050     
 -0.195000000000000       0.335000000000000        2.99999968526136     
 -0.195000000000000       0.345000000000000        2.99999999999994     
 -0.195000000000000       0.355000000000000        3.00000000000000     
 -0.195000000000000       0.365000000000000        3.00000000000000     
 -0.195000000000000       0.375000000000000        3.00000000000001     
 -0.195000000000000       0.385000000000000        3.00000000000001     
 -0.195000000000000       0.395000000000000        3.00000000000000     
 -0.195000000000000       0.405000000000000        3.00000000000000     
 -0.195000000000000       0.415000000000000        3.00000000000000     
 -0.195000000000000       0.425000000000000        3.00000000000001     
 -0.195000000000000       0.435000000000000        3.00000000000001     
 -0.195000000000000       0.445000000000000        3.00000000000000     
 -0.195000000000000       0.455000000000000        2.99999999999996     
 -0.195000000000000       0.465000000000000        3.00000000000000     
 -0.195000000000000       0.475000000000000        3.00000000000000     
 -0.195000000000000       0.485000000000000        3.00000000000000     
 -0.195000000000000       0.495000000000000        3.00000000000000     
 -0.185000000000000      -0.495000000000000        2.00000000000000     
 -0.185000000000000      -0.485000000000000        2.00000000000000     
 -0.185000000000000      -0.475000000000000        2.00000000000000     
 -0.185000000000000      -0.465000000000000        1.99999999999999     
 -0.185000000000000      -0.455000000000000        2.00000000000000     
 -0.185000000000000      -0.445000000000000        2.00000000000000     
 -0.185000000000000      -0.435000000000000        2.00000000000000     
 -0.185000000000000      -0.425000000000000        2.00000000000000     
 -0.185000000000000      -0.415000000000000        1.99999999999999     
 -0.185000000000000      -0.405000000000000        2.00000000000000     
 -0.185000000000000      -0.395000000000000        2.00000000000000     
 -0.185000000000000      -0.385000000000000        2.00000000000000     
 -0.185000000000000      -0.375000000000000        2.00000000000000     
 -0.185000000000000      -0.365000000000000        2.00000000000000     
 -0.185000000000000      -0.355000000000000        2.00000000000000     
 -0.185000000000000      -0.345000000000000        2.00000000000000     
 -0.185000000000000      -0.335000000000000        2.00000000000000     
 -0.185000000000000      -0.325000000000000        1.99999999999999     
 -0.185000000000000      -0.315000000000000        2.00000000000000     
 -0.185000000000000      -0.305000000000000        2.00000000000000     
 -0.185000000000000      -0.295000000000000        1.99999999999999     
 -0.185000000000000      -0.285000000000000        2.00000000000000     
 -0.185000000000000      -0.275000000000000        2.00000000000001     
 -0.185000000000000      -0.265000000000000        2.00000000000001     
 -0.185000000000000      -0.255000000000000        2.00000000000000     
 -0.185000000000000      -0.245000000000000        2.00000000000000     
 -0.185000000000000      -0.235000000000000        2.00000000000000     
 -0.185000000000000      -0.225000000000000        2.00000000000000     
 -0.185000000000000      -0.215000000000000        1.99999999999999     
 -0.185000000000000      -0.205000000000000        2.00000000000000     
 -0.185000000000000      -0.195000000000000        2.00000000000000     
 -0.185000000000000      -0.185000000000000        2.00000000000000     
 -0.185000000000000      -0.175000000000000        2.00000000000000     
 -0.185000000000000      -0.165000000000000        2.00000000000000     
 -0.185000000000000      -0.155000000000000        2.00000000000000     
 -0.185000000000000      -0.145000000000000        1.99999999999999     
 -0.185000000000000      -0.135000000000000        2.00000000000001     
 -0.185000000000000      -0.125000000000000        2.00000000000001     
 -0.185000000000000      -0.115000000000000        2.00000000000000     
 -0.185000000000000      -0.105000000000000        2.00000000000000     
 -0.185000000000000      -9.499999999999997E-002   2.00000000000000     
 -0.185000000000000      -8.500000000000002E-002   1.99999999999999     
 -0.185000000000000      -7.500000000000001E-002   2.00000000000000     
 -0.185000000000000      -6.500000000000000E-002   2.00000000000000     
 -0.185000000000000      -5.499999999999999E-002   2.00000000000000     
 -0.185000000000000      -4.499999999999998E-002   2.00000000000000     
 -0.185000000000000      -3.499999999999997E-002   2.00000000000000     
 -0.185000000000000      -2.500000000000002E-002   1.99999999999999     
 -0.185000000000000      -1.500000000000001E-002   2.00000000000000     
 -0.185000000000000      -5.000000000000000E-003   2.00000000000000     
 -0.185000000000000       5.000000000000009E-003   2.00000000000000     
 -0.185000000000000       1.500000000000002E-002   2.00000000000000     
 -0.185000000000000       2.500000000000003E-002   2.00000000000000     
 -0.185000000000000       3.500000000000004E-002   2.00000000000000     
 -0.185000000000000       4.500000000000005E-002   2.00000000000000     
 -0.185000000000000       5.500000000000006E-002   2.00000000000001     
 -0.185000000000000       6.500000000000006E-002   2.00000000000000     
 -0.185000000000000       7.499999999999996E-002   1.99999999999998     
 -0.185000000000000       8.499999999999996E-002   2.00000000000000     
 -0.185000000000000       9.499999999999997E-002   2.00000000000000     
 -0.185000000000000       0.105000000000000        2.00000000000000     
 -0.185000000000000       0.115000000000000        2.00000000000001     
 -0.185000000000000       0.125000000000000        2.00000000000002     
 -0.185000000000000       0.135000000000000        2.00000000155859     
 -0.185000000000000       0.145000000000000        2.00000029200052     
 -0.185000000000000       0.155000000000000        2.00001087855406     
 -0.185000000000000       0.165000000000000        2.00018484449695     
 -0.185000000000000       0.175000000000000        2.00174920489703     
 -0.185000000000000       0.185000000000000        2.01000629560607     
 -0.185000000000000       0.195000000000000        2.03684753590924     
 -0.185000000000000       0.205000000000000        2.09253055282320     
 -0.185000000000000       0.215000000000000        2.16941973755583     
 -0.185000000000000       0.225000000000000        2.25873984139606     
 -0.185000000000000       0.235000000000000        2.36075317701061     
 -0.185000000000000       0.245000000000000        2.45913545460289     
 -0.185000000000000       0.255000000000000        2.55464073605478     
 -0.185000000000000       0.265000000000000        2.64749684503079     
 -0.185000000000000       0.275000000000000        2.73708972756872     
 -0.185000000000000       0.285000000000000        2.82192756647516     
 -0.185000000000000       0.295000000000000        2.89873697186958     
 -0.185000000000000       0.305000000000000        2.95967077165599     
 -0.185000000000000       0.315000000000000        2.99147362099117     
 -0.185000000000000       0.325000000000000        2.99958625868047     
 -0.185000000000000       0.335000000000000        2.99999968526136     
 -0.185000000000000       0.345000000000000        2.99999999999994     
 -0.185000000000000       0.355000000000000        3.00000000000000     
 -0.185000000000000       0.365000000000000        3.00000000000000     
 -0.185000000000000       0.375000000000000        3.00000000000001     
 -0.185000000000000       0.385000000000000        3.00000000000001     
 -0.185000000000000       0.395000000000000        3.00000000000000     
 -0.185000000000000       0.405000000000000        3.00000000000000     
 -0.185000000000000       0.415000000000000        3.00000000000001     
 -0.185000000000000       0.425000000000000        3.00000000000002     
 -0.185000000000000       0.435000000000000        3.00000000000001     
 -0.185000000000000       0.445000000000000        3.00000000000000     
 -0.185000000000000       0.455000000000000        2.99999999999997     
 -0.185000000000000       0.465000000000000        2.99999999999999     
 -0.185000000000000       0.475000000000000        3.00000000000000     
 -0.185000000000000       0.485000000000000        3.00000000000000     
 -0.185000000000000       0.495000000000000        3.00000000000000     
 -0.175000000000000      -0.495000000000000        2.00000000000000     
 -0.175000000000000      -0.485000000000000        2.00000000000000     
 -0.175000000000000      -0.475000000000000        2.00000000000000     
 -0.175000000000000      -0.465000000000000        1.99999999999999     
 -0.175000000000000      -0.455000000000000        2.00000000000000     
 -0.175000000000000      -0.445000000000000        2.00000000000000     
 -0.175000000000000      -0.435000000000000        2.00000000000000     
 -0.175000000000000      -0.425000000000000        2.00000000000000     
 -0.175000000000000      -0.415000000000000        1.99999999999999     
 -0.175000000000000      -0.405000000000000        2.00000000000000     
 -0.175000000000000      -0.395000000000000        2.00000000000001     
 -0.175000000000000      -0.385000000000000        2.00000000000000     
 -0.175000000000000      -0.375000000000000        2.00000000000000     
 -0.175000000000000      -0.365000000000000        2.00000000000000     
 -0.175000000000000      -0.355000000000000        2.00000000000000     
 -0.175000000000000      -0.345000000000000        2.00000000000000     
 -0.175000000000000      -0.335000000000000        2.00000000000000     
 -0.175000000000000      -0.325000000000000        1.99999999999999     
 -0.175000000000000      -0.315000000000000        2.00000000000000     
 -0.175000000000000      -0.305000000000000        2.00000000000000     
 -0.175000000000000      -0.295000000000000        1.99999999999999     
 -0.175000000000000      -0.285000000000000        2.00000000000000     
 -0.175000000000000      -0.275000000000000        2.00000000000001     
 -0.175000000000000      -0.265000000000000        2.00000000000001     
 -0.175000000000000      -0.255000000000000        2.00000000000001     
 -0.175000000000000      -0.245000000000000        2.00000000000000     
 -0.175000000000000      -0.235000000000000        2.00000000000001     
 -0.175000000000000      -0.225000000000000        2.00000000000000     
 -0.175000000000000      -0.215000000000000        1.99999999999999     
 -0.175000000000000      -0.205000000000000        2.00000000000001     
 -0.175000000000000      -0.195000000000000        2.00000000000000     
 -0.175000000000000      -0.185000000000000        2.00000000000000     
 -0.175000000000000      -0.175000000000000        2.00000000000000     
 -0.175000000000000      -0.165000000000000        2.00000000000000     
 -0.175000000000000      -0.155000000000000        2.00000000000000     
 -0.175000000000000      -0.145000000000000        2.00000000000000     
 -0.175000000000000      -0.135000000000000        2.00000000000000     
 -0.175000000000000      -0.125000000000000        2.00000000000000     
 -0.175000000000000      -0.115000000000000        2.00000000000000     
 -0.175000000000000      -0.105000000000000        2.00000000000000     
 -0.175000000000000      -9.499999999999997E-002   2.00000000000000     
 -0.175000000000000      -8.500000000000002E-002   1.99999999999999     
 -0.175000000000000      -7.500000000000001E-002   2.00000000000000     
 -0.175000000000000      -6.500000000000000E-002   2.00000000000000     
 -0.175000000000000      -5.499999999999999E-002   2.00000000000000     
 -0.175000000000000      -4.499999999999998E-002   2.00000000000000     
 -0.175000000000000      -3.499999999999997E-002   2.00000000000000     
 -0.175000000000000      -2.500000000000002E-002   1.99999999999999     
 -0.175000000000000      -1.500000000000001E-002   2.00000000000001     
 -0.175000000000000      -5.000000000000000E-003   2.00000000000001     
 -0.175000000000000       5.000000000000009E-003   2.00000000000000     
 -0.175000000000000       1.500000000000002E-002   2.00000000000000     
 -0.175000000000000       2.500000000000003E-002   2.00000000000000     
 -0.175000000000000       3.500000000000004E-002   2.00000000000000     
 -0.175000000000000       4.500000000000005E-002   2.00000000000000     
 -0.175000000000000       5.500000000000006E-002   2.00000000000001     
 -0.175000000000000       6.500000000000006E-002   2.00000000000001     
 -0.175000000000000       7.499999999999996E-002   1.99999999999998     
 -0.175000000000000       8.499999999999996E-002   2.00000000000000     
 -0.175000000000000       9.499999999999997E-002   2.00000000000000     
 -0.175000000000000       0.105000000000000        2.00000000000001     
 -0.175000000000000       0.115000000000000        2.00000000000001     
 -0.175000000000000       0.125000000000000        2.00000000000003     
 -0.175000000000000       0.135000000000000        2.00000000155859     
 -0.175000000000000       0.145000000000000        2.00000029200053     
 -0.175000000000000       0.155000000000000        2.00001087855406     
 -0.175000000000000       0.165000000000000        2.00018484449695     
 -0.175000000000000       0.175000000000000        2.00174920489704     
 -0.175000000000000       0.185000000000000        2.01000629560606     
 -0.175000000000000       0.195000000000000        2.03684753590923     
 -0.175000000000000       0.205000000000000        2.09253055282320     
 -0.175000000000000       0.215000000000000        2.16941973755583     
 -0.175000000000000       0.225000000000000        2.25873984139606     
 -0.175000000000000       0.235000000000000        2.36075317701052     
 -0.175000000000000       0.245000000000000        2.45913545460303     
 -0.175000000000000       0.255000000000000        2.55464073605489     
 -0.175000000000000       0.265000000000000        2.64749684503050     
 -0.175000000000000       0.275000000000000        2.73708972756796     
 -0.175000000000000       0.285000000000000        2.82192756647451     
 -0.175000000000000       0.295000000000000        2.89873697186988     
 -0.175000000000000       0.305000000000000        2.95967077165668     
 -0.175000000000000       0.315000000000000        2.99147362099139     
 -0.175000000000000       0.325000000000000        2.99958625868051     
 -0.175000000000000       0.335000000000000        2.99999968526136     
 -0.175000000000000       0.345000000000000        2.99999999999994     
 -0.175000000000000       0.355000000000000        2.99999999999999     
 -0.175000000000000       0.365000000000000        3.00000000000000     
 -0.175000000000000       0.375000000000000        3.00000000000002     
 -0.175000000000000       0.385000000000000        3.00000000000001     
 -0.175000000000000       0.395000000000000        3.00000000000000     
 -0.175000000000000       0.405000000000000        3.00000000000001     
 -0.175000000000000       0.415000000000000        3.00000000000000     
 -0.175000000000000       0.425000000000000        2.99999999999999     
 -0.175000000000000       0.435000000000000        3.00000000000000     
 -0.175000000000000       0.445000000000000        3.00000000000000     
 -0.175000000000000       0.455000000000000        2.99999999999997     
 -0.175000000000000       0.465000000000000        3.00000000000000     
 -0.175000000000000       0.475000000000000        3.00000000000000     
 -0.175000000000000       0.485000000000000        3.00000000000001     
 -0.175000000000000       0.495000000000000        3.00000000000001     
 -0.165000000000000      -0.495000000000000        2.00000000000001     
 -0.165000000000000      -0.485000000000000        2.00000000000000     
 -0.165000000000000      -0.475000000000000        2.00000000000000     
 -0.165000000000000      -0.465000000000000        1.99999999999999     
 -0.165000000000000      -0.455000000000000        2.00000000000001     
 -0.165000000000000      -0.445000000000000        2.00000000000000     
 -0.165000000000000      -0.435000000000000        2.00000000000001     
 -0.165000000000000      -0.425000000000000        2.00000000000000     
 -0.165000000000000      -0.415000000000000        1.99999999999999     
 -0.165000000000000      -0.405000000000000        2.00000000000000     
 -0.165000000000000      -0.395000000000000        2.00000000000000     
 -0.165000000000000      -0.385000000000000        2.00000000000000     
 -0.165000000000000      -0.375000000000000        2.00000000000001     
 -0.165000000000000      -0.365000000000000        2.00000000000000     
 -0.165000000000000      -0.355000000000000        2.00000000000001     
 -0.165000000000000      -0.345000000000000        2.00000000000000     
 -0.165000000000000      -0.335000000000000        2.00000000000001     
 -0.165000000000000      -0.325000000000000        1.99999999999999     
 -0.165000000000000      -0.315000000000000        2.00000000000000     
 -0.165000000000000      -0.305000000000000        2.00000000000000     
 -0.165000000000000      -0.295000000000000        1.99999999999999     
 -0.165000000000000      -0.285000000000000        2.00000000000000     
 -0.165000000000000      -0.275000000000000        2.00000000000001     
 -0.165000000000000      -0.265000000000000        2.00000000000001     
 -0.165000000000000      -0.255000000000000        2.00000000000000     
 -0.165000000000000      -0.245000000000000        2.00000000000000     
 -0.165000000000000      -0.235000000000000        2.00000000000000     
 -0.165000000000000      -0.225000000000000        2.00000000000000     
 -0.165000000000000      -0.215000000000000        1.99999999999999     
 -0.165000000000000      -0.205000000000000        2.00000000000000     
 -0.165000000000000      -0.195000000000000        2.00000000000000     
 -0.165000000000000      -0.185000000000000        2.00000000000000     
 -0.165000000000000      -0.175000000000000        2.00000000000000     
 -0.165000000000000      -0.165000000000000        2.00000000000000     
 -0.165000000000000      -0.155000000000000        2.00000000000000     
 -0.165000000000000      -0.145000000000000        1.99999999999999     
 -0.165000000000000      -0.135000000000000        2.00000000000000     
 -0.165000000000000      -0.125000000000000        2.00000000000001     
 -0.165000000000000      -0.115000000000000        2.00000000000001     
 -0.165000000000000      -0.105000000000000        2.00000000000001     
 -0.165000000000000      -9.499999999999997E-002   2.00000000000000     
 -0.165000000000000      -8.500000000000002E-002   1.99999999999999     
 -0.165000000000000      -7.500000000000001E-002   2.00000000000000     
 -0.165000000000000      -6.500000000000000E-002   2.00000000000000     
 -0.165000000000000      -5.499999999999999E-002   2.00000000000000     
 -0.165000000000000      -4.499999999999998E-002   2.00000000000000     
 -0.165000000000000      -3.499999999999997E-002   2.00000000000000     
 -0.165000000000000      -2.500000000000002E-002   1.99999999999999     
 -0.165000000000000      -1.500000000000001E-002   2.00000000000000     
 -0.165000000000000      -5.000000000000000E-003   2.00000000000000     
 -0.165000000000000       5.000000000000009E-003   2.00000000000001     
 -0.165000000000000       1.500000000000002E-002   2.00000000000000     
 -0.165000000000000       2.500000000000003E-002   2.00000000000000     
 -0.165000000000000       3.500000000000004E-002   2.00000000000000     
 -0.165000000000000       4.500000000000005E-002   2.00000000000000     
 -0.165000000000000       5.500000000000006E-002   2.00000000000000     
 -0.165000000000000       6.500000000000006E-002   2.00000000000000     
 -0.165000000000000       7.499999999999996E-002   1.99999999999998     
 -0.165000000000000       8.499999999999996E-002   2.00000000000000     
 -0.165000000000000       9.499999999999997E-002   2.00000000000000     
 -0.165000000000000       0.105000000000000        2.00000000000000     
 -0.165000000000000       0.115000000000000        2.00000000000001     
 -0.165000000000000       0.125000000000000        2.00000000000002     
 -0.165000000000000       0.135000000000000        2.00000000155858     
 -0.165000000000000       0.145000000000000        2.00000029200053     
 -0.165000000000000       0.155000000000000        2.00001087855406     
 -0.165000000000000       0.165000000000000        2.00018484449695     
 -0.165000000000000       0.175000000000000        2.00174920489704     
 -0.165000000000000       0.185000000000000        2.01000629560606     
 -0.165000000000000       0.195000000000000        2.03684753590924     
 -0.165000000000000       0.205000000000000        2.09253055282319     
 -0.165000000000000       0.215000000000000        2.16941973755582     
 -0.165000000000000       0.225000000000000        2.25873984139606     
 -0.165000000000000       0.235000000000000        2.36075317701045     
 -0.165000000000000       0.245000000000000        2.45913545460320     
 -0.165000000000000       0.255000000000000        2.55464073605500     
 -0.165000000000000       0.265000000000000        2.64749684503030     
 -0.165000000000000       0.275000000000000        2.73708972756739     
 -0.165000000000000       0.285000000000000        2.82192756647394     
 -0.165000000000000       0.295000000000000        2.89873697186981     
 -0.165000000000000       0.305000000000000        2.95967077165740     
 -0.165000000000000       0.315000000000000        2.99147362099182     
 -0.165000000000000       0.325000000000000        2.99958625868055     
 -0.165000000000000       0.335000000000000        2.99999968526135     
 -0.165000000000000       0.345000000000000        2.99999999999995     
 -0.165000000000000       0.355000000000000        3.00000000000001     
 -0.165000000000000       0.365000000000000        3.00000000000000     
 -0.165000000000000       0.375000000000000        3.00000000000002     
 -0.165000000000000       0.385000000000000        3.00000000000002     
 -0.165000000000000       0.395000000000000        3.00000000000001     
 -0.165000000000000       0.405000000000000        3.00000000000000     
 -0.165000000000000       0.415000000000000        3.00000000000001     
 -0.165000000000000       0.425000000000000        3.00000000000000     
 -0.165000000000000       0.435000000000000        3.00000000000000     
 -0.165000000000000       0.445000000000000        3.00000000000000     
 -0.165000000000000       0.455000000000000        2.99999999999997     
 -0.165000000000000       0.465000000000000        3.00000000000001     
 -0.165000000000000       0.475000000000000        3.00000000000000     
 -0.165000000000000       0.485000000000000        3.00000000000001     
 -0.165000000000000       0.495000000000000        3.00000000000001     
 -0.155000000000000      -0.495000000000000        2.00000000000000     
 -0.155000000000000      -0.485000000000000        2.00000000000001     
 -0.155000000000000      -0.475000000000000        2.00000000000000     
 -0.155000000000000      -0.465000000000000        1.99999999999999     
 -0.155000000000000      -0.455000000000000        2.00000000000001     
 -0.155000000000000      -0.445000000000000        2.00000000000000     
 -0.155000000000000      -0.435000000000000        2.00000000000000     
 -0.155000000000000      -0.425000000000000        2.00000000000001     
 -0.155000000000000      -0.415000000000000        2.00000000000000     
 -0.155000000000000      -0.405000000000000        2.00000000000000     
 -0.155000000000000      -0.395000000000000        2.00000000000000     
 -0.155000000000000      -0.385000000000000        2.00000000000000     
 -0.155000000000000      -0.375000000000000        2.00000000000000     
 -0.155000000000000      -0.365000000000000        2.00000000000001     
 -0.155000000000000      -0.355000000000000        2.00000000000000     
 -0.155000000000000      -0.345000000000000        2.00000000000000     
 -0.155000000000000      -0.335000000000000        2.00000000000000     
 -0.155000000000000      -0.325000000000000        1.99999999999999     
 -0.155000000000000      -0.315000000000000        2.00000000000001     
 -0.155000000000000      -0.305000000000000        2.00000000000000     
 -0.155000000000000      -0.295000000000000        1.99999999999999     
 -0.155000000000000      -0.285000000000000        2.00000000000000     
 -0.155000000000000      -0.275000000000000        2.00000000000000     
 -0.155000000000000      -0.265000000000000        2.00000000000000     
 -0.155000000000000      -0.255000000000000        2.00000000000000     
 -0.155000000000000      -0.245000000000000        2.00000000000001     
 -0.155000000000000      -0.235000000000000        2.00000000000000     
 -0.155000000000000      -0.225000000000000        2.00000000000000     
 -0.155000000000000      -0.215000000000000        1.99999999999999     
 -0.155000000000000      -0.205000000000000        2.00000000000000     
 -0.155000000000000      -0.195000000000000        2.00000000000000     
 -0.155000000000000      -0.185000000000000        2.00000000000000     
 -0.155000000000000      -0.175000000000000        2.00000000000000     
 -0.155000000000000      -0.165000000000000        2.00000000000000     
 -0.155000000000000      -0.155000000000000        2.00000000000001     
 -0.155000000000000      -0.145000000000000        1.99999999999999     
 -0.155000000000000      -0.135000000000000        2.00000000000000     
 -0.155000000000000      -0.125000000000000        2.00000000000001     
 -0.155000000000000      -0.115000000000000        2.00000000000000     
 -0.155000000000000      -0.105000000000000        2.00000000000000     
 -0.155000000000000      -9.499999999999997E-002   2.00000000000000     
 -0.155000000000000      -8.500000000000002E-002   1.99999999999999     
 -0.155000000000000      -7.500000000000001E-002   2.00000000000000     
 -0.155000000000000      -6.500000000000000E-002   2.00000000000000     
 -0.155000000000000      -5.499999999999999E-002   2.00000000000000     
 -0.155000000000000      -4.499999999999998E-002   2.00000000000000     
 -0.155000000000000      -3.499999999999997E-002   2.00000000000000     
 -0.155000000000000      -2.500000000000002E-002   1.99999999999999     
 -0.155000000000000      -1.500000000000001E-002   2.00000000000001     
 -0.155000000000000      -5.000000000000000E-003   2.00000000000000     
 -0.155000000000000       5.000000000000009E-003   2.00000000000000     
 -0.155000000000000       1.500000000000002E-002   2.00000000000000     
 -0.155000000000000       2.500000000000003E-002   2.00000000000000     
 -0.155000000000000       3.500000000000004E-002   2.00000000000000     
 -0.155000000000000       4.500000000000005E-002   2.00000000000001     
 -0.155000000000000       5.500000000000006E-002   2.00000000000001     
 -0.155000000000000       6.500000000000006E-002   2.00000000000000     
 -0.155000000000000       7.499999999999996E-002   1.99999999999998     
 -0.155000000000000       8.499999999999996E-002   2.00000000000000     
 -0.155000000000000       9.499999999999997E-002   2.00000000000000     
 -0.155000000000000       0.105000000000000        2.00000000000001     
 -0.155000000000000       0.115000000000000        2.00000000000001     
 -0.155000000000000       0.125000000000000        2.00000000000002     
 -0.155000000000000       0.135000000000000        2.00000000155858     
 -0.155000000000000       0.145000000000000        2.00000029200053     
 -0.155000000000000       0.155000000000000        2.00001087855406     
 -0.155000000000000       0.165000000000000        2.00018484449695     
 -0.155000000000000       0.175000000000000        2.00174920489704     
 -0.155000000000000       0.185000000000000        2.01000629560606     
 -0.155000000000000       0.195000000000000        2.03684753590925     
 -0.155000000000000       0.205000000000000        2.09253055282319     
 -0.155000000000000       0.215000000000000        2.16941973755582     
 -0.155000000000000       0.225000000000000        2.25873984139605     
 -0.155000000000000       0.235000000000000        2.36075317701051     
 -0.155000000000000       0.245000000000000        2.45913545460323     
 -0.155000000000000       0.255000000000000        2.55464073605497     
 -0.155000000000000       0.265000000000000        2.64749684502997     
 -0.155000000000000       0.275000000000000        2.73708972756670     
 -0.155000000000000       0.285000000000000        2.82192756647320     
 -0.155000000000000       0.295000000000000        2.89873697186953     
 -0.155000000000000       0.305000000000000        2.95967077165783     
 -0.155000000000000       0.315000000000000        2.99147362099235     
 -0.155000000000000       0.325000000000000        2.99958625868062     
 -0.155000000000000       0.335000000000000        2.99999968526135     
 -0.155000000000000       0.345000000000000        2.99999999999995     
 -0.155000000000000       0.355000000000000        3.00000000000001     
 -0.155000000000000       0.365000000000000        3.00000000000001     
 -0.155000000000000       0.375000000000000        3.00000000000002     
 -0.155000000000000       0.385000000000000        3.00000000000002     
 -0.155000000000000       0.395000000000000        2.99999999999999     
 -0.155000000000000       0.405000000000000        3.00000000000000     
 -0.155000000000000       0.415000000000000        3.00000000000001     
 -0.155000000000000       0.425000000000000        3.00000000000000     
 -0.155000000000000       0.435000000000000        3.00000000000001     
 -0.155000000000000       0.445000000000000        2.99999999999999     
 -0.155000000000000       0.455000000000000        2.99999999999997     
 -0.155000000000000       0.465000000000000        3.00000000000001     
 -0.155000000000000       0.475000000000000        3.00000000000000     
 -0.155000000000000       0.485000000000000        3.00000000000001     
 -0.155000000000000       0.495000000000000        3.00000000000001     
 -0.145000000000000      -0.495000000000000        1.99999999999999     
 -0.145000000000000      -0.485000000000000        1.99999999999999     
 -0.145000000000000      -0.475000000000000        1.99999999999999     
 -0.145000000000000      -0.465000000000000        1.99999999999998     
 -0.145000000000000      -0.455000000000000        1.99999999999999     
 -0.145000000000000      -0.445000000000000        1.99999999999999     
 -0.145000000000000      -0.435000000000000        1.99999999999999     
 -0.145000000000000      -0.425000000000000        1.99999999999999     
 -0.145000000000000      -0.415000000000000        1.99999999999998     
 -0.145000000000000      -0.405000000000000        1.99999999999999     
 -0.145000000000000      -0.395000000000000        1.99999999999999     
 -0.145000000000000      -0.385000000000000        1.99999999999999     
 -0.145000000000000      -0.375000000000000        1.99999999999999     
 -0.145000000000000      -0.365000000000000        1.99999999999999     
 -0.145000000000000      -0.355000000000000        1.99999999999999     
 -0.145000000000000      -0.345000000000000        2.00000000000000     
 -0.145000000000000      -0.335000000000000        1.99999999999999     
 -0.145000000000000      -0.325000000000000        1.99999999999998     
 -0.145000000000000      -0.315000000000000        2.00000000000000     
 -0.145000000000000      -0.305000000000000        1.99999999999999     
 -0.145000000000000      -0.295000000000000        1.99999999999998     
 -0.145000000000000      -0.285000000000000        1.99999999999999     
 -0.145000000000000      -0.275000000000000        1.99999999999999     
 -0.145000000000000      -0.265000000000000        2.00000000000000     
 -0.145000000000000      -0.255000000000000        1.99999999999999     
 -0.145000000000000      -0.245000000000000        1.99999999999999     
 -0.145000000000000      -0.235000000000000        1.99999999999999     
 -0.145000000000000      -0.225000000000000        1.99999999999999     
 -0.145000000000000      -0.215000000000000        1.99999999999998     
 -0.145000000000000      -0.205000000000000        2.00000000000000     
 -0.145000000000000      -0.195000000000000        1.99999999999999     
 -0.145000000000000      -0.185000000000000        2.00000000000000     
 -0.145000000000000      -0.175000000000000        1.99999999999999     
 -0.145000000000000      -0.165000000000000        1.99999999999999     
 -0.145000000000000      -0.155000000000000        2.00000000000000     
 -0.145000000000000      -0.145000000000000        1.99999999999998     
 -0.145000000000000      -0.135000000000000        1.99999999999999     
 -0.145000000000000      -0.125000000000000        2.00000000000000     
 -0.145000000000000      -0.115000000000000        1.99999999999999     
 -0.145000000000000      -0.105000000000000        1.99999999999999     
 -0.145000000000000      -9.499999999999997E-002   1.99999999999999     
 -0.145000000000000      -8.500000000000002E-002   1.99999999999998     
 -0.145000000000000      -7.500000000000001E-002   1.99999999999999     
 -0.145000000000000      -6.500000000000000E-002   1.99999999999999     
 -0.145000000000000      -5.499999999999999E-002   1.99999999999999     
 -0.145000000000000      -4.499999999999998E-002   1.99999999999999     
 -0.145000000000000      -3.499999999999997E-002   1.99999999999999     
 -0.145000000000000      -2.500000000000002E-002   1.99999999999998     
 -0.145000000000000      -1.500000000000001E-002   2.00000000000000     
 -0.145000000000000      -5.000000000000000E-003   1.99999999999999     
 -0.145000000000000       5.000000000000009E-003   1.99999999999999     
 -0.145000000000000       1.500000000000002E-002   1.99999999999999     
 -0.145000000000000       2.500000000000003E-002   1.99999999999999     
 -0.145000000000000       3.500000000000004E-002   1.99999999999999     
 -0.145000000000000       4.500000000000005E-002   1.99999999999999     
 -0.145000000000000       5.500000000000006E-002   2.00000000000000     
 -0.145000000000000       6.500000000000006E-002   1.99999999999999     
 -0.145000000000000       7.499999999999996E-002   1.99999999999997     
 -0.145000000000000       8.499999999999996E-002   1.99999999999999     
 -0.145000000000000       9.499999999999997E-002   1.99999999999999     
 -0.145000000000000       0.105000000000000        2.00000000000000     
 -0.145000000000000       0.115000000000000        2.00000000000000     
 -0.145000000000000       0.125000000000000        2.00000000000001     
 -0.145000000000000       0.135000000000000        2.00000000155858     
 -0.145000000000000       0.145000000000000        2.00000029200052     
 -0.145000000000000       0.155000000000000        2.00001087855404     
 -0.145000000000000       0.165000000000000        2.00018484449694     
 -0.145000000000000       0.175000000000000        2.00174920489703     
 -0.145000000000000       0.185000000000000        2.01000629560605     
 -0.145000000000000       0.195000000000000        2.03684753590923     
 -0.145000000000000       0.205000000000000        2.09253055282318     
 -0.145000000000000       0.215000000000000        2.16941973755581     
 -0.145000000000000       0.225000000000000        2.25873984139604     
 -0.145000000000000       0.235000000000000        2.36075317701078     
 -0.145000000000000       0.245000000000000        2.45913545460281     
 -0.145000000000000       0.255000000000000        2.55464073605465     
 -0.145000000000000       0.265000000000000        2.64749684502989     
 -0.145000000000000       0.275000000000000        2.73708972756650     
 -0.145000000000000       0.285000000000000        2.82192756647293     
 -0.145000000000000       0.295000000000000        2.89873697186977     
 -0.145000000000000       0.305000000000000        2.95967077165882     
 -0.145000000000000       0.315000000000000        2.99147362099248     
 -0.145000000000000       0.325000000000000        2.99958625868061     
 -0.145000000000000       0.335000000000000        2.99999968526135     
 -0.145000000000000       0.345000000000000        2.99999999999993     
 -0.145000000000000       0.355000000000000        2.99999999999998     
 -0.145000000000000       0.365000000000000        2.99999999999999     
 -0.145000000000000       0.375000000000000        3.00000000000000     
 -0.145000000000000       0.385000000000000        3.00000000000000     
 -0.145000000000000       0.395000000000000        2.99999999999998     
 -0.145000000000000       0.405000000000000        2.99999999999998     
 -0.145000000000000       0.415000000000000        2.99999999999999     
 -0.145000000000000       0.425000000000000        2.99999999999998     
 -0.145000000000000       0.435000000000000        2.99999999999999     
 -0.145000000000000       0.445000000000000        2.99999999999997     
 -0.145000000000000       0.455000000000000        2.99999999999994     
 -0.145000000000000       0.465000000000000        2.99999999999998     
 -0.145000000000000       0.475000000000000        2.99999999999998     
 -0.145000000000000       0.485000000000000        2.99999999999999     
 -0.145000000000000       0.495000000000000        2.99999999999999     
 -0.135000000000000      -0.495000000000000        2.00000000000000     
 -0.135000000000000      -0.485000000000000        2.00000000000000     
 -0.135000000000000      -0.475000000000000        2.00000000000001     
 -0.135000000000000      -0.465000000000000        1.99999999999999     
 -0.135000000000000      -0.455000000000000        2.00000000000000     
 -0.135000000000000      -0.445000000000000        2.00000000000000     
 -0.135000000000000      -0.435000000000000        2.00000000000001     
 -0.135000000000000      -0.425000000000000        2.00000000000000     
 -0.135000000000000      -0.415000000000000        1.99999999999999     
 -0.135000000000000      -0.405000000000000        2.00000000000000     
 -0.135000000000000      -0.395000000000000        2.00000000000000     
 -0.135000000000000      -0.385000000000000        2.00000000000001     
 -0.135000000000000      -0.375000000000000        2.00000000000000     
 -0.135000000000000      -0.365000000000000        2.00000000000000     
 -0.135000000000000      -0.355000000000000        2.00000000000000     
 -0.135000000000000      -0.345000000000000        2.00000000000000     
 -0.135000000000000      -0.335000000000000        2.00000000000000     
 -0.135000000000000      -0.325000000000000        1.99999999999999     
 -0.135000000000000      -0.315000000000000        2.00000000000000     
 -0.135000000000000      -0.305000000000000        2.00000000000000     
 -0.135000000000000      -0.295000000000000        1.99999999999999     
 -0.135000000000000      -0.285000000000000        2.00000000000001     
 -0.135000000000000      -0.275000000000000        2.00000000000001     
 -0.135000000000000      -0.265000000000000        2.00000000000001     
 -0.135000000000000      -0.255000000000000        2.00000000000000     
 -0.135000000000000      -0.245000000000000        2.00000000000001     
 -0.135000000000000      -0.235000000000000        2.00000000000001     
 -0.135000000000000      -0.225000000000000        2.00000000000000     
 -0.135000000000000      -0.215000000000000        1.99999999999999     
 -0.135000000000000      -0.205000000000000        2.00000000000000     
 -0.135000000000000      -0.195000000000000        2.00000000000001     
 -0.135000000000000      -0.185000000000000        2.00000000000000     
 -0.135000000000000      -0.175000000000000        2.00000000000000     
 -0.135000000000000      -0.165000000000000        2.00000000000000     
 -0.135000000000000      -0.155000000000000        2.00000000000000     
 -0.135000000000000      -0.145000000000000        1.99999999999999     
 -0.135000000000000      -0.135000000000000        2.00000000000000     
 -0.135000000000000      -0.125000000000000        2.00000000000001     
 -0.135000000000000      -0.115000000000000        2.00000000000000     
 -0.135000000000000      -0.105000000000000        2.00000000000000     
 -0.135000000000000      -9.499999999999997E-002   2.00000000000000     
 -0.135000000000000      -8.500000000000002E-002   1.99999999999999     
 -0.135000000000000      -7.500000000000001E-002   2.00000000000001     
 -0.135000000000000      -6.500000000000000E-002   2.00000000000000     
 -0.135000000000000      -5.499999999999999E-002   2.00000000000000     
 -0.135000000000000      -4.499999999999998E-002   2.00000000000000     
 -0.135000000000000      -3.499999999999997E-002   2.00000000000000     
 -0.135000000000000      -2.500000000000002E-002   1.99999999999999     
 -0.135000000000000      -1.500000000000001E-002   2.00000000000000     
 -0.135000000000000      -5.000000000000000E-003   2.00000000000000     
 -0.135000000000000       5.000000000000009E-003   2.00000000000000     
 -0.135000000000000       1.500000000000002E-002   2.00000000000000     
 -0.135000000000000       2.500000000000003E-002   2.00000000000000     
 -0.135000000000000       3.500000000000004E-002   2.00000000000000     
 -0.135000000000000       4.500000000000005E-002   2.00000000000001     
 -0.135000000000000       5.500000000000006E-002   2.00000000000001     
 -0.135000000000000       6.500000000000006E-002   2.00000000000001     
 -0.135000000000000       7.499999999999996E-002   1.99999999999998     
 -0.135000000000000       8.499999999999996E-002   2.00000000000000     
 -0.135000000000000       9.499999999999997E-002   2.00000000000000     
 -0.135000000000000       0.105000000000000        2.00000000000001     
 -0.135000000000000       0.115000000000000        2.00000000000001     
 -0.135000000000000       0.125000000000000        2.00000000000002     
 -0.135000000000000       0.135000000000000        2.00000000155859     
 -0.135000000000000       0.145000000000000        2.00000029200053     
 -0.135000000000000       0.155000000000000        2.00001087855406     
 -0.135000000000000       0.165000000000000        2.00018484449695     
 -0.135000000000000       0.175000000000000        2.00174920489704     
 -0.135000000000000       0.185000000000000        2.01000629560606     
 -0.135000000000000       0.195000000000000        2.03684753590924     
 -0.135000000000000       0.205000000000000        2.09253055282319     
 -0.135000000000000       0.215000000000000        2.16941973755582     
 -0.135000000000000       0.225000000000000        2.25873984139606     
 -0.135000000000000       0.235000000000000        2.36075317701092     
 -0.135000000000000       0.245000000000000        2.45913545460242     
 -0.135000000000000       0.255000000000000        2.55464073605442     
 -0.135000000000000       0.265000000000000        2.64749684503055     
 -0.135000000000000       0.275000000000000        2.73708972756785     
 -0.135000000000000       0.285000000000000        2.82192756647416     
 -0.135000000000000       0.295000000000000        2.89873697187075     
 -0.135000000000000       0.305000000000000        2.95967077165963     
 -0.135000000000000       0.315000000000000        2.99147362099278     
 -0.135000000000000       0.325000000000000        2.99958625868066     
 -0.135000000000000       0.335000000000000        2.99999968526135     
 -0.135000000000000       0.345000000000000        2.99999999999994     
 -0.135000000000000       0.355000000000000        3.00000000000000     
 -0.135000000000000       0.365000000000000        3.00000000000001     
 -0.135000000000000       0.375000000000000        3.00000000000003     
 -0.135000000000000       0.385000000000000        3.00000000000001     
 -0.135000000000000       0.395000000000000        3.00000000000000     
 -0.135000000000000       0.405000000000000        3.00000000000001     
 -0.135000000000000       0.415000000000000        3.00000000000000     
 -0.135000000000000       0.425000000000000        2.99999999999999     
 -0.135000000000000       0.435000000000000        3.00000000000000     
 -0.135000000000000       0.445000000000000        3.00000000000001     
 -0.135000000000000       0.455000000000000        2.99999999999997     
 -0.135000000000000       0.465000000000000        2.99999999999999     
 -0.135000000000000       0.475000000000000        3.00000000000000     
 -0.135000000000000       0.485000000000000        3.00000000000001     
 -0.135000000000000       0.495000000000000        3.00000000000001     
 -0.125000000000000      -0.495000000000000        2.00000000000000     
 -0.125000000000000      -0.485000000000000        2.00000000000000     
 -0.125000000000000      -0.475000000000000        2.00000000000000     
 -0.125000000000000      -0.465000000000000        1.99999999999999     
 -0.125000000000000      -0.455000000000000        2.00000000000000     
 -0.125000000000000      -0.445000000000000        2.00000000000000     
 -0.125000000000000      -0.435000000000000        2.00000000000000     
 -0.125000000000000      -0.425000000000000        2.00000000000000     
 -0.125000000000000      -0.415000000000000        1.99999999999999     
 -0.125000000000000      -0.405000000000000        2.00000000000000     
 -0.125000000000000      -0.395000000000000        2.00000000000000     
 -0.125000000000000      -0.385000000000000        2.00000000000000     
 -0.125000000000000      -0.375000000000000        2.00000000000000     
 -0.125000000000000      -0.365000000000000        2.00000000000000     
 -0.125000000000000      -0.355000000000000        2.00000000000000     
 -0.125000000000000      -0.345000000000000        2.00000000000000     
 -0.125000000000000      -0.335000000000000        2.00000000000000     
 -0.125000000000000      -0.325000000000000        1.99999999999999     
 -0.125000000000000      -0.315000000000000        2.00000000000000     
 -0.125000000000000      -0.305000000000000        2.00000000000000     
 -0.125000000000000      -0.295000000000000        1.99999999999999     
 -0.125000000000000      -0.285000000000000        2.00000000000000     
 -0.125000000000000      -0.275000000000000        2.00000000000001     
 -0.125000000000000      -0.265000000000000        2.00000000000001     
 -0.125000000000000      -0.255000000000000        2.00000000000001     
 -0.125000000000000      -0.245000000000000        2.00000000000000     
 -0.125000000000000      -0.235000000000000        2.00000000000000     
 -0.125000000000000      -0.225000000000000        2.00000000000001     
 -0.125000000000000      -0.215000000000000        2.00000000000000     
 -0.125000000000000      -0.205000000000000        2.00000000000001     
 -0.125000000000000      -0.195000000000000        2.00000000000000     
 -0.125000000000000      -0.185000000000000        2.00000000000000     
 -0.125000000000000      -0.175000000000000        2.00000000000000     
 -0.125000000000000      -0.165000000000000        2.00000000000000     
 -0.125000000000000      -0.155000000000000        2.00000000000000     
 -0.125000000000000      -0.145000000000000        1.99999999999999     
 -0.125000000000000      -0.135000000000000        2.00000000000000     
 -0.125000000000000      -0.125000000000000        2.00000000000000     
 -0.125000000000000      -0.115000000000000        2.00000000000001     
 -0.125000000000000      -0.105000000000000        2.00000000000000     
 -0.125000000000000      -9.499999999999997E-002   2.00000000000000     
 -0.125000000000000      -8.500000000000002E-002   2.00000000000000     
 -0.125000000000000      -7.500000000000001E-002   2.00000000000000     
 -0.125000000000000      -6.500000000000000E-002   2.00000000000000     
 -0.125000000000000      -5.499999999999999E-002   2.00000000000000     
 -0.125000000000000      -4.499999999999998E-002   2.00000000000000     
 -0.125000000000000      -3.499999999999997E-002   2.00000000000000     
 -0.125000000000000      -2.500000000000002E-002   1.99999999999999     
 -0.125000000000000      -1.500000000000001E-002   2.00000000000001     
 -0.125000000000000      -5.000000000000000E-003   2.00000000000001     
 -0.125000000000000       5.000000000000009E-003   2.00000000000000     
 -0.125000000000000       1.500000000000002E-002   2.00000000000000     
 -0.125000000000000       2.500000000000003E-002   2.00000000000000     
 -0.125000000000000       3.500000000000004E-002   2.00000000000000     
 -0.125000000000000       4.500000000000005E-002   2.00000000000001     
 -0.125000000000000       5.500000000000006E-002   2.00000000000001     
 -0.125000000000000       6.500000000000006E-002   2.00000000000001     
 -0.125000000000000       7.499999999999996E-002   1.99999999999998     
 -0.125000000000000       8.499999999999996E-002   2.00000000000000     
 -0.125000000000000       9.499999999999997E-002   2.00000000000000     
 -0.125000000000000       0.105000000000000        2.00000000000001     
 -0.125000000000000       0.115000000000000        2.00000000000000     
 -0.125000000000000       0.125000000000000        2.00000000000002     
 -0.125000000000000       0.135000000000000        2.00000000155859     
 -0.125000000000000       0.145000000000000        2.00000029200052     
 -0.125000000000000       0.155000000000000        2.00001087855406     
 -0.125000000000000       0.165000000000000        2.00018484449695     
 -0.125000000000000       0.175000000000000        2.00174920489704     
 -0.125000000000000       0.185000000000000        2.01000629560607     
 -0.125000000000000       0.195000000000000        2.03684753590923     
 -0.125000000000000       0.205000000000000        2.09253055282320     
 -0.125000000000000       0.215000000000000        2.16941973755582     
 -0.125000000000000       0.225000000000000        2.25873984139606     
 -0.125000000000000       0.235000000000000        2.36075317701086     
 -0.125000000000000       0.245000000000000        2.45913545460245     
 -0.125000000000000       0.255000000000000        2.55464073605443     
 -0.125000000000000       0.265000000000000        2.64749684503122     
 -0.125000000000000       0.275000000000000        2.73708972756982     
 -0.125000000000000       0.285000000000000        2.82192756647631     
 -0.125000000000000       0.295000000000000        2.89873697187109     
 -0.125000000000000       0.305000000000000        2.95967077165853     
 -0.125000000000000       0.315000000000000        2.99147362099254     
 -0.125000000000000       0.325000000000000        2.99958625868066     
 -0.125000000000000       0.335000000000000        2.99999968526135     
 -0.125000000000000       0.345000000000000        2.99999999999993     
 -0.125000000000000       0.355000000000000        3.00000000000000     
 -0.125000000000000       0.365000000000000        3.00000000000001     
 -0.125000000000000       0.375000000000000        3.00000000000002     
 -0.125000000000000       0.385000000000000        3.00000000000002     
 -0.125000000000000       0.395000000000000        3.00000000000000     
 -0.125000000000000       0.405000000000000        3.00000000000000     
 -0.125000000000000       0.415000000000000        3.00000000000000     
 -0.125000000000000       0.425000000000000        3.00000000000000     
 -0.125000000000000       0.435000000000000        3.00000000000000     
 -0.125000000000000       0.445000000000000        3.00000000000001     
 -0.125000000000000       0.455000000000000        2.99999999999997     
 -0.125000000000000       0.465000000000000        2.99999999999999     
 -0.125000000000000       0.475000000000000        3.00000000000000     
 -0.125000000000000       0.485000000000000        3.00000000000001     
 -0.125000000000000       0.495000000000000        3.00000000000001     
 -0.115000000000000      -0.495000000000000        2.00000000000000     
 -0.115000000000000      -0.485000000000000        2.00000000000000     
 -0.115000000000000      -0.475000000000000        1.99999999999999     
 -0.115000000000000      -0.465000000000000        1.99999999999999     
 -0.115000000000000      -0.455000000000000        2.00000000000000     
 -0.115000000000000      -0.445000000000000        2.00000000000000     
 -0.115000000000000      -0.435000000000000        2.00000000000000     
 -0.115000000000000      -0.425000000000000        2.00000000000000     
 -0.115000000000000      -0.415000000000000        1.99999999999999     
 -0.115000000000000      -0.405000000000000        2.00000000000000     
 -0.115000000000000      -0.395000000000000        2.00000000000000     
 -0.115000000000000      -0.385000000000000        2.00000000000000     
 -0.115000000000000      -0.375000000000000        2.00000000000000     
 -0.115000000000000      -0.365000000000000        2.00000000000000     
 -0.115000000000000      -0.355000000000000        2.00000000000001     
 -0.115000000000000      -0.345000000000000        2.00000000000000     
 -0.115000000000000      -0.335000000000000        2.00000000000000     
 -0.115000000000000      -0.325000000000000        1.99999999999999     
 -0.115000000000000      -0.315000000000000        2.00000000000000     
 -0.115000000000000      -0.305000000000000        2.00000000000000     
 -0.115000000000000      -0.295000000000000        2.00000000000000     
 -0.115000000000000      -0.285000000000000        2.00000000000001     
 -0.115000000000000      -0.275000000000000        2.00000000000001     
 -0.115000000000000      -0.265000000000000        2.00000000000001     
 -0.115000000000000      -0.255000000000000        2.00000000000001     
 -0.115000000000000      -0.245000000000000        2.00000000000000     
 -0.115000000000000      -0.235000000000000        2.00000000000000     
 -0.115000000000000      -0.225000000000000        2.00000000000001     
 -0.115000000000000      -0.215000000000000        2.00000000000000     
 -0.115000000000000      -0.205000000000000        2.00000000000001     
 -0.115000000000000      -0.195000000000000        2.00000000000000     
 -0.115000000000000      -0.185000000000000        2.00000000000000     
 -0.115000000000000      -0.175000000000000        2.00000000000000     
 -0.115000000000000      -0.165000000000000        2.00000000000000     
 -0.115000000000000      -0.155000000000000        2.00000000000001     
 -0.115000000000000      -0.145000000000000        1.99999999999999     
 -0.115000000000000      -0.135000000000000        2.00000000000001     
 -0.115000000000000      -0.125000000000000        2.00000000000001     
 -0.115000000000000      -0.115000000000000        2.00000000000001     
 -0.115000000000000      -0.105000000000000        2.00000000000001     
 -0.115000000000000      -9.499999999999997E-002   2.00000000000001     
 -0.115000000000000      -8.500000000000002E-002   2.00000000000000     
 -0.115000000000000      -7.500000000000001E-002   2.00000000000000     
 -0.115000000000000      -6.500000000000000E-002   2.00000000000000     
 -0.115000000000000      -5.499999999999999E-002   2.00000000000000     
 -0.115000000000000      -4.499999999999998E-002   2.00000000000000     
 -0.115000000000000      -3.499999999999997E-002   2.00000000000000     
 -0.115000000000000      -2.500000000000002E-002   2.00000000000000     
 -0.115000000000000      -1.500000000000001E-002   2.00000000000001     
 -0.115000000000000      -5.000000000000000E-003   2.00000000000001     
 -0.115000000000000       5.000000000000009E-003   2.00000000000000     
 -0.115000000000000       1.500000000000002E-002   2.00000000000000     
 -0.115000000000000       2.500000000000003E-002   2.00000000000000     
 -0.115000000000000       3.500000000000004E-002   2.00000000000000     
 -0.115000000000000       4.500000000000005E-002   2.00000000000000     
 -0.115000000000000       5.500000000000006E-002   2.00000000000001     
 -0.115000000000000       6.500000000000006E-002   2.00000000000001     
 -0.115000000000000       7.499999999999996E-002   1.99999999999998     
 -0.115000000000000       8.499999999999996E-002   2.00000000000000     
 -0.115000000000000       9.499999999999997E-002   2.00000000000000     
 -0.115000000000000       0.105000000000000        2.00000000000001     
 -0.115000000000000       0.115000000000000        2.00000000000001     
 -0.115000000000000       0.125000000000000        2.00000000000002     
 -0.115000000000000       0.135000000000000        2.00000000155859     
 -0.115000000000000       0.145000000000000        2.00000029200053     
 -0.115000000000000       0.155000000000000        2.00001087855406     
 -0.115000000000000       0.165000000000000        2.00018484449695     
 -0.115000000000000       0.175000000000000        2.00174920489704     
 -0.115000000000000       0.185000000000000        2.01000629560606     
 -0.115000000000000       0.195000000000000        2.03684753590923     
 -0.115000000000000       0.205000000000000        2.09253055282320     
 -0.115000000000000       0.215000000000000        2.16941973755582     
 -0.115000000000000       0.225000000000000        2.25873984139606     
 -0.115000000000000       0.235000000000000        2.36075317701078     
 -0.115000000000000       0.245000000000000        2.45913545460258     
 -0.115000000000000       0.255000000000000        2.55464073605462     
 -0.115000000000000       0.265000000000000        2.64749684503128     
 -0.115000000000000       0.275000000000000        2.73708972757002     
 -0.115000000000000       0.285000000000000        2.82192756647658     
 -0.115000000000000       0.295000000000000        2.89873697186952     
 -0.115000000000000       0.305000000000000        2.95967077165428     
 -0.115000000000000       0.315000000000000        2.99147362099040     
 -0.115000000000000       0.325000000000000        2.99958625868040     
 -0.115000000000000       0.335000000000000        2.99999968526136     
 -0.115000000000000       0.345000000000000        2.99999999999995     
 -0.115000000000000       0.355000000000000        3.00000000000000     
 -0.115000000000000       0.365000000000000        3.00000000000001     
 -0.115000000000000       0.375000000000000        3.00000000000002     
 -0.115000000000000       0.385000000000000        3.00000000000002     
 -0.115000000000000       0.395000000000000        3.00000000000000     
 -0.115000000000000       0.405000000000000        3.00000000000000     
 -0.115000000000000       0.415000000000000        3.00000000000000     
 -0.115000000000000       0.425000000000000        3.00000000000000     
 -0.115000000000000       0.435000000000000        3.00000000000001     
 -0.115000000000000       0.445000000000000        3.00000000000001     
 -0.115000000000000       0.455000000000000        2.99999999999997     
 -0.115000000000000       0.465000000000000        3.00000000000001     
 -0.115000000000000       0.475000000000000        3.00000000000001     
 -0.115000000000000       0.485000000000000        3.00000000000001     
 -0.115000000000000       0.495000000000000        3.00000000000001     
 -0.105000000000000      -0.495000000000000        2.00000000000001     
 -0.105000000000000      -0.485000000000000        2.00000000000000     
 -0.105000000000000      -0.475000000000000        2.00000000000000     
 -0.105000000000000      -0.465000000000000        1.99999999999999     
 -0.105000000000000      -0.455000000000000        2.00000000000000     
 -0.105000000000000      -0.445000000000000        2.00000000000000     
 -0.105000000000000      -0.435000000000000        2.00000000000000     
 -0.105000000000000      -0.425000000000000        2.00000000000000     
 -0.105000000000000      -0.415000000000000        1.99999999999999     
 -0.105000000000000      -0.405000000000000        2.00000000000001     
 -0.105000000000000      -0.395000000000000        2.00000000000000     
 -0.105000000000000      -0.385000000000000        2.00000000000000     
 -0.105000000000000      -0.375000000000000        2.00000000000000     
 -0.105000000000000      -0.365000000000000        2.00000000000000     
 -0.105000000000000      -0.355000000000000        2.00000000000000     
 -0.105000000000000      -0.345000000000000        2.00000000000000     
 -0.105000000000000      -0.335000000000000        2.00000000000000     
 -0.105000000000000      -0.325000000000000        1.99999999999999     
 -0.105000000000000      -0.315000000000000        2.00000000000000     
 -0.105000000000000      -0.305000000000000        2.00000000000000     
 -0.105000000000000      -0.295000000000000        1.99999999999999     
 -0.105000000000000      -0.285000000000000        2.00000000000000     
 -0.105000000000000      -0.275000000000000        2.00000000000001     
 -0.105000000000000      -0.265000000000000        2.00000000000001     
 -0.105000000000000      -0.255000000000000        2.00000000000001     
 -0.105000000000000      -0.245000000000000        2.00000000000000     
 -0.105000000000000      -0.235000000000000        2.00000000000000     
 -0.105000000000000      -0.225000000000000        2.00000000000001     
 -0.105000000000000      -0.215000000000000        2.00000000000000     
 -0.105000000000000      -0.205000000000000        2.00000000000001     
 -0.105000000000000      -0.195000000000000        2.00000000000000     
 -0.105000000000000      -0.185000000000000        2.00000000000000     
 -0.105000000000000      -0.175000000000000        2.00000000000000     
 -0.105000000000000      -0.165000000000000        2.00000000000000     
 -0.105000000000000      -0.155000000000000        2.00000000000000     
 -0.105000000000000      -0.145000000000000        1.99999999999999     
 -0.105000000000000      -0.135000000000000        2.00000000000001     
 -0.105000000000000      -0.125000000000000        2.00000000000001     
 -0.105000000000000      -0.115000000000000        2.00000000000001     
 -0.105000000000000      -0.105000000000000        2.00000000000001     
 -0.105000000000000      -9.499999999999997E-002   2.00000000000001     
 -0.105000000000000      -8.500000000000002E-002   2.00000000000000     
 -0.105000000000000      -7.500000000000001E-002   2.00000000000001     
 -0.105000000000000      -6.500000000000000E-002   2.00000000000000     
 -0.105000000000000      -5.499999999999999E-002   2.00000000000000     
 -0.105000000000000      -4.499999999999998E-002   2.00000000000000     
 -0.105000000000000      -3.499999999999997E-002   2.00000000000000     
 -0.105000000000000      -2.500000000000002E-002   2.00000000000000     
 -0.105000000000000      -1.500000000000001E-002   2.00000000000001     
 -0.105000000000000      -5.000000000000000E-003   2.00000000000001     
 -0.105000000000000       5.000000000000009E-003   2.00000000000000     
 -0.105000000000000       1.500000000000002E-002   2.00000000000000     
 -0.105000000000000       2.500000000000003E-002   2.00000000000000     
 -0.105000000000000       3.500000000000004E-002   2.00000000000000     
 -0.105000000000000       4.500000000000005E-002   2.00000000000000     
 -0.105000000000000       5.500000000000006E-002   2.00000000000001     
 -0.105000000000000       6.500000000000006E-002   2.00000000000001     
 -0.105000000000000       7.499999999999996E-002   1.99999999999998     
 -0.105000000000000       8.499999999999996E-002   2.00000000000000     
 -0.105000000000000       9.499999999999997E-002   2.00000000000000     
 -0.105000000000000       0.105000000000000        2.00000000000001     
 -0.105000000000000       0.115000000000000        2.00000000000001     
 -0.105000000000000       0.125000000000000        2.00000000000002     
 -0.105000000000000       0.135000000000000        2.00000000155858     
 -0.105000000000000       0.145000000000000        2.00000029200053     
 -0.105000000000000       0.155000000000000        2.00001087855406     
 -0.105000000000000       0.165000000000000        2.00018484449695     
 -0.105000000000000       0.175000000000000        2.00174920489705     
 -0.105000000000000       0.185000000000000        2.01000629560606     
 -0.105000000000000       0.195000000000000        2.03684753590923     
 -0.105000000000000       0.205000000000000        2.09253055282320     
 -0.105000000000000       0.215000000000000        2.16941973755583     
 -0.105000000000000       0.225000000000000        2.25873984139606     
 -0.105000000000000       0.235000000000000        2.36075317701067     
 -0.105000000000000       0.245000000000000        2.45913545460276     
 -0.105000000000000       0.255000000000000        2.55464073605477     
 -0.105000000000000       0.265000000000000        2.64749684503112     
 -0.105000000000000       0.275000000000000        2.73708972756941     
 -0.105000000000000       0.285000000000000        2.82192756647599     
 -0.105000000000000       0.295000000000000        2.89873697186953     
 -0.105000000000000       0.305000000000000        2.95967077165461     
 -0.105000000000000       0.315000000000000        2.99147362099036     
 -0.105000000000000       0.325000000000000        2.99958625868035     
 -0.105000000000000       0.335000000000000        2.99999968526136     
 -0.105000000000000       0.345000000000000        2.99999999999994     
 -0.105000000000000       0.355000000000000        3.00000000000000     
 -0.105000000000000       0.365000000000000        3.00000000000001     
 -0.105000000000000       0.375000000000000        3.00000000000002     
 -0.105000000000000       0.385000000000000        3.00000000000001     
 -0.105000000000000       0.395000000000000        3.00000000000000     
 -0.105000000000000       0.405000000000000        3.00000000000000     
 -0.105000000000000       0.415000000000000        3.00000000000000     
 -0.105000000000000       0.425000000000000        3.00000000000000     
 -0.105000000000000       0.435000000000000        3.00000000000001     
 -0.105000000000000       0.445000000000000        3.00000000000000     
 -0.105000000000000       0.455000000000000        2.99999999999996     
 -0.105000000000000       0.465000000000000        3.00000000000001     
 -0.105000000000000       0.475000000000000        2.99999999999999     
 -0.105000000000000       0.485000000000000        3.00000000000000     
 -0.105000000000000       0.495000000000000        3.00000000000001     
 -9.499999999999997E-002 -0.495000000000000        2.00000000000001     
 -9.499999999999997E-002 -0.485000000000000        2.00000000000000     
 -9.499999999999997E-002 -0.475000000000000        2.00000000000000     
 -9.499999999999997E-002 -0.465000000000000        1.99999999999999     
 -9.499999999999997E-002 -0.455000000000000        2.00000000000000     
 -9.499999999999997E-002 -0.445000000000000        2.00000000000000     
 -9.499999999999997E-002 -0.435000000000000        2.00000000000000     
 -9.499999999999997E-002 -0.425000000000000        2.00000000000000     
 -9.499999999999997E-002 -0.415000000000000        1.99999999999999     
 -9.499999999999997E-002 -0.405000000000000        2.00000000000000     
 -9.499999999999997E-002 -0.395000000000000        2.00000000000000     
 -9.499999999999997E-002 -0.385000000000000        2.00000000000000     
 -9.499999999999997E-002 -0.375000000000000        2.00000000000000     
 -9.499999999999997E-002 -0.365000000000000        2.00000000000000     
 -9.499999999999997E-002 -0.355000000000000        2.00000000000001     
 -9.499999999999997E-002 -0.345000000000000        2.00000000000000     
 -9.499999999999997E-002 -0.335000000000000        2.00000000000000     
 -9.499999999999997E-002 -0.325000000000000        1.99999999999999     
 -9.499999999999997E-002 -0.315000000000000        2.00000000000000     
 -9.499999999999997E-002 -0.305000000000000        2.00000000000000     
 -9.499999999999997E-002 -0.295000000000000        2.00000000000000     
 -9.499999999999997E-002 -0.285000000000000        2.00000000000000     
 -9.499999999999997E-002 -0.275000000000000        2.00000000000001     
 -9.499999999999997E-002 -0.265000000000000        2.00000000000001     
 -9.499999999999997E-002 -0.255000000000000        2.00000000000001     
 -9.499999999999997E-002 -0.245000000000000        2.00000000000001     
 -9.499999999999997E-002 -0.235000000000000        2.00000000000000     
 -9.499999999999997E-002 -0.225000000000000        2.00000000000000     
 -9.499999999999997E-002 -0.215000000000000        1.99999999999999     
 -9.499999999999997E-002 -0.205000000000000        2.00000000000001     
 -9.499999999999997E-002 -0.195000000000000        2.00000000000000     
 -9.499999999999997E-002 -0.185000000000000        2.00000000000000     
 -9.499999999999997E-002 -0.175000000000000        2.00000000000000     
 -9.499999999999997E-002 -0.165000000000000        2.00000000000001     
 -9.499999999999997E-002 -0.155000000000000        2.00000000000000     
 -9.499999999999997E-002 -0.145000000000000        1.99999999999999     
 -9.499999999999997E-002 -0.135000000000000        2.00000000000001     
 -9.499999999999997E-002 -0.125000000000000        2.00000000000001     
 -9.499999999999997E-002 -0.115000000000000        2.00000000000001     
 -9.499999999999997E-002 -0.105000000000000        2.00000000000001     
 -9.499999999999997E-002 -9.499999999999997E-002   2.00000000000001     
 -9.499999999999997E-002 -8.500000000000002E-002   2.00000000000000     
 -9.499999999999997E-002 -7.500000000000001E-002   2.00000000000001     
 -9.499999999999997E-002 -6.500000000000000E-002   2.00000000000000     
 -9.499999999999997E-002 -5.499999999999999E-002   2.00000000000000     
 -9.499999999999997E-002 -4.499999999999998E-002   2.00000000000000     
 -9.499999999999997E-002 -3.499999999999997E-002   2.00000000000000     
 -9.499999999999997E-002 -2.500000000000002E-002   2.00000000000000     
 -9.499999999999997E-002 -1.500000000000001E-002   2.00000000000001     
 -9.499999999999997E-002 -5.000000000000000E-003   2.00000000000001     
 -9.499999999999997E-002  5.000000000000009E-003   2.00000000000000     
 -9.499999999999997E-002  1.500000000000002E-002   2.00000000000000     
 -9.499999999999997E-002  2.500000000000003E-002   2.00000000000000     
 -9.499999999999997E-002  3.500000000000004E-002   2.00000000000000     
 -9.499999999999997E-002  4.500000000000005E-002   2.00000000000000     
 -9.499999999999997E-002  5.500000000000006E-002   2.00000000000001     
 -9.499999999999997E-002  6.500000000000006E-002   2.00000000000001     
 -9.499999999999997E-002  7.499999999999996E-002   1.99999999999998     
 -9.499999999999997E-002  8.499999999999996E-002   2.00000000000000     
 -9.499999999999997E-002  9.499999999999997E-002   2.00000000000001     
 -9.499999999999997E-002  0.105000000000000        2.00000000000001     
 -9.499999999999997E-002  0.115000000000000        2.00000000000001     
 -9.499999999999997E-002  0.125000000000000        2.00000000000003     
 -9.499999999999997E-002  0.135000000000000        2.00000000155858     
 -9.499999999999997E-002  0.145000000000000        2.00000029200053     
 -9.499999999999997E-002  0.155000000000000        2.00001087855406     
 -9.499999999999997E-002  0.165000000000000        2.00018484449695     
 -9.499999999999997E-002  0.175000000000000        2.00174920489704     
 -9.499999999999997E-002  0.185000000000000        2.01000629560606     
 -9.499999999999997E-002  0.195000000000000        2.03684753590923     
 -9.499999999999997E-002  0.205000000000000        2.09253055282320     
 -9.499999999999997E-002  0.215000000000000        2.16941973755583     
 -9.499999999999997E-002  0.225000000000000        2.25873984139606     
 -9.499999999999997E-002  0.235000000000000        2.36075317701056     
 -9.499999999999997E-002  0.245000000000000        2.45913545460297     
 -9.499999999999997E-002  0.255000000000000        2.55464073605482     
 -9.499999999999997E-002  0.265000000000000        2.64749684503074     
 -9.499999999999997E-002  0.275000000000000        2.73708972756867     
 -9.499999999999997E-002  0.285000000000000        2.82192756647527     
 -9.499999999999997E-002  0.295000000000000        2.89873697186976     
 -9.499999999999997E-002  0.305000000000000        2.95967077165610     
 -9.499999999999997E-002  0.315000000000000        2.99147362099123     
 -9.499999999999997E-002  0.325000000000000        2.99958625868048     
 -9.499999999999997E-002  0.335000000000000        2.99999968526136     
 -9.499999999999997E-002  0.345000000000000        2.99999999999993     
 -9.499999999999997E-002  0.355000000000000        3.00000000000000     
 -9.499999999999997E-002  0.365000000000000        3.00000000000001     
 -9.499999999999997E-002  0.375000000000000        3.00000000000002     
 -9.499999999999997E-002  0.385000000000000        3.00000000000001     
 -9.499999999999997E-002  0.395000000000000        3.00000000000000     
 -9.499999999999997E-002  0.405000000000000        3.00000000000000     
 -9.499999999999997E-002  0.415000000000000        3.00000000000000     
 -9.499999999999997E-002  0.425000000000000        3.00000000000000     
 -9.499999999999997E-002  0.435000000000000        3.00000000000001     
 -9.499999999999997E-002  0.445000000000000        3.00000000000000     
 -9.499999999999997E-002  0.455000000000000        2.99999999999996     
 -9.499999999999997E-002  0.465000000000000        2.99999999999999     
 -9.499999999999997E-002  0.475000000000000        3.00000000000000     
 -9.499999999999997E-002  0.485000000000000        3.00000000000000     
 -9.499999999999997E-002  0.495000000000000        3.00000000000000     
 -8.500000000000002E-002 -0.495000000000000        1.99999999999999     
 -8.500000000000002E-002 -0.485000000000000        1.99999999999999     
 -8.500000000000002E-002 -0.475000000000000        1.99999999999999     
 -8.500000000000002E-002 -0.465000000000000        1.99999999999998     
 -8.500000000000002E-002 -0.455000000000000        1.99999999999999     
 -8.500000000000002E-002 -0.445000000000000        1.99999999999999     
 -8.500000000000002E-002 -0.435000000000000        1.99999999999999     
 -8.500000000000002E-002 -0.425000000000000        1.99999999999999     
 -8.500000000000002E-002 -0.415000000000000        1.99999999999998     
 -8.500000000000002E-002 -0.405000000000000        1.99999999999999     
 -8.500000000000002E-002 -0.395000000000000        1.99999999999999     
 -8.500000000000002E-002 -0.385000000000000        1.99999999999999     
 -8.500000000000002E-002 -0.375000000000000        1.99999999999999     
 -8.500000000000002E-002 -0.365000000000000        1.99999999999999     
 -8.500000000000002E-002 -0.355000000000000        1.99999999999999     
 -8.500000000000002E-002 -0.345000000000000        1.99999999999999     
 -8.500000000000002E-002 -0.335000000000000        1.99999999999999     
 -8.500000000000002E-002 -0.325000000000000        1.99999999999998     
 -8.500000000000002E-002 -0.315000000000000        1.99999999999999     
 -8.500000000000002E-002 -0.305000000000000        1.99999999999999     
 -8.500000000000002E-002 -0.295000000000000        1.99999999999998     
 -8.500000000000002E-002 -0.285000000000000        2.00000000000000     
 -8.500000000000002E-002 -0.275000000000000        2.00000000000000     
 -8.500000000000002E-002 -0.265000000000000        2.00000000000000     
 -8.500000000000002E-002 -0.255000000000000        1.99999999999999     
 -8.500000000000002E-002 -0.245000000000000        1.99999999999999     
 -8.500000000000002E-002 -0.235000000000000        2.00000000000000     
 -8.500000000000002E-002 -0.225000000000000        1.99999999999999     
 -8.500000000000002E-002 -0.215000000000000        1.99999999999998     
 -8.500000000000002E-002 -0.205000000000000        2.00000000000000     
 -8.500000000000002E-002 -0.195000000000000        1.99999999999999     
 -8.500000000000002E-002 -0.185000000000000        1.99999999999999     
 -8.500000000000002E-002 -0.175000000000000        1.99999999999999     
 -8.500000000000002E-002 -0.165000000000000        1.99999999999999     
 -8.500000000000002E-002 -0.155000000000000        1.99999999999999     
 -8.500000000000002E-002 -0.145000000000000        1.99999999999998     
 -8.500000000000002E-002 -0.135000000000000        2.00000000000000     
 -8.500000000000002E-002 -0.125000000000000        2.00000000000000     
 -8.500000000000002E-002 -0.115000000000000        2.00000000000000     
 -8.500000000000002E-002 -0.105000000000000        2.00000000000000     
 -8.500000000000002E-002 -9.499999999999997E-002   2.00000000000000     
 -8.500000000000002E-002 -8.500000000000002E-002   1.99999999999999     
 -8.500000000000002E-002 -7.500000000000001E-002   2.00000000000000     
 -8.500000000000002E-002 -6.500000000000000E-002   1.99999999999999     
 -8.500000000000002E-002 -5.499999999999999E-002   1.99999999999999     
 -8.500000000000002E-002 -4.499999999999998E-002   1.99999999999999     
 -8.500000000000002E-002 -3.499999999999997E-002   1.99999999999999     
 -8.500000000000002E-002 -2.500000000000002E-002   1.99999999999998     
 -8.500000000000002E-002 -1.500000000000001E-002   2.00000000000000     
 -8.500000000000002E-002 -5.000000000000000E-003   1.99999999999999     
 -8.500000000000002E-002  5.000000000000009E-003   1.99999999999999     
 -8.500000000000002E-002  1.500000000000002E-002   1.99999999999999     
 -8.500000000000002E-002  2.500000000000003E-002   1.99999999999999     
 -8.500000000000002E-002  3.500000000000004E-002   1.99999999999999     
 -8.500000000000002E-002  4.500000000000005E-002   1.99999999999999     
 -8.500000000000002E-002  5.500000000000006E-002   2.00000000000000     
 -8.500000000000002E-002  6.500000000000006E-002   2.00000000000000     
 -8.500000000000002E-002  7.499999999999996E-002   1.99999999999997     
 -8.500000000000002E-002  8.499999999999996E-002   1.99999999999999     
 -8.500000000000002E-002  9.499999999999997E-002   1.99999999999999     
 -8.500000000000002E-002  0.105000000000000        1.99999999999999     
 -8.500000000000002E-002  0.115000000000000        2.00000000000000     
 -8.500000000000002E-002  0.125000000000000        2.00000000000001     
 -8.500000000000002E-002  0.135000000000000        2.00000000155857     
 -8.500000000000002E-002  0.145000000000000        2.00000029200051     
 -8.500000000000002E-002  0.155000000000000        2.00001087855405     
 -8.500000000000002E-002  0.165000000000000        2.00018484449694     
 -8.500000000000002E-002  0.175000000000000        2.00174920489703     
 -8.500000000000002E-002  0.185000000000000        2.01000629560605     
 -8.500000000000002E-002  0.195000000000000        2.03684753590922     
 -8.500000000000002E-002  0.205000000000000        2.09253055282319     
 -8.500000000000002E-002  0.215000000000000        2.16941973755582     
 -8.500000000000002E-002  0.225000000000000        2.25873984139604     
 -8.500000000000002E-002  0.235000000000000        2.36075317701052     
 -8.500000000000002E-002  0.245000000000000        2.45913545460305     
 -8.500000000000002E-002  0.255000000000000        2.55464073605481     
 -8.500000000000002E-002  0.265000000000000        2.64749684503003     
 -8.500000000000002E-002  0.275000000000000        2.73708972756713     
 -8.500000000000002E-002  0.285000000000000        2.82192756647382     
 -8.500000000000002E-002  0.295000000000000        2.89873697186929     
 -8.500000000000002E-002  0.305000000000000        2.95967077165587     
 -8.500000000000002E-002  0.315000000000000        2.99147362099111     
 -8.500000000000002E-002  0.325000000000000        2.99958625868045     
 -8.500000000000002E-002  0.335000000000000        2.99999968526133     
 -8.500000000000002E-002  0.345000000000000        2.99999999999992     
 -8.500000000000002E-002  0.355000000000000        2.99999999999998     
 -8.500000000000002E-002  0.365000000000000        2.99999999999999     
 -8.500000000000002E-002  0.375000000000000        3.00000000000000     
 -8.500000000000002E-002  0.385000000000000        2.99999999999999     
 -8.500000000000002E-002  0.395000000000000        2.99999999999998     
 -8.500000000000002E-002  0.405000000000000        2.99999999999999     
 -8.500000000000002E-002  0.415000000000000        2.99999999999999     
 -8.500000000000002E-002  0.425000000000000        2.99999999999998     
 -8.500000000000002E-002  0.435000000000000        2.99999999999999     
 -8.500000000000002E-002  0.445000000000000        2.99999999999998     
 -8.500000000000002E-002  0.455000000000000        2.99999999999996     
 -8.500000000000002E-002  0.465000000000000        2.99999999999998     
 -8.500000000000002E-002  0.475000000000000        2.99999999999998     
 -8.500000000000002E-002  0.485000000000000        2.99999999999999     
 -8.500000000000002E-002  0.495000000000000        2.99999999999999     
 -7.500000000000001E-002 -0.495000000000000        2.00000000000000     
 -7.500000000000001E-002 -0.485000000000000        2.00000000000000     
 -7.500000000000001E-002 -0.475000000000000        2.00000000000000     
 -7.500000000000001E-002 -0.465000000000000        1.99999999999999     
 -7.500000000000001E-002 -0.455000000000000        2.00000000000000     
 -7.500000000000001E-002 -0.445000000000000        2.00000000000000     
 -7.500000000000001E-002 -0.435000000000000        2.00000000000000     
 -7.500000000000001E-002 -0.425000000000000        2.00000000000000     
 -7.500000000000001E-002 -0.415000000000000        1.99999999999999     
 -7.500000000000001E-002 -0.405000000000000        2.00000000000000     
 -7.500000000000001E-002 -0.395000000000000        2.00000000000000     
 -7.500000000000001E-002 -0.385000000000000        2.00000000000000     
 -7.500000000000001E-002 -0.375000000000000        2.00000000000000     
 -7.500000000000001E-002 -0.365000000000000        2.00000000000000     
 -7.500000000000001E-002 -0.355000000000000        2.00000000000000     
 -7.500000000000001E-002 -0.345000000000000        2.00000000000000     
 -7.500000000000001E-002 -0.335000000000000        2.00000000000000     
 -7.500000000000001E-002 -0.325000000000000        1.99999999999999     
 -7.500000000000001E-002 -0.315000000000000        2.00000000000000     
 -7.500000000000001E-002 -0.305000000000000        2.00000000000000     
 -7.500000000000001E-002 -0.295000000000000        1.99999999999999     
 -7.500000000000001E-002 -0.285000000000000        2.00000000000001     
 -7.500000000000001E-002 -0.275000000000000        2.00000000000000     
 -7.500000000000001E-002 -0.265000000000000        2.00000000000001     
 -7.500000000000001E-002 -0.255000000000000        2.00000000000000     
 -7.500000000000001E-002 -0.245000000000000        2.00000000000000     
 -7.500000000000001E-002 -0.235000000000000        2.00000000000000     
 -7.500000000000001E-002 -0.225000000000000        2.00000000000000     
 -7.500000000000001E-002 -0.215000000000000        1.99999999999999     
 -7.500000000000001E-002 -0.205000000000000        2.00000000000000     
 -7.500000000000001E-002 -0.195000000000000        2.00000000000000     
 -7.500000000000001E-002 -0.185000000000000        2.00000000000000     
 -7.500000000000001E-002 -0.175000000000000        2.00000000000000     
 -7.500000000000001E-002 -0.165000000000000        2.00000000000000     
 -7.500000000000001E-002 -0.155000000000000        2.00000000000000     
 -7.500000000000001E-002 -0.145000000000000        1.99999999999999     
 -7.500000000000001E-002 -0.135000000000000        2.00000000000000     
 -7.500000000000001E-002 -0.125000000000000        2.00000000000001     
 -7.500000000000001E-002 -0.115000000000000        2.00000000000001     
 -7.500000000000001E-002 -0.105000000000000        2.00000000000000     
 -7.500000000000001E-002 -9.499999999999997E-002   2.00000000000000     
 -7.500000000000001E-002 -8.500000000000002E-002   1.99999999999999     
 -7.500000000000001E-002 -7.500000000000001E-002   2.00000000000000     
 -7.500000000000001E-002 -6.500000000000000E-002   2.00000000000000     
 -7.500000000000001E-002 -5.499999999999999E-002   2.00000000000000     
 -7.500000000000001E-002 -4.499999999999998E-002   2.00000000000000     
 -7.500000000000001E-002 -3.499999999999997E-002   2.00000000000000     
 -7.500000000000001E-002 -2.500000000000002E-002   1.99999999999999     
 -7.500000000000001E-002 -1.500000000000001E-002   2.00000000000000     
 -7.500000000000001E-002 -5.000000000000000E-003   2.00000000000000     
 -7.500000000000001E-002  5.000000000000009E-003   2.00000000000000     
 -7.500000000000001E-002  1.500000000000002E-002   2.00000000000000     
 -7.500000000000001E-002  2.500000000000003E-002   2.00000000000000     
 -7.500000000000001E-002  3.500000000000004E-002   2.00000000000000     
 -7.500000000000001E-002  4.500000000000005E-002   2.00000000000000     
 -7.500000000000001E-002  5.500000000000006E-002   2.00000000000001     
 -7.500000000000001E-002  6.500000000000006E-002   2.00000000000000     
 -7.500000000000001E-002  7.499999999999996E-002   1.99999999999998     
 -7.500000000000001E-002  8.499999999999996E-002   2.00000000000000     
 -7.500000000000001E-002  9.499999999999997E-002   2.00000000000000     
 -7.500000000000001E-002  0.105000000000000        2.00000000000000     
 -7.500000000000001E-002  0.115000000000000        2.00000000000000     
 -7.500000000000001E-002  0.125000000000000        2.00000000000002     
 -7.500000000000001E-002  0.135000000000000        2.00000000155858     
 -7.500000000000001E-002  0.145000000000000        2.00000029200052     
 -7.500000000000001E-002  0.155000000000000        2.00001087855406     
 -7.500000000000001E-002  0.165000000000000        2.00018484449695     
 -7.500000000000001E-002  0.175000000000000        2.00174920489704     
 -7.500000000000001E-002  0.185000000000000        2.01000629560607     
 -7.500000000000001E-002  0.195000000000000        2.03684753590924     
 -7.500000000000001E-002  0.205000000000000        2.09253055282320     
 -7.500000000000001E-002  0.215000000000000        2.16941973755583     
 -7.500000000000001E-002  0.225000000000000        2.25873984139606     
 -7.500000000000001E-002  0.235000000000000        2.36075317701053     
 -7.500000000000001E-002  0.245000000000000        2.45913545460307     
 -7.500000000000001E-002  0.255000000000000        2.55464073605487     
 -7.500000000000001E-002  0.265000000000000        2.64749684503016     
 -7.500000000000001E-002  0.275000000000000        2.73708972756710     
 -7.500000000000001E-002  0.285000000000000        2.82192756647374     
 -7.500000000000001E-002  0.295000000000000        2.89873697187064     
 -7.500000000000001E-002  0.305000000000000        2.95967077165930     
 -7.500000000000001E-002  0.315000000000000        2.99147362099291     
 -7.500000000000001E-002  0.325000000000000        2.99958625868068     
 -7.500000000000001E-002  0.335000000000000        2.99999968526134     
 -7.500000000000001E-002  0.345000000000000        2.99999999999994     
 -7.500000000000001E-002  0.355000000000000        3.00000000000000     
 -7.500000000000001E-002  0.365000000000000        3.00000000000001     
 -7.500000000000001E-002  0.375000000000000        3.00000000000002     
 -7.500000000000001E-002  0.385000000000000        3.00000000000000     
 -7.500000000000001E-002  0.395000000000000        3.00000000000000     
 -7.500000000000001E-002  0.405000000000000        3.00000000000000     
 -7.500000000000001E-002  0.415000000000000        3.00000000000000     
 -7.500000000000001E-002  0.425000000000000        3.00000000000000     
 -7.500000000000001E-002  0.435000000000000        3.00000000000000     
 -7.500000000000001E-002  0.445000000000000        3.00000000000000     
 -7.500000000000001E-002  0.455000000000000        2.99999999999997     
 -7.500000000000001E-002  0.465000000000000        3.00000000000000     
 -7.500000000000001E-002  0.475000000000000        2.99999999999999     
 -7.500000000000001E-002  0.485000000000000        3.00000000000000     
 -7.500000000000001E-002  0.495000000000000        3.00000000000001     
 -6.500000000000000E-002 -0.495000000000000        2.00000000000001     
 -6.500000000000000E-002 -0.485000000000000        2.00000000000000     
 -6.500000000000000E-002 -0.475000000000000        2.00000000000000     
 -6.500000000000000E-002 -0.465000000000000        1.99999999999999     
 -6.500000000000000E-002 -0.455000000000000        2.00000000000000     
 -6.500000000000000E-002 -0.445000000000000        2.00000000000000     
 -6.500000000000000E-002 -0.435000000000000        2.00000000000000     
 -6.500000000000000E-002 -0.425000000000000        2.00000000000000     
 -6.500000000000000E-002 -0.415000000000000        1.99999999999999     
 -6.500000000000000E-002 -0.405000000000000        2.00000000000000     
 -6.500000000000000E-002 -0.395000000000000        2.00000000000000     
 -6.500000000000000E-002 -0.385000000000000        2.00000000000000     
 -6.500000000000000E-002 -0.375000000000000        2.00000000000000     
 -6.500000000000000E-002 -0.365000000000000        2.00000000000000     
 -6.500000000000000E-002 -0.355000000000000        2.00000000000000     
 -6.500000000000000E-002 -0.345000000000000        2.00000000000000     
 -6.500000000000000E-002 -0.335000000000000        2.00000000000000     
 -6.500000000000000E-002 -0.325000000000000        1.99999999999999     
 -6.500000000000000E-002 -0.315000000000000        2.00000000000000     
 -6.500000000000000E-002 -0.305000000000000        2.00000000000000     
 -6.500000000000000E-002 -0.295000000000000        1.99999999999999     
 -6.500000000000000E-002 -0.285000000000000        2.00000000000000     
 -6.500000000000000E-002 -0.275000000000000        2.00000000000000     
 -6.500000000000000E-002 -0.265000000000000        2.00000000000001     
 -6.500000000000000E-002 -0.255000000000000        2.00000000000001     
 -6.500000000000000E-002 -0.245000000000000        2.00000000000000     
 -6.500000000000000E-002 -0.235000000000000        2.00000000000000     
 -6.500000000000000E-002 -0.225000000000000        2.00000000000000     
 -6.500000000000000E-002 -0.215000000000000        1.99999999999999     
 -6.500000000000000E-002 -0.205000000000000        2.00000000000000     
 -6.500000000000000E-002 -0.195000000000000        2.00000000000000     
 -6.500000000000000E-002 -0.185000000000000        2.00000000000000     
 -6.500000000000000E-002 -0.175000000000000        2.00000000000000     
 -6.500000000000000E-002 -0.165000000000000        2.00000000000000     
 -6.500000000000000E-002 -0.155000000000000        2.00000000000000     
 -6.500000000000000E-002 -0.145000000000000        1.99999999999999     
 -6.500000000000000E-002 -0.135000000000000        2.00000000000001     
 -6.500000000000000E-002 -0.125000000000000        2.00000000000001     
 -6.500000000000000E-002 -0.115000000000000        2.00000000000001     
 -6.500000000000000E-002 -0.105000000000000        2.00000000000000     
 -6.500000000000000E-002 -9.499999999999997E-002   2.00000000000000     
 -6.500000000000000E-002 -8.500000000000002E-002   1.99999999999999     
 -6.500000000000000E-002 -7.500000000000001E-002   2.00000000000000     
 -6.500000000000000E-002 -6.500000000000000E-002   2.00000000000000     
 -6.500000000000000E-002 -5.499999999999999E-002   2.00000000000000     
 -6.500000000000000E-002 -4.499999999999998E-002   2.00000000000000     
 -6.500000000000000E-002 -3.499999999999997E-002   2.00000000000000     
 -6.500000000000000E-002 -2.500000000000002E-002   1.99999999999999     
 -6.500000000000000E-002 -1.500000000000001E-002   2.00000000000000     
 -6.500000000000000E-002 -5.000000000000000E-003   2.00000000000001     
 -6.500000000000000E-002  5.000000000000009E-003   2.00000000000000     
 -6.500000000000000E-002  1.500000000000002E-002   2.00000000000000     
 -6.500000000000000E-002  2.500000000000003E-002   2.00000000000000     
 -6.500000000000000E-002  3.500000000000004E-002   2.00000000000000     
 -6.500000000000000E-002  4.500000000000005E-002   2.00000000000000     
 -6.500000000000000E-002  5.500000000000006E-002   2.00000000000001     
 -6.500000000000000E-002  6.500000000000006E-002   2.00000000000001     
 -6.500000000000000E-002  7.499999999999996E-002   1.99999999999998     
 -6.500000000000000E-002  8.499999999999996E-002   2.00000000000000     
 -6.500000000000000E-002  9.499999999999997E-002   2.00000000000000     
 -6.500000000000000E-002  0.105000000000000        2.00000000000000     
 -6.500000000000000E-002  0.115000000000000        2.00000000000000     
 -6.500000000000000E-002  0.125000000000000        2.00000000000002     
 -6.500000000000000E-002  0.135000000000000        2.00000000155858     
 -6.500000000000000E-002  0.145000000000000        2.00000029200053     
 -6.500000000000000E-002  0.155000000000000        2.00001087855406     
 -6.500000000000000E-002  0.165000000000000        2.00018484449695     
 -6.500000000000000E-002  0.175000000000000        2.00174920489704     
 -6.500000000000000E-002  0.185000000000000        2.01000629560607     
 -6.500000000000000E-002  0.195000000000000        2.03684753590924     
 -6.500000000000000E-002  0.205000000000000        2.09253055282319     
 -6.500000000000000E-002  0.215000000000000        2.16941973755583     
 -6.500000000000000E-002  0.225000000000000        2.25873984139605     
 -6.500000000000000E-002  0.235000000000000        2.36075317701052     
 -6.500000000000000E-002  0.245000000000000        2.45913545460312     
 -6.500000000000000E-002  0.255000000000000        2.55464073605494     
 -6.500000000000000E-002  0.265000000000000        2.64749684503033     
 -6.500000000000000E-002  0.275000000000000        2.73708972756742     
 -6.500000000000000E-002  0.285000000000000        2.82192756647393     
 -6.500000000000000E-002  0.295000000000000        2.89873697186990     
 -6.500000000000000E-002  0.305000000000000        2.95967077165768     
 -6.500000000000000E-002  0.315000000000000        2.99147362099204     
 -6.500000000000000E-002  0.325000000000000        2.99958625868059     
 -6.500000000000000E-002  0.335000000000000        2.99999968526135     
 -6.500000000000000E-002  0.345000000000000        2.99999999999994     
 -6.500000000000000E-002  0.355000000000000        2.99999999999999     
 -6.500000000000000E-002  0.365000000000000        3.00000000000001     
 -6.500000000000000E-002  0.375000000000000        3.00000000000002     
 -6.500000000000000E-002  0.385000000000000        3.00000000000000     
 -6.500000000000000E-002  0.395000000000000        3.00000000000000     
 -6.500000000000000E-002  0.405000000000000        3.00000000000001     
 -6.500000000000000E-002  0.415000000000000        3.00000000000000     
 -6.500000000000000E-002  0.425000000000000        3.00000000000000     
 -6.500000000000000E-002  0.435000000000000        3.00000000000000     
 -6.500000000000000E-002  0.445000000000000        3.00000000000000     
 -6.500000000000000E-002  0.455000000000000        2.99999999999997     
 -6.500000000000000E-002  0.465000000000000        3.00000000000000     
 -6.500000000000000E-002  0.475000000000000        3.00000000000000     
 -6.500000000000000E-002  0.485000000000000        2.99999999999999     
 -6.500000000000000E-002  0.495000000000000        3.00000000000000     
 -5.499999999999999E-002 -0.495000000000000        2.00000000000001     
 -5.499999999999999E-002 -0.485000000000000        2.00000000000000     
 -5.499999999999999E-002 -0.475000000000000        2.00000000000000     
 -5.499999999999999E-002 -0.465000000000000        1.99999999999999     
 -5.499999999999999E-002 -0.455000000000000        2.00000000000001     
 -5.499999999999999E-002 -0.445000000000000        2.00000000000000     
 -5.499999999999999E-002 -0.435000000000000        2.00000000000001     
 -5.499999999999999E-002 -0.425000000000000        2.00000000000000     
 -5.499999999999999E-002 -0.415000000000000        1.99999999999999     
 -5.499999999999999E-002 -0.405000000000000        2.00000000000000     
 -5.499999999999999E-002 -0.395000000000000        2.00000000000001     
 -5.499999999999999E-002 -0.385000000000000        2.00000000000000     
 -5.499999999999999E-002 -0.375000000000000        2.00000000000000     
 -5.499999999999999E-002 -0.365000000000000        2.00000000000000     
 -5.499999999999999E-002 -0.355000000000000        2.00000000000000     
 -5.499999999999999E-002 -0.345000000000000        2.00000000000000     
 -5.499999999999999E-002 -0.335000000000000        2.00000000000000     
 -5.499999999999999E-002 -0.325000000000000        1.99999999999999     
 -5.499999999999999E-002 -0.315000000000000        2.00000000000000     
 -5.499999999999999E-002 -0.305000000000000        2.00000000000000     
 -5.499999999999999E-002 -0.295000000000000        1.99999999999999     
 -5.499999999999999E-002 -0.285000000000000        2.00000000000000     
 -5.499999999999999E-002 -0.275000000000000        2.00000000000000     
 -5.499999999999999E-002 -0.265000000000000        2.00000000000001     
 -5.499999999999999E-002 -0.255000000000000        2.00000000000001     
 -5.499999999999999E-002 -0.245000000000000        2.00000000000000     
 -5.499999999999999E-002 -0.235000000000000        2.00000000000000     
 -5.499999999999999E-002 -0.225000000000000        2.00000000000000     
 -5.499999999999999E-002 -0.215000000000000        1.99999999999999     
 -5.499999999999999E-002 -0.205000000000000        2.00000000000000     
 -5.499999999999999E-002 -0.195000000000000        2.00000000000000     
 -5.499999999999999E-002 -0.185000000000000        2.00000000000000     
 -5.499999999999999E-002 -0.175000000000000        2.00000000000000     
 -5.499999999999999E-002 -0.165000000000000        2.00000000000000     
 -5.499999999999999E-002 -0.155000000000000        2.00000000000000     
 -5.499999999999999E-002 -0.145000000000000        1.99999999999999     
 -5.499999999999999E-002 -0.135000000000000        2.00000000000000     
 -5.499999999999999E-002 -0.125000000000000        2.00000000000001     
 -5.499999999999999E-002 -0.115000000000000        2.00000000000000     
 -5.499999999999999E-002 -0.105000000000000        2.00000000000000     
 -5.499999999999999E-002 -9.499999999999997E-002   2.00000000000000     
 -5.499999999999999E-002 -8.500000000000002E-002   1.99999999999999     
 -5.499999999999999E-002 -7.500000000000001E-002   2.00000000000000     
 -5.499999999999999E-002 -6.500000000000000E-002   2.00000000000000     
 -5.499999999999999E-002 -5.499999999999999E-002   2.00000000000000     
 -5.499999999999999E-002 -4.499999999999998E-002   2.00000000000000     
 -5.499999999999999E-002 -3.499999999999997E-002   2.00000000000000     
 -5.499999999999999E-002 -2.500000000000002E-002   1.99999999999999     
 -5.499999999999999E-002 -1.500000000000001E-002   2.00000000000000     
 -5.499999999999999E-002 -5.000000000000000E-003   2.00000000000000     
 -5.499999999999999E-002  5.000000000000009E-003   2.00000000000000     
 -5.499999999999999E-002  1.500000000000002E-002   2.00000000000000     
 -5.499999999999999E-002  2.500000000000003E-002   2.00000000000000     
 -5.499999999999999E-002  3.500000000000004E-002   2.00000000000000     
 -5.499999999999999E-002  4.500000000000005E-002   2.00000000000000     
 -5.499999999999999E-002  5.500000000000006E-002   2.00000000000001     
 -5.499999999999999E-002  6.500000000000006E-002   2.00000000000001     
 -5.499999999999999E-002  7.499999999999996E-002   1.99999999999998     
 -5.499999999999999E-002  8.499999999999996E-002   2.00000000000000     
 -5.499999999999999E-002  9.499999999999997E-002   2.00000000000000     
 -5.499999999999999E-002  0.105000000000000        2.00000000000000     
 -5.499999999999999E-002  0.115000000000000        2.00000000000000     
 -5.499999999999999E-002  0.125000000000000        2.00000000000002     
 -5.499999999999999E-002  0.135000000000000        2.00000000155859     
 -5.499999999999999E-002  0.145000000000000        2.00000029200052     
 -5.499999999999999E-002  0.155000000000000        2.00001087855406     
 -5.499999999999999E-002  0.165000000000000        2.00018484449695     
 -5.499999999999999E-002  0.175000000000000        2.00174920489705     
 -5.499999999999999E-002  0.185000000000000        2.01000629560606     
 -5.499999999999999E-002  0.195000000000000        2.03684753590924     
 -5.499999999999999E-002  0.205000000000000        2.09253055282319     
 -5.499999999999999E-002  0.215000000000000        2.16941973755582     
 -5.499999999999999E-002  0.225000000000000        2.25873984139605     
 -5.499999999999999E-002  0.235000000000000        2.36075317701073     
 -5.499999999999999E-002  0.245000000000000        2.45913545460292     
 -5.499999999999999E-002  0.255000000000000        2.55464073605479     
 -5.499999999999999E-002  0.265000000000000        2.64749684503011     
 -5.499999999999999E-002  0.275000000000000        2.73708972756695     
 -5.499999999999999E-002  0.285000000000000        2.82192756647306     
 -5.499999999999999E-002  0.295000000000000        2.89873697186936     
 -5.499999999999999E-002  0.305000000000000        2.95967077165751     
 -5.499999999999999E-002  0.315000000000000        2.99147362099172     
 -5.499999999999999E-002  0.325000000000000        2.99958625868053     
 -5.499999999999999E-002  0.335000000000000        2.99999968526136     
 -5.499999999999999E-002  0.345000000000000        2.99999999999993     
 -5.499999999999999E-002  0.355000000000000        3.00000000000000     
 -5.499999999999999E-002  0.365000000000000        3.00000000000001     
 -5.499999999999999E-002  0.375000000000000        3.00000000000002     
 -5.499999999999999E-002  0.385000000000000        3.00000000000001     
 -5.499999999999999E-002  0.395000000000000        3.00000000000000     
 -5.499999999999999E-002  0.405000000000000        3.00000000000000     
 -5.499999999999999E-002  0.415000000000000        3.00000000000000     
 -5.499999999999999E-002  0.425000000000000        3.00000000000000     
 -5.499999999999999E-002  0.435000000000000        3.00000000000000     
 -5.499999999999999E-002  0.445000000000000        3.00000000000000     
 -5.499999999999999E-002  0.455000000000000        2.99999999999997     
 -5.499999999999999E-002  0.465000000000000        3.00000000000000     
 -5.499999999999999E-002  0.475000000000000        3.00000000000001     
 -5.499999999999999E-002  0.485000000000000        3.00000000000000     
 -5.499999999999999E-002  0.495000000000000        3.00000000000000     
 -4.499999999999998E-002 -0.495000000000000        2.00000000000000     
 -4.499999999999998E-002 -0.485000000000000        2.00000000000000     
 -4.499999999999998E-002 -0.475000000000000        2.00000000000000     
 -4.499999999999998E-002 -0.465000000000000        1.99999999999999     
 -4.499999999999998E-002 -0.455000000000000        2.00000000000000     
 -4.499999999999998E-002 -0.445000000000000        2.00000000000000     
 -4.499999999999998E-002 -0.435000000000000        2.00000000000000     
 -4.499999999999998E-002 -0.425000000000000        2.00000000000000     
 -4.499999999999998E-002 -0.415000000000000        1.99999999999999     
 -4.499999999999998E-002 -0.405000000000000        2.00000000000000     
 -4.499999999999998E-002 -0.395000000000000        2.00000000000001     
 -4.499999999999998E-002 -0.385000000000000        2.00000000000000     
 -4.499999999999998E-002 -0.375000000000000        2.00000000000000     
 -4.499999999999998E-002 -0.365000000000000        2.00000000000000     
 -4.499999999999998E-002 -0.355000000000000        2.00000000000001     
 -4.499999999999998E-002 -0.345000000000000        2.00000000000000     
 -4.499999999999998E-002 -0.335000000000000        2.00000000000000     
 -4.499999999999998E-002 -0.325000000000000        1.99999999999999     
 -4.499999999999998E-002 -0.315000000000000        2.00000000000000     
 -4.499999999999998E-002 -0.305000000000000        2.00000000000000     
 -4.499999999999998E-002 -0.295000000000000        1.99999999999999     
 -4.499999999999998E-002 -0.285000000000000        2.00000000000000     
 -4.499999999999998E-002 -0.275000000000000        2.00000000000001     
 -4.499999999999998E-002 -0.265000000000000        2.00000000000001     
 -4.499999999999998E-002 -0.255000000000000        2.00000000000000     
 -4.499999999999998E-002 -0.245000000000000        2.00000000000000     
 -4.499999999999998E-002 -0.235000000000000        2.00000000000000     
 -4.499999999999998E-002 -0.225000000000000        2.00000000000000     
 -4.499999999999998E-002 -0.215000000000000        1.99999999999999     
 -4.499999999999998E-002 -0.205000000000000        2.00000000000000     
 -4.499999999999998E-002 -0.195000000000000        2.00000000000000     
 -4.499999999999998E-002 -0.185000000000000        2.00000000000000     
 -4.499999999999998E-002 -0.175000000000000        2.00000000000000     
 -4.499999999999998E-002 -0.165000000000000        2.00000000000000     
 -4.499999999999998E-002 -0.155000000000000        2.00000000000000     
 -4.499999999999998E-002 -0.145000000000000        1.99999999999999     
 -4.499999999999998E-002 -0.135000000000000        2.00000000000001     
 -4.499999999999998E-002 -0.125000000000000        2.00000000000001     
 -4.499999999999998E-002 -0.115000000000000        2.00000000000000     
 -4.499999999999998E-002 -0.105000000000000        2.00000000000000     
 -4.499999999999998E-002 -9.499999999999997E-002   2.00000000000000     
 -4.499999999999998E-002 -8.500000000000002E-002   1.99999999999999     
 -4.499999999999998E-002 -7.500000000000001E-002   2.00000000000000     
 -4.499999999999998E-002 -6.500000000000000E-002   2.00000000000000     
 -4.499999999999998E-002 -5.499999999999999E-002   2.00000000000000     
 -4.499999999999998E-002 -4.499999999999998E-002   2.00000000000000     
 -4.499999999999998E-002 -3.499999999999997E-002   2.00000000000000     
 -4.499999999999998E-002 -2.500000000000002E-002   1.99999999999999     
 -4.499999999999998E-002 -1.500000000000001E-002   2.00000000000000     
 -4.499999999999998E-002 -5.000000000000000E-003   2.00000000000000     
 -4.499999999999998E-002  5.000000000000009E-003   2.00000000000000     
 -4.499999999999998E-002  1.500000000000002E-002   2.00000000000000     
 -4.499999999999998E-002  2.500000000000003E-002   2.00000000000000     
 -4.499999999999998E-002  3.500000000000004E-002   2.00000000000000     
 -4.499999999999998E-002  4.500000000000005E-002   2.00000000000000     
 -4.499999999999998E-002  5.500000000000006E-002   2.00000000000001     
 -4.499999999999998E-002  6.500000000000006E-002   2.00000000000001     
 -4.499999999999998E-002  7.499999999999996E-002   1.99999999999998     
 -4.499999999999998E-002  8.499999999999996E-002   2.00000000000000     
 -4.499999999999998E-002  9.499999999999997E-002   2.00000000000000     
 -4.499999999999998E-002  0.105000000000000        2.00000000000000     
 -4.499999999999998E-002  0.115000000000000        2.00000000000000     
 -4.499999999999998E-002  0.125000000000000        2.00000000000002     
 -4.499999999999998E-002  0.135000000000000        2.00000000155859     
 -4.499999999999998E-002  0.145000000000000        2.00000029200053     
 -4.499999999999998E-002  0.155000000000000        2.00001087855406     
 -4.499999999999998E-002  0.165000000000000        2.00018484449695     
 -4.499999999999998E-002  0.175000000000000        2.00174920489705     
 -4.499999999999998E-002  0.185000000000000        2.01000629560606     
 -4.499999999999998E-002  0.195000000000000        2.03684753590924     
 -4.499999999999998E-002  0.205000000000000        2.09253055282319     
 -4.499999999999998E-002  0.215000000000000        2.16941973755582     
 -4.499999999999998E-002  0.225000000000000        2.25873984139605     
 -4.499999999999998E-002  0.235000000000000        2.36075317701095     
 -4.499999999999998E-002  0.245000000000000        2.45913545460244     
 -4.499999999999998E-002  0.255000000000000        2.55464073605448     
 -4.499999999999998E-002  0.265000000000000        2.64749684503046     
 -4.499999999999998E-002  0.275000000000000        2.73708972756726     
 -4.499999999999998E-002  0.285000000000000        2.82192756647349     
 -4.499999999999998E-002  0.295000000000000        2.89873697187071     
 -4.499999999999998E-002  0.305000000000000        2.95967077166026     
 -4.499999999999998E-002  0.315000000000000        2.99147362099373     
 -4.499999999999998E-002  0.325000000000000        2.99958625868077     
 -4.499999999999998E-002  0.335000000000000        2.99999968526135     
 -4.499999999999998E-002  0.345000000000000        2.99999999999993     
 -4.499999999999998E-002  0.355000000000000        3.00000000000000     
 -4.499999999999998E-002  0.365000000000000        3.00000000000001     
 -4.499999999999998E-002  0.375000000000000        3.00000000000001     
 -4.499999999999998E-002  0.385000000000000        3.00000000000002     
 -4.499999999999998E-002  0.395000000000000        3.00000000000000     
 -4.499999999999998E-002  0.405000000000000        3.00000000000000     
 -4.499999999999998E-002  0.415000000000000        3.00000000000000     
 -4.499999999999998E-002  0.425000000000000        3.00000000000000     
 -4.499999999999998E-002  0.435000000000000        3.00000000000000     
 -4.499999999999998E-002  0.445000000000000        3.00000000000000     
 -4.499999999999998E-002  0.455000000000000        2.99999999999997     
 -4.499999999999998E-002  0.465000000000000        3.00000000000000     
 -4.499999999999998E-002  0.475000000000000        3.00000000000001     
 -4.499999999999998E-002  0.485000000000000        3.00000000000001     
 -4.499999999999998E-002  0.495000000000000        3.00000000000000     
 -3.499999999999997E-002 -0.495000000000000        2.00000000000001     
 -3.499999999999997E-002 -0.485000000000000        2.00000000000000     
 -3.499999999999997E-002 -0.475000000000000        2.00000000000000     
 -3.499999999999997E-002 -0.465000000000000        1.99999999999999     
 -3.499999999999997E-002 -0.455000000000000        2.00000000000000     
 -3.499999999999997E-002 -0.445000000000000        2.00000000000000     
 -3.499999999999997E-002 -0.435000000000000        2.00000000000000     
 -3.499999999999997E-002 -0.425000000000000        2.00000000000000     
 -3.499999999999997E-002 -0.415000000000000        1.99999999999999     
 -3.499999999999997E-002 -0.405000000000000        2.00000000000001     
 -3.499999999999997E-002 -0.395000000000000        2.00000000000001     
 -3.499999999999997E-002 -0.385000000000000        2.00000000000000     
 -3.499999999999997E-002 -0.375000000000000        2.00000000000000     
 -3.499999999999997E-002 -0.365000000000000        2.00000000000000     
 -3.499999999999997E-002 -0.355000000000000        2.00000000000001     
 -3.499999999999997E-002 -0.345000000000000        2.00000000000000     
 -3.499999999999997E-002 -0.335000000000000        2.00000000000000     
 -3.499999999999997E-002 -0.325000000000000        1.99999999999999     
 -3.499999999999997E-002 -0.315000000000000        2.00000000000000     
 -3.499999999999997E-002 -0.305000000000000        2.00000000000000     
 -3.499999999999997E-002 -0.295000000000000        1.99999999999999     
 -3.499999999999997E-002 -0.285000000000000        2.00000000000000     
 -3.499999999999997E-002 -0.275000000000000        2.00000000000001     
 -3.499999999999997E-002 -0.265000000000000        2.00000000000001     
 -3.499999999999997E-002 -0.255000000000000        2.00000000000000     
 -3.499999999999997E-002 -0.245000000000000        2.00000000000000     
 -3.499999999999997E-002 -0.235000000000000        2.00000000000000     
 -3.499999999999997E-002 -0.225000000000000        2.00000000000000     
 -3.499999999999997E-002 -0.215000000000000        2.00000000000000     
 -3.499999999999997E-002 -0.205000000000000        2.00000000000000     
 -3.499999999999997E-002 -0.195000000000000        2.00000000000000     
 -3.499999999999997E-002 -0.185000000000000        2.00000000000000     
 -3.499999999999997E-002 -0.175000000000000        2.00000000000000     
 -3.499999999999997E-002 -0.165000000000000        2.00000000000000     
 -3.499999999999997E-002 -0.155000000000000        2.00000000000000     
 -3.499999999999997E-002 -0.145000000000000        1.99999999999999     
 -3.499999999999997E-002 -0.135000000000000        2.00000000000001     
 -3.499999999999997E-002 -0.125000000000000        2.00000000000001     
 -3.499999999999997E-002 -0.115000000000000        2.00000000000001     
 -3.499999999999997E-002 -0.105000000000000        2.00000000000001     
 -3.499999999999997E-002 -9.499999999999997E-002   2.00000000000001     
 -3.499999999999997E-002 -8.500000000000002E-002   1.99999999999999     
 -3.499999999999997E-002 -7.500000000000001E-002   2.00000000000000     
 -3.499999999999997E-002 -6.500000000000000E-002   2.00000000000000     
 -3.499999999999997E-002 -5.499999999999999E-002   2.00000000000000     
 -3.499999999999997E-002 -4.499999999999998E-002   2.00000000000000     
 -3.499999999999997E-002 -3.499999999999997E-002   2.00000000000000     
 -3.499999999999997E-002 -2.500000000000002E-002   1.99999999999999     
 -3.499999999999997E-002 -1.500000000000001E-002   2.00000000000001     
 -3.499999999999997E-002 -5.000000000000000E-003   2.00000000000000     
 -3.499999999999997E-002  5.000000000000009E-003   2.00000000000000     
 -3.499999999999997E-002  1.500000000000002E-002   2.00000000000000     
 -3.499999999999997E-002  2.500000000000003E-002   2.00000000000000     
 -3.499999999999997E-002  3.500000000000004E-002   2.00000000000000     
 -3.499999999999997E-002  4.500000000000005E-002   2.00000000000000     
 -3.499999999999997E-002  5.500000000000006E-002   2.00000000000001     
 -3.499999999999997E-002  6.500000000000006E-002   2.00000000000000     
 -3.499999999999997E-002  7.499999999999996E-002   1.99999999999998     
 -3.499999999999997E-002  8.499999999999996E-002   2.00000000000000     
 -3.499999999999997E-002  9.499999999999997E-002   2.00000000000000     
 -3.499999999999997E-002  0.105000000000000        2.00000000000000     
 -3.499999999999997E-002  0.115000000000000        2.00000000000000     
 -3.499999999999997E-002  0.125000000000000        2.00000000000002     
 -3.499999999999997E-002  0.135000000000000        2.00000000155859     
 -3.499999999999997E-002  0.145000000000000        2.00000029200052     
 -3.499999999999997E-002  0.155000000000000        2.00001087855406     
 -3.499999999999997E-002  0.165000000000000        2.00018484449695     
 -3.499999999999997E-002  0.175000000000000        2.00174920489705     
 -3.499999999999997E-002  0.185000000000000        2.01000629560606     
 -3.499999999999997E-002  0.195000000000000        2.03684753590924     
 -3.499999999999997E-002  0.205000000000000        2.09253055282319     
 -3.499999999999997E-002  0.215000000000000        2.16941973755582     
 -3.499999999999997E-002  0.225000000000000        2.25873984139606     
 -3.499999999999997E-002  0.235000000000000        2.36075317701095     
 -3.499999999999997E-002  0.245000000000000        2.45913545460236     
 -3.499999999999997E-002  0.255000000000000        2.55464073605439     
 -3.499999999999997E-002  0.265000000000000        2.64749684503126     
 -3.499999999999997E-002  0.275000000000000        2.73708972756978     
 -3.499999999999997E-002  0.285000000000000        2.82192756647605     
 -3.499999999999997E-002  0.295000000000000        2.89873697187093     
 -3.499999999999997E-002  0.305000000000000        2.95967077165985     
 -3.499999999999997E-002  0.315000000000000        2.99147362099320     
 -3.499999999999997E-002  0.325000000000000        2.99958625868075     
 -3.499999999999997E-002  0.335000000000000        2.99999968526135     
 -3.499999999999997E-002  0.345000000000000        2.99999999999994     
 -3.499999999999997E-002  0.355000000000000        3.00000000000001     
 -3.499999999999997E-002  0.365000000000000        3.00000000000001     
 -3.499999999999997E-002  0.375000000000000        3.00000000000001     
 -3.499999999999997E-002  0.385000000000000        3.00000000000001     
 -3.499999999999997E-002  0.395000000000000        3.00000000000000     
 -3.499999999999997E-002  0.405000000000000        3.00000000000001     
 -3.499999999999997E-002  0.415000000000000        3.00000000000001     
 -3.499999999999997E-002  0.425000000000000        3.00000000000000     
 -3.499999999999997E-002  0.435000000000000        3.00000000000000     
 -3.499999999999997E-002  0.445000000000000        3.00000000000000     
 -3.499999999999997E-002  0.455000000000000        2.99999999999997     
 -3.499999999999997E-002  0.465000000000000        3.00000000000001     
 -3.499999999999997E-002  0.475000000000000        3.00000000000001     
 -3.499999999999997E-002  0.485000000000000        3.00000000000001     
 -3.499999999999997E-002  0.495000000000000        3.00000000000000     
 -2.500000000000002E-002 -0.495000000000000        1.99999999999999     
 -2.500000000000002E-002 -0.485000000000000        1.99999999999999     
 -2.500000000000002E-002 -0.475000000000000        1.99999999999999     
 -2.500000000000002E-002 -0.465000000000000        1.99999999999998     
 -2.500000000000002E-002 -0.455000000000000        1.99999999999999     
 -2.500000000000002E-002 -0.445000000000000        1.99999999999999     
 -2.500000000000002E-002 -0.435000000000000        1.99999999999999     
 -2.500000000000002E-002 -0.425000000000000        1.99999999999999     
 -2.500000000000002E-002 -0.415000000000000        1.99999999999998     
 -2.500000000000002E-002 -0.405000000000000        1.99999999999999     
 -2.500000000000002E-002 -0.395000000000000        1.99999999999999     
 -2.500000000000002E-002 -0.385000000000000        1.99999999999999     
 -2.500000000000002E-002 -0.375000000000000        2.00000000000000     
 -2.500000000000002E-002 -0.365000000000000        1.99999999999999     
 -2.500000000000002E-002 -0.355000000000000        1.99999999999999     
 -2.500000000000002E-002 -0.345000000000000        1.99999999999999     
 -2.500000000000002E-002 -0.335000000000000        1.99999999999999     
 -2.500000000000002E-002 -0.325000000000000        1.99999999999998     
 -2.500000000000002E-002 -0.315000000000000        1.99999999999999     
 -2.500000000000002E-002 -0.305000000000000        1.99999999999999     
 -2.500000000000002E-002 -0.295000000000000        1.99999999999998     
 -2.500000000000002E-002 -0.285000000000000        1.99999999999999     
 -2.500000000000002E-002 -0.275000000000000        2.00000000000000     
 -2.500000000000002E-002 -0.265000000000000        2.00000000000000     
 -2.500000000000002E-002 -0.255000000000000        2.00000000000000     
 -2.500000000000002E-002 -0.245000000000000        1.99999999999999     
 -2.500000000000002E-002 -0.235000000000000        1.99999999999999     
 -2.500000000000002E-002 -0.225000000000000        2.00000000000000     
 -2.500000000000002E-002 -0.215000000000000        1.99999999999999     
 -2.500000000000002E-002 -0.205000000000000        2.00000000000000     
 -2.500000000000002E-002 -0.195000000000000        1.99999999999999     
 -2.500000000000002E-002 -0.185000000000000        1.99999999999999     
 -2.500000000000002E-002 -0.175000000000000        1.99999999999999     
 -2.500000000000002E-002 -0.165000000000000        1.99999999999999     
 -2.500000000000002E-002 -0.155000000000000        1.99999999999999     
 -2.500000000000002E-002 -0.145000000000000        1.99999999999998     
 -2.500000000000002E-002 -0.135000000000000        2.00000000000000     
 -2.500000000000002E-002 -0.125000000000000        2.00000000000000     
 -2.500000000000002E-002 -0.115000000000000        2.00000000000000     
 -2.500000000000002E-002 -0.105000000000000        2.00000000000000     
 -2.500000000000002E-002 -9.499999999999997E-002   2.00000000000000     
 -2.500000000000002E-002 -8.500000000000002E-002   1.99999999999998     
 -2.500000000000002E-002 -7.500000000000001E-002   1.99999999999999     
 -2.500000000000002E-002 -6.500000000000000E-002   1.99999999999999     
 -2.500000000000002E-002 -5.499999999999999E-002   1.99999999999999     
 -2.500000000000002E-002 -4.499999999999998E-002   1.99999999999999     
 -2.500000000000002E-002 -3.499999999999997E-002   1.99999999999999     
 -2.500000000000002E-002 -2.500000000000002E-002   1.99999999999998     
 -2.500000000000002E-002 -1.500000000000001E-002   2.00000000000000     
 -2.500000000000002E-002 -5.000000000000000E-003   1.99999999999999     
 -2.500000000000002E-002  5.000000000000009E-003   1.99999999999999     
 -2.500000000000002E-002  1.500000000000002E-002   1.99999999999999     
 -2.500000000000002E-002  2.500000000000003E-002   1.99999999999999     
 -2.500000000000002E-002  3.500000000000004E-002   1.99999999999999     
 -2.500000000000002E-002  4.500000000000005E-002   1.99999999999999     
 -2.500000000000002E-002  5.500000000000006E-002   2.00000000000000     
 -2.500000000000002E-002  6.500000000000006E-002   2.00000000000000     
 -2.500000000000002E-002  7.499999999999996E-002   1.99999999999997     
 -2.500000000000002E-002  8.499999999999996E-002   1.99999999999999     
 -2.500000000000002E-002  9.499999999999997E-002   1.99999999999999     
 -2.500000000000002E-002  0.105000000000000        1.99999999999999     
 -2.500000000000002E-002  0.115000000000000        2.00000000000000     
 -2.500000000000002E-002  0.125000000000000        2.00000000000001     
 -2.500000000000002E-002  0.135000000000000        2.00000000155858     
 -2.500000000000002E-002  0.145000000000000        2.00000029200051     
 -2.500000000000002E-002  0.155000000000000        2.00001087855405     
 -2.500000000000002E-002  0.165000000000000        2.00018484449694     
 -2.500000000000002E-002  0.175000000000000        2.00174920489703     
 -2.500000000000002E-002  0.185000000000000        2.01000629560605     
 -2.500000000000002E-002  0.195000000000000        2.03684753590923     
 -2.500000000000002E-002  0.205000000000000        2.09253055282318     
 -2.500000000000002E-002  0.215000000000000        2.16941973755581     
 -2.500000000000002E-002  0.225000000000000        2.25873984139605     
 -2.500000000000002E-002  0.235000000000000        2.36075317701094     
 -2.500000000000002E-002  0.245000000000000        2.45913545460234     
 -2.500000000000002E-002  0.255000000000000        2.55464073605435     
 -2.500000000000002E-002  0.265000000000000        2.64749684503125     
 -2.500000000000002E-002  0.275000000000000        2.73708972757013     
 -2.500000000000002E-002  0.285000000000000        2.82192756647667     
 -2.500000000000002E-002  0.295000000000000        2.89873697186978     
 -2.500000000000002E-002  0.305000000000000        2.95967077165475     
 -2.500000000000002E-002  0.315000000000000        2.99147362099066     
 -2.500000000000002E-002  0.325000000000000        2.99958625868040     
 -2.500000000000002E-002  0.335000000000000        2.99999968526135     
 -2.500000000000002E-002  0.345000000000000        2.99999999999993     
 -2.500000000000002E-002  0.355000000000000        2.99999999999999     
 -2.500000000000002E-002  0.365000000000000        3.00000000000000     
 -2.500000000000002E-002  0.375000000000000        2.99999999999999     
 -2.500000000000002E-002  0.385000000000000        3.00000000000000     
 -2.500000000000002E-002  0.395000000000000        2.99999999999999     
 -2.500000000000002E-002  0.405000000000000        2.99999999999999     
 -2.500000000000002E-002  0.415000000000000        2.99999999999999     
 -2.500000000000002E-002  0.425000000000000        2.99999999999999     
 -2.500000000000002E-002  0.435000000000000        2.99999999999999     
 -2.500000000000002E-002  0.445000000000000        2.99999999999999     
 -2.500000000000002E-002  0.455000000000000        2.99999999999996     
 -2.500000000000002E-002  0.465000000000000        2.99999999999999     
 -2.500000000000002E-002  0.475000000000000        3.00000000000000     
 -2.500000000000002E-002  0.485000000000000        2.99999999999999     
 -2.500000000000002E-002  0.495000000000000        2.99999999999999     
 -1.500000000000001E-002 -0.495000000000000        2.00000000000000     
 -1.500000000000001E-002 -0.485000000000000        2.00000000000000     
 -1.500000000000001E-002 -0.475000000000000        2.00000000000001     
 -1.500000000000001E-002 -0.465000000000000        1.99999999999999     
 -1.500000000000001E-002 -0.455000000000000        2.00000000000000     
 -1.500000000000001E-002 -0.445000000000000        2.00000000000000     
 -1.500000000000001E-002 -0.435000000000000        2.00000000000000     
 -1.500000000000001E-002 -0.425000000000000        2.00000000000000     
 -1.500000000000001E-002 -0.415000000000000        1.99999999999999     
 -1.500000000000001E-002 -0.405000000000000        2.00000000000000     
 -1.500000000000001E-002 -0.395000000000000        2.00000000000000     
 -1.500000000000001E-002 -0.385000000000000        2.00000000000000     
 -1.500000000000001E-002 -0.375000000000000        2.00000000000000     
 -1.500000000000001E-002 -0.365000000000000        2.00000000000001     
 -1.500000000000001E-002 -0.355000000000000        2.00000000000000     
 -1.500000000000001E-002 -0.345000000000000        2.00000000000000     
 -1.500000000000001E-002 -0.335000000000000        2.00000000000000     
 -1.500000000000001E-002 -0.325000000000000        1.99999999999999     
 -1.500000000000001E-002 -0.315000000000000        2.00000000000000     
 -1.500000000000001E-002 -0.305000000000000        2.00000000000000     
 -1.500000000000001E-002 -0.295000000000000        2.00000000000000     
 -1.500000000000001E-002 -0.285000000000000        2.00000000000001     
 -1.500000000000001E-002 -0.275000000000000        2.00000000000000     
 -1.500000000000001E-002 -0.265000000000000        2.00000000000001     
 -1.500000000000001E-002 -0.255000000000000        2.00000000000001     
 -1.500000000000001E-002 -0.245000000000000        2.00000000000000     
 -1.500000000000001E-002 -0.235000000000000        2.00000000000000     
 -1.500000000000001E-002 -0.225000000000000        2.00000000000001     
 -1.500000000000001E-002 -0.215000000000000        2.00000000000000     
 -1.500000000000001E-002 -0.205000000000000        2.00000000000000     
 -1.500000000000001E-002 -0.195000000000000        2.00000000000000     
 -1.500000000000001E-002 -0.185000000000000        2.00000000000000     
 -1.500000000000001E-002 -0.175000000000000        2.00000000000000     
 -1.500000000000001E-002 -0.165000000000000        2.00000000000000     
 -1.500000000000001E-002 -0.155000000000000        2.00000000000000     
 -1.500000000000001E-002 -0.145000000000000        1.99999999999999     
 -1.500000000000001E-002 -0.135000000000000        2.00000000000001     
 -1.500000000000001E-002 -0.125000000000000        2.00000000000001     
 -1.500000000000001E-002 -0.115000000000000        2.00000000000001     
 -1.500000000000001E-002 -0.105000000000000        2.00000000000001     
 -1.500000000000001E-002 -9.499999999999997E-002   2.00000000000001     
 -1.500000000000001E-002 -8.500000000000002E-002   1.99999999999999     
 -1.500000000000001E-002 -7.500000000000001E-002   2.00000000000000     
 -1.500000000000001E-002 -6.500000000000000E-002   2.00000000000000     
 -1.500000000000001E-002 -5.499999999999999E-002   2.00000000000000     
 -1.500000000000001E-002 -4.499999999999998E-002   2.00000000000000     
 -1.500000000000001E-002 -3.499999999999997E-002   2.00000000000000     
 -1.500000000000001E-002 -2.500000000000002E-002   1.99999999999999     
 -1.500000000000001E-002 -1.500000000000001E-002   2.00000000000001     
 -1.500000000000001E-002 -5.000000000000000E-003   2.00000000000000     
 -1.500000000000001E-002  5.000000000000009E-003   2.00000000000000     
 -1.500000000000001E-002  1.500000000000002E-002   2.00000000000000     
 -1.500000000000001E-002  2.500000000000003E-002   2.00000000000000     
 -1.500000000000001E-002  3.500000000000004E-002   2.00000000000000     
 -1.500000000000001E-002  4.500000000000005E-002   2.00000000000000     
 -1.500000000000001E-002  5.500000000000006E-002   2.00000000000001     
 -1.500000000000001E-002  6.500000000000006E-002   2.00000000000001     
 -1.500000000000001E-002  7.499999999999996E-002   1.99999999999998     
 -1.500000000000001E-002  8.499999999999996E-002   2.00000000000000     
 -1.500000000000001E-002  9.499999999999997E-002   2.00000000000000     
 -1.500000000000001E-002  0.105000000000000        2.00000000000001     
 -1.500000000000001E-002  0.115000000000000        2.00000000000001     
 -1.500000000000001E-002  0.125000000000000        2.00000000000002     
 -1.500000000000001E-002  0.135000000000000        2.00000000155858     
 -1.500000000000001E-002  0.145000000000000        2.00000029200052     
 -1.500000000000001E-002  0.155000000000000        2.00001087855407     
 -1.500000000000001E-002  0.165000000000000        2.00018484449695     
 -1.500000000000001E-002  0.175000000000000        2.00174920489704     
 -1.500000000000001E-002  0.185000000000000        2.01000629560607     
 -1.500000000000001E-002  0.195000000000000        2.03684753590924     
 -1.500000000000001E-002  0.205000000000000        2.09253055282319     
 -1.500000000000001E-002  0.215000000000000        2.16941973755583     
 -1.500000000000001E-002  0.225000000000000        2.25873984139606     
 -1.500000000000001E-002  0.235000000000000        2.36075317701093     
 -1.500000000000001E-002  0.245000000000000        2.45913545460237     
 -1.500000000000001E-002  0.255000000000000        2.55464073605438     
 -1.500000000000001E-002  0.265000000000000        2.64749684503125     
 -1.500000000000001E-002  0.275000000000000        2.73708972757016     
 -1.500000000000001E-002  0.285000000000000        2.82192756647691     
 -1.500000000000001E-002  0.295000000000000        2.89873697187016     
 -1.500000000000001E-002  0.305000000000000        2.95967077165458     
 -1.500000000000001E-002  0.315000000000000        2.99147362099015     
 -1.500000000000001E-002  0.325000000000000        2.99958625868037     
 -1.500000000000001E-002  0.335000000000000        2.99999968526136     
 -1.500000000000001E-002  0.345000000000000        2.99999999999994     
 -1.500000000000001E-002  0.355000000000000        3.00000000000001     
 -1.500000000000001E-002  0.365000000000000        3.00000000000001     
 -1.500000000000001E-002  0.375000000000000        3.00000000000001     
 -1.500000000000001E-002  0.385000000000000        3.00000000000002     
 -1.500000000000001E-002  0.395000000000000        3.00000000000001     
 -1.500000000000001E-002  0.405000000000000        3.00000000000000     
 -1.500000000000001E-002  0.415000000000000        3.00000000000001     
 -1.500000000000001E-002  0.425000000000000        3.00000000000000     
 -1.500000000000001E-002  0.435000000000000        3.00000000000001     
 -1.500000000000001E-002  0.445000000000000        3.00000000000001     
 -1.500000000000001E-002  0.455000000000000        2.99999999999997     
 -1.500000000000001E-002  0.465000000000000        3.00000000000000     
 -1.500000000000001E-002  0.475000000000000        3.00000000000000     
 -1.500000000000001E-002  0.485000000000000        3.00000000000001     
 -1.500000000000001E-002  0.495000000000000        3.00000000000000     
 -5.000000000000000E-003 -0.495000000000000        2.00000000000001     
 -5.000000000000000E-003 -0.485000000000000        2.00000000000000     
 -5.000000000000000E-003 -0.475000000000000        2.00000000000000     
 -5.000000000000000E-003 -0.465000000000000        1.99999999999998     
 -5.000000000000000E-003 -0.455000000000000        2.00000000000000     
 -5.000000000000000E-003 -0.445000000000000        2.00000000000000     
 -5.000000000000000E-003 -0.435000000000000        2.00000000000000     
 -5.000000000000000E-003 -0.425000000000000        2.00000000000000     
 -5.000000000000000E-003 -0.415000000000000        1.99999999999999     
 -5.000000000000000E-003 -0.405000000000000        2.00000000000000     
 -5.000000000000000E-003 -0.395000000000000        2.00000000000000     
 -5.000000000000000E-003 -0.385000000000000        2.00000000000000     
 -5.000000000000000E-003 -0.375000000000000        2.00000000000000     
 -5.000000000000000E-003 -0.365000000000000        2.00000000000000     
 -5.000000000000000E-003 -0.355000000000000        2.00000000000000     
 -5.000000000000000E-003 -0.345000000000000        2.00000000000000     
 -5.000000000000000E-003 -0.335000000000000        2.00000000000000     
 -5.000000000000000E-003 -0.325000000000000        1.99999999999999     
 -5.000000000000000E-003 -0.315000000000000        2.00000000000000     
 -5.000000000000000E-003 -0.305000000000000        2.00000000000000     
 -5.000000000000000E-003 -0.295000000000000        1.99999999999999     
 -5.000000000000000E-003 -0.285000000000000        2.00000000000001     
 -5.000000000000000E-003 -0.275000000000000        2.00000000000001     
 -5.000000000000000E-003 -0.265000000000000        2.00000000000001     
 -5.000000000000000E-003 -0.255000000000000        2.00000000000000     
 -5.000000000000000E-003 -0.245000000000000        2.00000000000000     
 -5.000000000000000E-003 -0.235000000000000        2.00000000000000     
 -5.000000000000000E-003 -0.225000000000000        2.00000000000000     
 -5.000000000000000E-003 -0.215000000000000        1.99999999999999     
 -5.000000000000000E-003 -0.205000000000000        2.00000000000000     
 -5.000000000000000E-003 -0.195000000000000        2.00000000000000     
 -5.000000000000000E-003 -0.185000000000000        2.00000000000000     
 -5.000000000000000E-003 -0.175000000000000        2.00000000000000     
 -5.000000000000000E-003 -0.165000000000000        2.00000000000000     
 -5.000000000000000E-003 -0.155000000000000        2.00000000000000     
 -5.000000000000000E-003 -0.145000000000000        1.99999999999999     
 -5.000000000000000E-003 -0.135000000000000        2.00000000000001     
 -5.000000000000000E-003 -0.125000000000000        2.00000000000001     
 -5.000000000000000E-003 -0.115000000000000        2.00000000000001     
 -5.000000000000000E-003 -0.105000000000000        2.00000000000000     
 -5.000000000000000E-003 -9.499999999999997E-002   2.00000000000000     
 -5.000000000000000E-003 -8.500000000000002E-002   1.99999999999999     
 -5.000000000000000E-003 -7.500000000000001E-002   2.00000000000000     
 -5.000000000000000E-003 -6.500000000000000E-002   2.00000000000000     
 -5.000000000000000E-003 -5.499999999999999E-002   2.00000000000000     
 -5.000000000000000E-003 -4.499999999999998E-002   2.00000000000000     
 -5.000000000000000E-003 -3.499999999999997E-002   2.00000000000000     
 -5.000000000000000E-003 -2.500000000000002E-002   2.00000000000000     
 -5.000000000000000E-003 -1.500000000000001E-002   2.00000000000001     
 -5.000000000000000E-003 -5.000000000000000E-003   2.00000000000001     
 -5.000000000000000E-003  5.000000000000009E-003   2.00000000000000     
 -5.000000000000000E-003  1.500000000000002E-002   2.00000000000000     
 -5.000000000000000E-003  2.500000000000003E-002   2.00000000000000     
 -5.000000000000000E-003  3.500000000000004E-002   2.00000000000000     
 -5.000000000000000E-003  4.500000000000005E-002   2.00000000000000     
 -5.000000000000000E-003  5.500000000000006E-002   2.00000000000001     
 -5.000000000000000E-003  6.500000000000006E-002   2.00000000000001     
 -5.000000000000000E-003  7.499999999999996E-002   1.99999999999998     
 -5.000000000000000E-003  8.499999999999996E-002   2.00000000000000     
 -5.000000000000000E-003  9.499999999999997E-002   2.00000000000000     
 -5.000000000000000E-003  0.105000000000000        2.00000000000001     
 -5.000000000000000E-003  0.115000000000000        2.00000000000001     
 -5.000000000000000E-003  0.125000000000000        2.00000000000002     
 -5.000000000000000E-003  0.135000000000000        2.00000000155858     
 -5.000000000000000E-003  0.145000000000000        2.00000029200053     
 -5.000000000000000E-003  0.155000000000000        2.00001087855406     
 -5.000000000000000E-003  0.165000000000000        2.00018484449695     
 -5.000000000000000E-003  0.175000000000000        2.00174920489704     
 -5.000000000000000E-003  0.185000000000000        2.01000629560607     
 -5.000000000000000E-003  0.195000000000000        2.03684753590923     
 -5.000000000000000E-003  0.205000000000000        2.09253055282319     
 -5.000000000000000E-003  0.215000000000000        2.16941973755583     
 -5.000000000000000E-003  0.225000000000000        2.25873984139606     
 -5.000000000000000E-003  0.235000000000000        2.36075317701088     
 -5.000000000000000E-003  0.245000000000000        2.45913545460247     
 -5.000000000000000E-003  0.255000000000000        2.55464073605445     
 -5.000000000000000E-003  0.265000000000000        2.64749684503132     
 -5.000000000000000E-003  0.275000000000000        2.73708972757039     
 -5.000000000000000E-003  0.285000000000000        2.82192756647731     
 -5.000000000000000E-003  0.295000000000000        2.89873697187044     
 -5.000000000000000E-003  0.305000000000000        2.95967077165453     
 -5.000000000000000E-003  0.315000000000000        2.99147362099014     
 -5.000000000000000E-003  0.325000000000000        2.99958625868036     
 -5.000000000000000E-003  0.335000000000000        2.99999968526135     
 -5.000000000000000E-003  0.345000000000000        2.99999999999994     
 -5.000000000000000E-003  0.355000000000000        3.00000000000000     
 -5.000000000000000E-003  0.365000000000000        3.00000000000001     
 -5.000000000000000E-003  0.375000000000000        3.00000000000001     
 -5.000000000000000E-003  0.385000000000000        3.00000000000001     
 -5.000000000000000E-003  0.395000000000000        3.00000000000001     
 -5.000000000000000E-003  0.405000000000000        3.00000000000000     
 -5.000000000000000E-003  0.415000000000000        3.00000000000000     
 -5.000000000000000E-003  0.425000000000000        3.00000000000001     
 -5.000000000000000E-003  0.435000000000000        3.00000000000001     
 -5.000000000000000E-003  0.445000000000000        3.00000000000000     
 -5.000000000000000E-003  0.455000000000000        2.99999999999997     
 -5.000000000000000E-003  0.465000000000000        3.00000000000000     
 -5.000000000000000E-003  0.475000000000000        3.00000000000000     
 -5.000000000000000E-003  0.485000000000000        3.00000000000001     
 -5.000000000000000E-003  0.495000000000000        3.00000000000000     
  5.000000000000009E-003 -0.495000000000000        2.00000000000000     
  5.000000000000009E-003 -0.485000000000000        2.00000000000000     
  5.000000000000009E-003 -0.475000000000000        2.00000000000000     
  5.000000000000009E-003 -0.465000000000000        1.99999999999998     
  5.000000000000009E-003 -0.455000000000000        2.00000000000000     
  5.000000000000009E-003 -0.445000000000000        2.00000000000000     
  5.000000000000009E-003 -0.435000000000000        2.00000000000000     
  5.000000000000009E-003 -0.425000000000000        2.00000000000000     
  5.000000000000009E-003 -0.415000000000000        1.99999999999999     
  5.000000000000009E-003 -0.405000000000000        2.00000000000000     
  5.000000000000009E-003 -0.395000000000000        2.00000000000000     
  5.000000000000009E-003 -0.385000000000000        2.00000000000000     
  5.000000000000009E-003 -0.375000000000000        2.00000000000000     
  5.000000000000009E-003 -0.365000000000000        2.00000000000000     
  5.000000000000009E-003 -0.355000000000000        2.00000000000000     
  5.000000000000009E-003 -0.345000000000000        2.00000000000000     
  5.000000000000009E-003 -0.335000000000000        2.00000000000000     
  5.000000000000009E-003 -0.325000000000000        1.99999999999999     
  5.000000000000009E-003 -0.315000000000000        2.00000000000000     
  5.000000000000009E-003 -0.305000000000000        2.00000000000000     
  5.000000000000009E-003 -0.295000000000000        1.99999999999999     
  5.000000000000009E-003 -0.285000000000000        2.00000000000000     
  5.000000000000009E-003 -0.275000000000000        2.00000000000001     
  5.000000000000009E-003 -0.265000000000000        2.00000000000001     
  5.000000000000009E-003 -0.255000000000000        2.00000000000000     
  5.000000000000009E-003 -0.245000000000000        2.00000000000000     
  5.000000000000009E-003 -0.235000000000000        2.00000000000000     
  5.000000000000009E-003 -0.225000000000000        2.00000000000000     
  5.000000000000009E-003 -0.215000000000000        1.99999999999999     
  5.000000000000009E-003 -0.205000000000000        2.00000000000000     
  5.000000000000009E-003 -0.195000000000000        2.00000000000000     
  5.000000000000009E-003 -0.185000000000000        2.00000000000000     
  5.000000000000009E-003 -0.175000000000000        2.00000000000000     
  5.000000000000009E-003 -0.165000000000000        2.00000000000000     
  5.000000000000009E-003 -0.155000000000000        2.00000000000000     
  5.000000000000009E-003 -0.145000000000000        1.99999999999999     
  5.000000000000009E-003 -0.135000000000000        2.00000000000000     
  5.000000000000009E-003 -0.125000000000000        2.00000000000001     
  5.000000000000009E-003 -0.115000000000000        2.00000000000001     
  5.000000000000009E-003 -0.105000000000000        2.00000000000000     
  5.000000000000009E-003 -9.499999999999997E-002   2.00000000000000     
  5.000000000000009E-003 -8.500000000000002E-002   1.99999999999999     
  5.000000000000009E-003 -7.500000000000001E-002   2.00000000000000     
  5.000000000000009E-003 -6.500000000000000E-002   2.00000000000000     
  5.000000000000009E-003 -5.499999999999999E-002   2.00000000000000     
  5.000000000000009E-003 -4.499999999999998E-002   2.00000000000000     
  5.000000000000009E-003 -3.499999999999997E-002   2.00000000000000     
  5.000000000000009E-003 -2.500000000000002E-002   1.99999999999999     
  5.000000000000009E-003 -1.500000000000001E-002   2.00000000000001     
  5.000000000000009E-003 -5.000000000000000E-003   2.00000000000001     
  5.000000000000009E-003  5.000000000000009E-003   2.00000000000000     
  5.000000000000009E-003  1.500000000000002E-002   2.00000000000000     
  5.000000000000009E-003  2.500000000000003E-002   2.00000000000000     
  5.000000000000009E-003  3.500000000000004E-002   2.00000000000000     
  5.000000000000009E-003  4.500000000000005E-002   2.00000000000000     
  5.000000000000009E-003  5.500000000000006E-002   2.00000000000000     
  5.000000000000009E-003  6.500000000000006E-002   2.00000000000000     
  5.000000000000009E-003  7.499999999999996E-002   1.99999999999998     
  5.000000000000009E-003  8.499999999999996E-002   2.00000000000000     
  5.000000000000009E-003  9.499999999999997E-002   2.00000000000000     
  5.000000000000009E-003  0.105000000000000        2.00000000000001     
  5.000000000000009E-003  0.115000000000000        2.00000000000001     
  5.000000000000009E-003  0.125000000000000        2.00000000000002     
  5.000000000000009E-003  0.135000000000000        2.00000000155858     
  5.000000000000009E-003  0.145000000000000        2.00000029200053     
  5.000000000000009E-003  0.155000000000000        2.00001087855406     
  5.000000000000009E-003  0.165000000000000        2.00018484449695     
  5.000000000000009E-003  0.175000000000000        2.00174920489705     
  5.000000000000009E-003  0.185000000000000        2.01000629560606     
  5.000000000000009E-003  0.195000000000000        2.03684753590923     
  5.000000000000009E-003  0.205000000000000        2.09253055282319     
  5.000000000000009E-003  0.215000000000000        2.16941973755583     
  5.000000000000009E-003  0.225000000000000        2.25873984139606     
  5.000000000000009E-003  0.235000000000000        2.36075317701088     
  5.000000000000009E-003  0.245000000000000        2.45913545460250     
  5.000000000000009E-003  0.255000000000000        2.55464073605445     
  5.000000000000009E-003  0.265000000000000        2.64749684503105     
  5.000000000000009E-003  0.275000000000000        2.73708972756996     
  5.000000000000009E-003  0.285000000000000        2.82192756647688     
  5.000000000000009E-003  0.295000000000000        2.89873697186973     
  5.000000000000009E-003  0.305000000000000        2.95967077165323     
  5.000000000000009E-003  0.315000000000000        2.99147362098973     
  5.000000000000009E-003  0.325000000000000        2.99958625868029     
  5.000000000000009E-003  0.335000000000000        2.99999968526135     
  5.000000000000009E-003  0.345000000000000        2.99999999999995     
  5.000000000000009E-003  0.355000000000000        3.00000000000001     
  5.000000000000009E-003  0.365000000000000        3.00000000000001     
  5.000000000000009E-003  0.375000000000000        3.00000000000002     
  5.000000000000009E-003  0.385000000000000        3.00000000000001     
  5.000000000000009E-003  0.395000000000000        3.00000000000001     
  5.000000000000009E-003  0.405000000000000        3.00000000000001     
  5.000000000000009E-003  0.415000000000000        3.00000000000000     
  5.000000000000009E-003  0.425000000000000        3.00000000000001     
  5.000000000000009E-003  0.435000000000000        3.00000000000001     
  5.000000000000009E-003  0.445000000000000        3.00000000000001     
  5.000000000000009E-003  0.455000000000000        2.99999999999997     
  5.000000000000009E-003  0.465000000000000        3.00000000000000     
  5.000000000000009E-003  0.475000000000000        3.00000000000000     
  5.000000000000009E-003  0.485000000000000        3.00000000000001     
  5.000000000000009E-003  0.495000000000000        3.00000000000001     
  1.500000000000002E-002 -0.495000000000000        1.99999999999999     
  1.500000000000002E-002 -0.485000000000000        2.00000000000000     
  1.500000000000002E-002 -0.475000000000000        2.00000000000000     
  1.500000000000002E-002 -0.465000000000000        1.99999999999999     
  1.500000000000002E-002 -0.455000000000000        2.00000000000000     
  1.500000000000002E-002 -0.445000000000000        2.00000000000000     
  1.500000000000002E-002 -0.435000000000000        2.00000000000000     
  1.500000000000002E-002 -0.425000000000000        2.00000000000000     
  1.500000000000002E-002 -0.415000000000000        1.99999999999999     
  1.500000000000002E-002 -0.405000000000000        2.00000000000000     
  1.500000000000002E-002 -0.395000000000000        2.00000000000000     
  1.500000000000002E-002 -0.385000000000000        2.00000000000000     
  1.500000000000002E-002 -0.375000000000000        2.00000000000000     
  1.500000000000002E-002 -0.365000000000000        2.00000000000001     
  1.500000000000002E-002 -0.355000000000000        2.00000000000000     
  1.500000000000002E-002 -0.345000000000000        2.00000000000000     
  1.500000000000002E-002 -0.335000000000000        2.00000000000000     
  1.500000000000002E-002 -0.325000000000000        1.99999999999999     
  1.500000000000002E-002 -0.315000000000000        2.00000000000000     
  1.500000000000002E-002 -0.305000000000000        2.00000000000001     
  1.500000000000002E-002 -0.295000000000000        2.00000000000000     
  1.500000000000002E-002 -0.285000000000000        2.00000000000000     
  1.500000000000002E-002 -0.275000000000000        2.00000000000001     
  1.500000000000002E-002 -0.265000000000000        2.00000000000001     
  1.500000000000002E-002 -0.255000000000000        2.00000000000000     
  1.500000000000002E-002 -0.245000000000000        2.00000000000001     
  1.500000000000002E-002 -0.235000000000000        2.00000000000000     
  1.500000000000002E-002 -0.225000000000000        2.00000000000000     
  1.500000000000002E-002 -0.215000000000000        1.99999999999999     
  1.500000000000002E-002 -0.205000000000000        2.00000000000000     
  1.500000000000002E-002 -0.195000000000000        2.00000000000000     
  1.500000000000002E-002 -0.185000000000000        2.00000000000000     
  1.500000000000002E-002 -0.175000000000000        2.00000000000000     
  1.500000000000002E-002 -0.165000000000000        2.00000000000000     
  1.500000000000002E-002 -0.155000000000000        2.00000000000000     
  1.500000000000002E-002 -0.145000000000000        1.99999999999999     
  1.500000000000002E-002 -0.135000000000000        2.00000000000001     
  1.500000000000002E-002 -0.125000000000000        2.00000000000001     
  1.500000000000002E-002 -0.115000000000000        2.00000000000000     
  1.500000000000002E-002 -0.105000000000000        2.00000000000000     
  1.500000000000002E-002 -9.499999999999997E-002   2.00000000000000     
  1.500000000000002E-002 -8.500000000000002E-002   1.99999999999999     
  1.500000000000002E-002 -7.500000000000001E-002   2.00000000000000     
  1.500000000000002E-002 -6.500000000000000E-002   2.00000000000000     
  1.500000000000002E-002 -5.499999999999999E-002   2.00000000000000     
  1.500000000000002E-002 -4.499999999999998E-002   2.00000000000000     
  1.500000000000002E-002 -3.499999999999997E-002   2.00000000000000     
  1.500000000000002E-002 -2.500000000000002E-002   1.99999999999999     
  1.500000000000002E-002 -1.500000000000001E-002   2.00000000000001     
  1.500000000000002E-002 -5.000000000000000E-003   2.00000000000000     
  1.500000000000002E-002  5.000000000000009E-003   2.00000000000000     
  1.500000000000002E-002  1.500000000000002E-002   2.00000000000000     
  1.500000000000002E-002  2.500000000000003E-002   2.00000000000000     
  1.500000000000002E-002  3.500000000000004E-002   2.00000000000000     
  1.500000000000002E-002  4.500000000000005E-002   2.00000000000000     
  1.500000000000002E-002  5.500000000000006E-002   2.00000000000001     
  1.500000000000002E-002  6.500000000000006E-002   2.00000000000001     
  1.500000000000002E-002  7.499999999999996E-002   1.99999999999998     
  1.500000000000002E-002  8.499999999999996E-002   2.00000000000000     
  1.500000000000002E-002  9.499999999999997E-002   2.00000000000000     
  1.500000000000002E-002  0.105000000000000        2.00000000000001     
  1.500000000000002E-002  0.115000000000000        2.00000000000000     
  1.500000000000002E-002  0.125000000000000        2.00000000000002     
  1.500000000000002E-002  0.135000000000000        2.00000000155858     
  1.500000000000002E-002  0.145000000000000        2.00000029200052     
  1.500000000000002E-002  0.155000000000000        2.00001087855406     
  1.500000000000002E-002  0.165000000000000        2.00018484449695     
  1.500000000000002E-002  0.175000000000000        2.00174920489704     
  1.500000000000002E-002  0.185000000000000        2.01000629560607     
  1.500000000000002E-002  0.195000000000000        2.03684753590924     
  1.500000000000002E-002  0.205000000000000        2.09253055282319     
  1.500000000000002E-002  0.215000000000000        2.16941973755582     
  1.500000000000002E-002  0.225000000000000        2.25873984139606     
  1.500000000000002E-002  0.235000000000000        2.36075317701091     
  1.500000000000002E-002  0.245000000000000        2.45913545460241     
  1.500000000000002E-002  0.255000000000000        2.55464073605445     
  1.500000000000002E-002  0.265000000000000        2.64749684503108     
  1.500000000000002E-002  0.275000000000000        2.73708972756954     
  1.500000000000002E-002  0.285000000000000        2.82192756647628     
  1.500000000000002E-002  0.295000000000000        2.89873697187002     
  1.500000000000002E-002  0.305000000000000        2.95967077165477     
  1.500000000000002E-002  0.315000000000000        2.99147362099023     
  1.500000000000002E-002  0.325000000000000        2.99958625868034     
  1.500000000000002E-002  0.335000000000000        2.99999968526135     
  1.500000000000002E-002  0.345000000000000        2.99999999999995     
  1.500000000000002E-002  0.355000000000000        3.00000000000001     
  1.500000000000002E-002  0.365000000000000        3.00000000000002     
  1.500000000000002E-002  0.375000000000000        3.00000000000002     
  1.500000000000002E-002  0.385000000000000        3.00000000000001     
  1.500000000000002E-002  0.395000000000000        3.00000000000000     
  1.500000000000002E-002  0.405000000000000        3.00000000000001     
  1.500000000000002E-002  0.415000000000000        3.00000000000001     
  1.500000000000002E-002  0.425000000000000        3.00000000000000     
  1.500000000000002E-002  0.435000000000000        3.00000000000000     
  1.500000000000002E-002  0.445000000000000        3.00000000000001     
  1.500000000000002E-002  0.455000000000000        2.99999999999997     
  1.500000000000002E-002  0.465000000000000        3.00000000000000     
  1.500000000000002E-002  0.475000000000000        3.00000000000000     
  1.500000000000002E-002  0.485000000000000        3.00000000000001     
  1.500000000000002E-002  0.495000000000000        3.00000000000001     
  2.500000000000003E-002 -0.495000000000000        2.00000000000000     
  2.500000000000003E-002 -0.485000000000000        2.00000000000000     
  2.500000000000003E-002 -0.475000000000000        2.00000000000000     
  2.500000000000003E-002 -0.465000000000000        1.99999999999999     
  2.500000000000003E-002 -0.455000000000000        2.00000000000000     
  2.500000000000003E-002 -0.445000000000000        2.00000000000000     
  2.500000000000003E-002 -0.435000000000000        2.00000000000000     
  2.500000000000003E-002 -0.425000000000000        2.00000000000000     
  2.500000000000003E-002 -0.415000000000000        1.99999999999999     
  2.500000000000003E-002 -0.405000000000000        2.00000000000000     
  2.500000000000003E-002 -0.395000000000000        2.00000000000000     
  2.500000000000003E-002 -0.385000000000000        2.00000000000000     
  2.500000000000003E-002 -0.375000000000000        2.00000000000000     
  2.500000000000003E-002 -0.365000000000000        2.00000000000000     
  2.500000000000003E-002 -0.355000000000000        2.00000000000000     
  2.500000000000003E-002 -0.345000000000000        2.00000000000000     
  2.500000000000003E-002 -0.335000000000000        2.00000000000000     
  2.500000000000003E-002 -0.325000000000000        1.99999999999999     
  2.500000000000003E-002 -0.315000000000000        2.00000000000000     
  2.500000000000003E-002 -0.305000000000000        2.00000000000000     
  2.500000000000003E-002 -0.295000000000000        2.00000000000000     
  2.500000000000003E-002 -0.285000000000000        2.00000000000000     
  2.500000000000003E-002 -0.275000000000000        2.00000000000001     
  2.500000000000003E-002 -0.265000000000000        2.00000000000001     
  2.500000000000003E-002 -0.255000000000000        2.00000000000000     
  2.500000000000003E-002 -0.245000000000000        2.00000000000000     
  2.500000000000003E-002 -0.235000000000000        2.00000000000000     
  2.500000000000003E-002 -0.225000000000000        2.00000000000000     
  2.500000000000003E-002 -0.215000000000000        1.99999999999999     
  2.500000000000003E-002 -0.205000000000000        2.00000000000000     
  2.500000000000003E-002 -0.195000000000000        2.00000000000000     
  2.500000000000003E-002 -0.185000000000000        2.00000000000000     
  2.500000000000003E-002 -0.175000000000000        2.00000000000000     
  2.500000000000003E-002 -0.165000000000000        2.00000000000000     
  2.500000000000003E-002 -0.155000000000000        2.00000000000000     
  2.500000000000003E-002 -0.145000000000000        1.99999999999999     
  2.500000000000003E-002 -0.135000000000000        2.00000000000001     
  2.500000000000003E-002 -0.125000000000000        2.00000000000001     
  2.500000000000003E-002 -0.115000000000000        2.00000000000001     
  2.500000000000003E-002 -0.105000000000000        2.00000000000000     
  2.500000000000003E-002 -9.499999999999997E-002   2.00000000000000     
  2.500000000000003E-002 -8.500000000000002E-002   1.99999999999999     
  2.500000000000003E-002 -7.500000000000001E-002   2.00000000000000     
  2.500000000000003E-002 -6.500000000000000E-002   2.00000000000000     
  2.500000000000003E-002 -5.499999999999999E-002   2.00000000000000     
  2.500000000000003E-002 -4.499999999999998E-002   2.00000000000000     
  2.500000000000003E-002 -3.499999999999997E-002   2.00000000000000     
  2.500000000000003E-002 -2.500000000000002E-002   1.99999999999999     
  2.500000000000003E-002 -1.500000000000001E-002   2.00000000000000     
  2.500000000000003E-002 -5.000000000000000E-003   2.00000000000000     
  2.500000000000003E-002  5.000000000000009E-003   2.00000000000000     
  2.500000000000003E-002  1.500000000000002E-002   2.00000000000000     
  2.500000000000003E-002  2.500000000000003E-002   2.00000000000000     
  2.500000000000003E-002  3.500000000000004E-002   2.00000000000000     
  2.500000000000003E-002  4.500000000000005E-002   2.00000000000000     
  2.500000000000003E-002  5.500000000000006E-002   2.00000000000001     
  2.500000000000003E-002  6.500000000000006E-002   2.00000000000001     
  2.500000000000003E-002  7.499999999999996E-002   1.99999999999998     
  2.500000000000003E-002  8.499999999999996E-002   2.00000000000000     
  2.500000000000003E-002  9.499999999999997E-002   2.00000000000000     
  2.500000000000003E-002  0.105000000000000        2.00000000000000     
  2.500000000000003E-002  0.115000000000000        2.00000000000000     
  2.500000000000003E-002  0.125000000000000        2.00000000000002     
  2.500000000000003E-002  0.135000000000000        2.00000000155858     
  2.500000000000003E-002  0.145000000000000        2.00000029200053     
  2.500000000000003E-002  0.155000000000000        2.00001087855406     
  2.500000000000003E-002  0.165000000000000        2.00018484449695     
  2.500000000000003E-002  0.175000000000000        2.00174920489704     
  2.500000000000003E-002  0.185000000000000        2.01000629560606     
  2.500000000000003E-002  0.195000000000000        2.03684753590924     
  2.500000000000003E-002  0.205000000000000        2.09253055282320     
  2.500000000000003E-002  0.215000000000000        2.16941973755582     
  2.500000000000003E-002  0.225000000000000        2.25873984139606     
  2.500000000000003E-002  0.235000000000000        2.36075317701083     
  2.500000000000003E-002  0.245000000000000        2.45913545460247     
  2.500000000000003E-002  0.255000000000000        2.55464073605453     
  2.500000000000003E-002  0.265000000000000        2.64749684503132     
  2.500000000000003E-002  0.275000000000000        2.73708972757006     
  2.500000000000003E-002  0.285000000000000        2.82192756647683     
  2.500000000000003E-002  0.295000000000000        2.89873697187090     
  2.500000000000003E-002  0.305000000000000        2.95967077165615     
  2.500000000000003E-002  0.315000000000000        2.99147362099087     
  2.500000000000003E-002  0.325000000000000        2.99958625868044     
  2.500000000000003E-002  0.335000000000000        2.99999968526135     
  2.500000000000003E-002  0.345000000000000        2.99999999999994     
  2.500000000000003E-002  0.355000000000000        3.00000000000000     
  2.500000000000003E-002  0.365000000000000        3.00000000000001     
  2.500000000000003E-002  0.375000000000000        3.00000000000002     
  2.500000000000003E-002  0.385000000000000        3.00000000000001     
  2.500000000000003E-002  0.395000000000000        3.00000000000000     
  2.500000000000003E-002  0.405000000000000        3.00000000000000     
  2.500000000000003E-002  0.415000000000000        3.00000000000001     
  2.500000000000003E-002  0.425000000000000        3.00000000000000     
  2.500000000000003E-002  0.435000000000000        3.00000000000000     
  2.500000000000003E-002  0.445000000000000        3.00000000000000     
  2.500000000000003E-002  0.455000000000000        2.99999999999997     
  2.500000000000003E-002  0.465000000000000        3.00000000000000     
  2.500000000000003E-002  0.475000000000000        3.00000000000001     
  2.500000000000003E-002  0.485000000000000        3.00000000000001     
  2.500000000000003E-002  0.495000000000000        3.00000000000001     
  3.500000000000004E-002 -0.495000000000000        2.00000000000000     
  3.500000000000004E-002 -0.485000000000000        2.00000000000000     
  3.500000000000004E-002 -0.475000000000000        2.00000000000001     
  3.500000000000004E-002 -0.465000000000000        1.99999999999999     
  3.500000000000004E-002 -0.455000000000000        2.00000000000000     
  3.500000000000004E-002 -0.445000000000000        2.00000000000000     
  3.500000000000004E-002 -0.435000000000000        2.00000000000001     
  3.500000000000004E-002 -0.425000000000000        2.00000000000000     
  3.500000000000004E-002 -0.415000000000000        1.99999999999999     
  3.500000000000004E-002 -0.405000000000000        2.00000000000000     
  3.500000000000004E-002 -0.395000000000000        2.00000000000001     
  3.500000000000004E-002 -0.385000000000000        2.00000000000000     
  3.500000000000004E-002 -0.375000000000000        2.00000000000000     
  3.500000000000004E-002 -0.365000000000000        2.00000000000001     
  3.500000000000004E-002 -0.355000000000000        2.00000000000000     
  3.500000000000004E-002 -0.345000000000000        2.00000000000000     
  3.500000000000004E-002 -0.335000000000000        2.00000000000001     
  3.500000000000004E-002 -0.325000000000000        1.99999999999999     
  3.500000000000004E-002 -0.315000000000000        2.00000000000000     
  3.500000000000004E-002 -0.305000000000000        2.00000000000000     
  3.500000000000004E-002 -0.295000000000000        2.00000000000000     
  3.500000000000004E-002 -0.285000000000000        2.00000000000000     
  3.500000000000004E-002 -0.275000000000000        2.00000000000001     
  3.500000000000004E-002 -0.265000000000000        2.00000000000001     
  3.500000000000004E-002 -0.255000000000000        2.00000000000001     
  3.500000000000004E-002 -0.245000000000000        2.00000000000000     
  3.500000000000004E-002 -0.235000000000000        2.00000000000000     
  3.500000000000004E-002 -0.225000000000000        2.00000000000000     
  3.500000000000004E-002 -0.215000000000000        1.99999999999999     
  3.500000000000004E-002 -0.205000000000000        2.00000000000000     
  3.500000000000004E-002 -0.195000000000000        2.00000000000000     
  3.500000000000004E-002 -0.185000000000000        2.00000000000000     
  3.500000000000004E-002 -0.175000000000000        2.00000000000000     
  3.500000000000004E-002 -0.165000000000000        2.00000000000000     
  3.500000000000004E-002 -0.155000000000000        2.00000000000000     
  3.500000000000004E-002 -0.145000000000000        1.99999999999999     
  3.500000000000004E-002 -0.135000000000000        2.00000000000001     
  3.500000000000004E-002 -0.125000000000000        2.00000000000001     
  3.500000000000004E-002 -0.115000000000000        2.00000000000001     
  3.500000000000004E-002 -0.105000000000000        2.00000000000001     
  3.500000000000004E-002 -9.499999999999997E-002   2.00000000000001     
  3.500000000000004E-002 -8.500000000000002E-002   1.99999999999999     
  3.500000000000004E-002 -7.500000000000001E-002   2.00000000000000     
  3.500000000000004E-002 -6.500000000000000E-002   2.00000000000000     
  3.500000000000004E-002 -5.499999999999999E-002   2.00000000000000     
  3.500000000000004E-002 -4.499999999999998E-002   2.00000000000000     
  3.500000000000004E-002 -3.499999999999997E-002   2.00000000000000     
  3.500000000000004E-002 -2.500000000000002E-002   1.99999999999999     
  3.500000000000004E-002 -1.500000000000001E-002   2.00000000000000     
  3.500000000000004E-002 -5.000000000000000E-003   2.00000000000000     
  3.500000000000004E-002  5.000000000000009E-003   2.00000000000000     
  3.500000000000004E-002  1.500000000000002E-002   2.00000000000000     
  3.500000000000004E-002  2.500000000000003E-002   2.00000000000000     
  3.500000000000004E-002  3.500000000000004E-002   2.00000000000000     
  3.500000000000004E-002  4.500000000000005E-002   2.00000000000001     
  3.500000000000004E-002  5.500000000000006E-002   2.00000000000001     
  3.500000000000004E-002  6.500000000000006E-002   2.00000000000001     
  3.500000000000004E-002  7.499999999999996E-002   1.99999999999998     
  3.500000000000004E-002  8.499999999999996E-002   2.00000000000000     
  3.500000000000004E-002  9.499999999999997E-002   2.00000000000000     
  3.500000000000004E-002  0.105000000000000        2.00000000000000     
  3.500000000000004E-002  0.115000000000000        2.00000000000000     
  3.500000000000004E-002  0.125000000000000        2.00000000000002     
  3.500000000000004E-002  0.135000000000000        2.00000000155859     
  3.500000000000004E-002  0.145000000000000        2.00000029200053     
  3.500000000000004E-002  0.155000000000000        2.00001087855406     
  3.500000000000004E-002  0.165000000000000        2.00018484449695     
  3.500000000000004E-002  0.175000000000000        2.00174920489704     
  3.500000000000004E-002  0.185000000000000        2.01000629560606     
  3.500000000000004E-002  0.195000000000000        2.03684753590924     
  3.500000000000004E-002  0.205000000000000        2.09253055282319     
  3.500000000000004E-002  0.215000000000000        2.16941973755582     
  3.500000000000004E-002  0.225000000000000        2.25873984139606     
  3.500000000000004E-002  0.235000000000000        2.36075317701074     
  3.500000000000004E-002  0.245000000000000        2.45913545460268     
  3.500000000000004E-002  0.255000000000000        2.55464073605460     
  3.500000000000004E-002  0.265000000000000        2.64749684503112     
  3.500000000000004E-002  0.275000000000000        2.73708972756981     
  3.500000000000004E-002  0.285000000000000        2.82192756647664     
  3.500000000000004E-002  0.295000000000000        2.89873697186987     
  3.500000000000004E-002  0.305000000000000        2.95967077165383     
  3.500000000000004E-002  0.315000000000000        2.99147362098962     
  3.500000000000004E-002  0.325000000000000        2.99958625868030     
  3.500000000000004E-002  0.335000000000000        2.99999968526135     
  3.500000000000004E-002  0.345000000000000        2.99999999999994     
  3.500000000000004E-002  0.355000000000000        3.00000000000000     
  3.500000000000004E-002  0.365000000000000        3.00000000000001     
  3.500000000000004E-002  0.375000000000000        3.00000000000002     
  3.500000000000004E-002  0.385000000000000        3.00000000000001     
  3.500000000000004E-002  0.395000000000000        3.00000000000000     
  3.500000000000004E-002  0.405000000000000        3.00000000000000     
  3.500000000000004E-002  0.415000000000000        3.00000000000000     
  3.500000000000004E-002  0.425000000000000        3.00000000000001     
  3.500000000000004E-002  0.435000000000000        3.00000000000000     
  3.500000000000004E-002  0.445000000000000        3.00000000000000     
  3.500000000000004E-002  0.455000000000000        2.99999999999997     
  3.500000000000004E-002  0.465000000000000        3.00000000000001     
  3.500000000000004E-002  0.475000000000000        3.00000000000001     
  3.500000000000004E-002  0.485000000000000        3.00000000000001     
  3.500000000000004E-002  0.495000000000000        3.00000000000001     
  4.500000000000005E-002 -0.495000000000000        2.00000000000001     
  4.500000000000005E-002 -0.485000000000000        2.00000000000001     
  4.500000000000005E-002 -0.475000000000000        2.00000000000001     
  4.500000000000005E-002 -0.465000000000000        1.99999999999999     
  4.500000000000005E-002 -0.455000000000000        2.00000000000001     
  4.500000000000005E-002 -0.445000000000000        2.00000000000000     
  4.500000000000005E-002 -0.435000000000000        2.00000000000001     
  4.500000000000005E-002 -0.425000000000000        2.00000000000000     
  4.500000000000005E-002 -0.415000000000000        1.99999999999999     
  4.500000000000005E-002 -0.405000000000000        2.00000000000000     
  4.500000000000005E-002 -0.395000000000000        2.00000000000001     
  4.500000000000005E-002 -0.385000000000000        2.00000000000000     
  4.500000000000005E-002 -0.375000000000000        2.00000000000000     
  4.500000000000005E-002 -0.365000000000000        2.00000000000001     
  4.500000000000005E-002 -0.355000000000000        2.00000000000000     
  4.500000000000005E-002 -0.345000000000000        2.00000000000000     
  4.500000000000005E-002 -0.335000000000000        2.00000000000001     
  4.500000000000005E-002 -0.325000000000000        1.99999999999999     
  4.500000000000005E-002 -0.315000000000000        2.00000000000000     
  4.500000000000005E-002 -0.305000000000000        2.00000000000000     
  4.500000000000005E-002 -0.295000000000000        2.00000000000000     
  4.500000000000005E-002 -0.285000000000000        2.00000000000001     
  4.500000000000005E-002 -0.275000000000000        2.00000000000001     
  4.500000000000005E-002 -0.265000000000000        2.00000000000001     
  4.500000000000005E-002 -0.255000000000000        2.00000000000001     
  4.500000000000005E-002 -0.245000000000000        2.00000000000000     
  4.500000000000005E-002 -0.235000000000000        2.00000000000000     
  4.500000000000005E-002 -0.225000000000000        2.00000000000000     
  4.500000000000005E-002 -0.215000000000000        2.00000000000000     
  4.500000000000005E-002 -0.205000000000000        2.00000000000001     
  4.500000000000005E-002 -0.195000000000000        2.00000000000001     
  4.500000000000005E-002 -0.185000000000000        2.00000000000000     
  4.500000000000005E-002 -0.175000000000000        2.00000000000000     
  4.500000000000005E-002 -0.165000000000000        2.00000000000000     
  4.500000000000005E-002 -0.155000000000000        2.00000000000000     
  4.500000000000005E-002 -0.145000000000000        1.99999999999999     
  4.500000000000005E-002 -0.135000000000000        2.00000000000001     
  4.500000000000005E-002 -0.125000000000000        2.00000000000001     
  4.500000000000005E-002 -0.115000000000000        2.00000000000001     
  4.500000000000005E-002 -0.105000000000000        2.00000000000001     
  4.500000000000005E-002 -9.499999999999997E-002   2.00000000000001     
  4.500000000000005E-002 -8.500000000000002E-002   1.99999999999999     
  4.500000000000005E-002 -7.500000000000001E-002   2.00000000000000     
  4.500000000000005E-002 -6.500000000000000E-002   2.00000000000000     
  4.500000000000005E-002 -5.499999999999999E-002   2.00000000000000     
  4.500000000000005E-002 -4.499999999999998E-002   2.00000000000000     
  4.500000000000005E-002 -3.499999999999997E-002   2.00000000000000     
  4.500000000000005E-002 -2.500000000000002E-002   2.00000000000000     
  4.500000000000005E-002 -1.500000000000001E-002   2.00000000000001     
  4.500000000000005E-002 -5.000000000000000E-003   2.00000000000001     
  4.500000000000005E-002  5.000000000000009E-003   2.00000000000001     
  4.500000000000005E-002  1.500000000000002E-002   2.00000000000000     
  4.500000000000005E-002  2.500000000000003E-002   2.00000000000000     
  4.500000000000005E-002  3.500000000000004E-002   2.00000000000001     
  4.500000000000005E-002  4.500000000000005E-002   2.00000000000001     
  4.500000000000005E-002  5.500000000000006E-002   2.00000000000001     
  4.500000000000005E-002  6.500000000000006E-002   2.00000000000001     
  4.500000000000005E-002  7.499999999999996E-002   1.99999999999998     
  4.500000000000005E-002  8.499999999999996E-002   2.00000000000000     
  4.500000000000005E-002  9.499999999999997E-002   2.00000000000000     
  4.500000000000005E-002  0.105000000000000        2.00000000000001     
  4.500000000000005E-002  0.115000000000000        2.00000000000001     
  4.500000000000005E-002  0.125000000000000        2.00000000000003     
  4.500000000000005E-002  0.135000000000000        2.00000000155859     
  4.500000000000005E-002  0.145000000000000        2.00000029200053     
  4.500000000000005E-002  0.155000000000000        2.00001087855407     
  4.500000000000005E-002  0.165000000000000        2.00018484449695     
  4.500000000000005E-002  0.175000000000000        2.00174920489704     
  4.500000000000005E-002  0.185000000000000        2.01000629560606     
  4.500000000000005E-002  0.195000000000000        2.03684753590924     
  4.500000000000005E-002  0.205000000000000        2.09253055282319     
  4.500000000000005E-002  0.215000000000000        2.16941973755583     
  4.500000000000005E-002  0.225000000000000        2.25873984139606     
  4.500000000000005E-002  0.235000000000000        2.36075317701075     
  4.500000000000005E-002  0.245000000000000        2.45913545460271     
  4.500000000000005E-002  0.255000000000000        2.55464073605458     
  4.500000000000005E-002  0.265000000000000        2.64749684503063     
  4.500000000000005E-002  0.275000000000000        2.73708972756865     
  4.500000000000005E-002  0.285000000000000        2.82192756647536     
  4.500000000000005E-002  0.295000000000000        2.89873697186920     
  4.500000000000005E-002  0.305000000000000        2.95967077165375     
  4.500000000000005E-002  0.315000000000000        2.99147362098952     
  4.500000000000005E-002  0.325000000000000        2.99958625868025     
  4.500000000000005E-002  0.335000000000000        2.99999968526135     
  4.500000000000005E-002  0.345000000000000        2.99999999999994     
  4.500000000000005E-002  0.355000000000000        3.00000000000000     
  4.500000000000005E-002  0.365000000000000        3.00000000000001     
  4.500000000000005E-002  0.375000000000000        3.00000000000002     
  4.500000000000005E-002  0.385000000000000        3.00000000000001     
  4.500000000000005E-002  0.395000000000000        3.00000000000001     
  4.500000000000005E-002  0.405000000000000        2.99999999999999     
  4.500000000000005E-002  0.415000000000000        3.00000000000000     
  4.500000000000005E-002  0.425000000000000        3.00000000000001     
  4.500000000000005E-002  0.435000000000000        3.00000000000000     
  4.500000000000005E-002  0.445000000000000        3.00000000000000     
  4.500000000000005E-002  0.455000000000000        2.99999999999997     
  4.500000000000005E-002  0.465000000000000        3.00000000000000     
  4.500000000000005E-002  0.475000000000000        3.00000000000000     
  4.500000000000005E-002  0.485000000000000        3.00000000000001     
  4.500000000000005E-002  0.495000000000000        3.00000000000001     
  5.500000000000006E-002 -0.495000000000000        2.00000000000001     
  5.500000000000006E-002 -0.485000000000000        2.00000000000001     
  5.500000000000006E-002 -0.475000000000000        2.00000000000001     
  5.500000000000006E-002 -0.465000000000000        1.99999999999999     
  5.500000000000006E-002 -0.455000000000000        2.00000000000001     
  5.500000000000006E-002 -0.445000000000000        2.00000000000001     
  5.500000000000006E-002 -0.435000000000000        2.00000000000001     
  5.500000000000006E-002 -0.425000000000000        2.00000000000001     
  5.500000000000006E-002 -0.415000000000000        1.99999999999999     
  5.500000000000006E-002 -0.405000000000000        2.00000000000001     
  5.500000000000006E-002 -0.395000000000000        2.00000000000001     
  5.500000000000006E-002 -0.385000000000000        2.00000000000001     
  5.500000000000006E-002 -0.375000000000000        2.00000000000000     
  5.500000000000006E-002 -0.365000000000000        2.00000000000000     
  5.500000000000006E-002 -0.355000000000000        2.00000000000000     
  5.500000000000006E-002 -0.345000000000000        2.00000000000000     
  5.500000000000006E-002 -0.335000000000000        2.00000000000001     
  5.500000000000006E-002 -0.325000000000000        1.99999999999999     
  5.500000000000006E-002 -0.315000000000000        2.00000000000000     
  5.500000000000006E-002 -0.305000000000000        2.00000000000000     
  5.500000000000006E-002 -0.295000000000000        2.00000000000000     
  5.500000000000006E-002 -0.285000000000000        2.00000000000001     
  5.500000000000006E-002 -0.275000000000000        2.00000000000001     
  5.500000000000006E-002 -0.265000000000000        2.00000000000000     
  5.500000000000006E-002 -0.255000000000000        2.00000000000001     
  5.500000000000006E-002 -0.245000000000000        2.00000000000000     
  5.500000000000006E-002 -0.235000000000000        2.00000000000001     
  5.500000000000006E-002 -0.225000000000000        2.00000000000001     
  5.500000000000006E-002 -0.215000000000000        1.99999999999999     
  5.500000000000006E-002 -0.205000000000000        2.00000000000001     
  5.500000000000006E-002 -0.195000000000000        2.00000000000001     
  5.500000000000006E-002 -0.185000000000000        2.00000000000000     
  5.500000000000006E-002 -0.175000000000000        2.00000000000000     
  5.500000000000006E-002 -0.165000000000000        2.00000000000000     
  5.500000000000006E-002 -0.155000000000000        2.00000000000000     
  5.500000000000006E-002 -0.145000000000000        1.99999999999999     
  5.500000000000006E-002 -0.135000000000000        2.00000000000001     
  5.500000000000006E-002 -0.125000000000000        2.00000000000001     
  5.500000000000006E-002 -0.115000000000000        2.00000000000001     
  5.500000000000006E-002 -0.105000000000000        2.00000000000001     
  5.500000000000006E-002 -9.499999999999997E-002   2.00000000000001     
  5.500000000000006E-002 -8.500000000000002E-002   2.00000000000000     
  5.500000000000006E-002 -7.500000000000001E-002   2.00000000000000     
  5.500000000000006E-002 -6.500000000000000E-002   2.00000000000000     
  5.500000000000006E-002 -5.499999999999999E-002   2.00000000000000     
  5.500000000000006E-002 -4.499999999999998E-002   2.00000000000000     
  5.500000000000006E-002 -3.499999999999997E-002   2.00000000000001     
  5.500000000000006E-002 -2.500000000000002E-002   2.00000000000000     
  5.500000000000006E-002 -1.500000000000001E-002   2.00000000000001     
  5.500000000000006E-002 -5.000000000000000E-003   2.00000000000001     
  5.500000000000006E-002  5.000000000000009E-003   2.00000000000001     
  5.500000000000006E-002  1.500000000000002E-002   2.00000000000000     
  5.500000000000006E-002  2.500000000000003E-002   2.00000000000001     
  5.500000000000006E-002  3.500000000000004E-002   2.00000000000001     
  5.500000000000006E-002  4.500000000000005E-002   2.00000000000001     
  5.500000000000006E-002  5.500000000000006E-002   2.00000000000001     
  5.500000000000006E-002  6.500000000000006E-002   2.00000000000001     
  5.500000000000006E-002  7.499999999999996E-002   1.99999999999998     
  5.500000000000006E-002  8.499999999999996E-002   2.00000000000000     
  5.500000000000006E-002  9.499999999999997E-002   2.00000000000000     
  5.500000000000006E-002  0.105000000000000        2.00000000000001     
  5.500000000000006E-002  0.115000000000000        2.00000000000001     
  5.500000000000006E-002  0.125000000000000        2.00000000000002     
  5.500000000000006E-002  0.135000000000000        2.00000000155859     
  5.500000000000006E-002  0.145000000000000        2.00000029200053     
  5.500000000000006E-002  0.155000000000000        2.00001087855406     
  5.500000000000006E-002  0.165000000000000        2.00018484449695     
  5.500000000000006E-002  0.175000000000000        2.00174920489704     
  5.500000000000006E-002  0.185000000000000        2.01000629560606     
  5.500000000000006E-002  0.195000000000000        2.03684753590924     
  5.500000000000006E-002  0.205000000000000        2.09253055282320     
  5.500000000000006E-002  0.215000000000000        2.16941973755583     
  5.500000000000006E-002  0.225000000000000        2.25873984139606     
  5.500000000000006E-002  0.235000000000000        2.36075317701075     
  5.500000000000006E-002  0.245000000000000        2.45913545460268     
  5.500000000000006E-002  0.255000000000000        2.55464073605461     
  5.500000000000006E-002  0.265000000000000        2.64749684503071     
  5.500000000000006E-002  0.275000000000000        2.73708972756857     
  5.500000000000006E-002  0.285000000000000        2.82192756647518     
  5.500000000000006E-002  0.295000000000000        2.89873697187039     
  5.500000000000006E-002  0.305000000000000        2.95967077165718     
  5.500000000000006E-002  0.315000000000000        2.99147362099170     
  5.500000000000006E-002  0.325000000000000        2.99958625868052     
  5.500000000000006E-002  0.335000000000000        2.99999968526136     
  5.500000000000006E-002  0.345000000000000        2.99999999999994     
  5.500000000000006E-002  0.355000000000000        3.00000000000000     
  5.500000000000006E-002  0.365000000000000        3.00000000000001     
  5.500000000000006E-002  0.375000000000000        3.00000000000002     
  5.500000000000006E-002  0.385000000000000        3.00000000000001     
  5.500000000000006E-002  0.395000000000000        3.00000000000000     
  5.500000000000006E-002  0.405000000000000        3.00000000000000     
  5.500000000000006E-002  0.415000000000000        3.00000000000000     
  5.500000000000006E-002  0.425000000000000        3.00000000000001     
  5.500000000000006E-002  0.435000000000000        3.00000000000000     
  5.500000000000006E-002  0.445000000000000        3.00000000000000     
  5.500000000000006E-002  0.455000000000000        2.99999999999996     
  5.500000000000006E-002  0.465000000000000        3.00000000000000     
  5.500000000000006E-002  0.475000000000000        2.99999999999999     
  5.500000000000006E-002  0.485000000000000        3.00000000000000     
  5.500000000000006E-002  0.495000000000000        3.00000000000001     
  6.500000000000006E-002 -0.495000000000000        2.00000000000002     
  6.500000000000006E-002 -0.485000000000000        2.00000000000001     
  6.500000000000006E-002 -0.475000000000000        2.00000000000000     
  6.500000000000006E-002 -0.465000000000000        2.00000000000000     
  6.500000000000006E-002 -0.455000000000000        2.00000000000001     
  6.500000000000006E-002 -0.445000000000000        2.00000000000000     
  6.500000000000006E-002 -0.435000000000000        2.00000000000001     
  6.500000000000006E-002 -0.425000000000000        2.00000000000000     
  6.500000000000006E-002 -0.415000000000000        1.99999999999999     
  6.500000000000006E-002 -0.405000000000000        2.00000000000000     
  6.500000000000006E-002 -0.395000000000000        2.00000000000001     
  6.500000000000006E-002 -0.385000000000000        2.00000000000001     
  6.500000000000006E-002 -0.375000000000000        2.00000000000000     
  6.500000000000006E-002 -0.365000000000000        2.00000000000001     
  6.500000000000006E-002 -0.355000000000000        2.00000000000000     
  6.500000000000006E-002 -0.345000000000000        2.00000000000000     
  6.500000000000006E-002 -0.335000000000000        2.00000000000000     
  6.500000000000006E-002 -0.325000000000000        1.99999999999999     
  6.500000000000006E-002 -0.315000000000000        2.00000000000001     
  6.500000000000006E-002 -0.305000000000000        2.00000000000000     
  6.500000000000006E-002 -0.295000000000000        1.99999999999999     
  6.500000000000006E-002 -0.285000000000000        2.00000000000001     
  6.500000000000006E-002 -0.275000000000000        2.00000000000001     
  6.500000000000006E-002 -0.265000000000000        2.00000000000000     
  6.500000000000006E-002 -0.255000000000000        2.00000000000000     
  6.500000000000006E-002 -0.245000000000000        2.00000000000000     
  6.500000000000006E-002 -0.235000000000000        2.00000000000001     
  6.500000000000006E-002 -0.225000000000000        2.00000000000000     
  6.500000000000006E-002 -0.215000000000000        1.99999999999999     
  6.500000000000006E-002 -0.205000000000000        2.00000000000001     
  6.500000000000006E-002 -0.195000000000000        2.00000000000000     
  6.500000000000006E-002 -0.185000000000000        2.00000000000000     
  6.500000000000006E-002 -0.175000000000000        2.00000000000000     
  6.500000000000006E-002 -0.165000000000000        2.00000000000000     
  6.500000000000006E-002 -0.155000000000000        2.00000000000000     
  6.500000000000006E-002 -0.145000000000000        1.99999999999999     
  6.500000000000006E-002 -0.135000000000000        2.00000000000001     
  6.500000000000006E-002 -0.125000000000000        2.00000000000001     
  6.500000000000006E-002 -0.115000000000000        2.00000000000001     
  6.500000000000006E-002 -0.105000000000000        2.00000000000001     
  6.500000000000006E-002 -9.499999999999997E-002   2.00000000000001     
  6.500000000000006E-002 -8.500000000000002E-002   1.99999999999999     
  6.500000000000006E-002 -7.500000000000001E-002   2.00000000000000     
  6.500000000000006E-002 -6.500000000000000E-002   2.00000000000000     
  6.500000000000006E-002 -5.499999999999999E-002   2.00000000000000     
  6.500000000000006E-002 -4.499999999999998E-002   2.00000000000000     
  6.500000000000006E-002 -3.499999999999997E-002   2.00000000000000     
  6.500000000000006E-002 -2.500000000000002E-002   2.00000000000000     
  6.500000000000006E-002 -1.500000000000001E-002   2.00000000000001     
  6.500000000000006E-002 -5.000000000000000E-003   2.00000000000001     
  6.500000000000006E-002  5.000000000000009E-003   2.00000000000001     
  6.500000000000006E-002  1.500000000000002E-002   2.00000000000000     
  6.500000000000006E-002  2.500000000000003E-002   2.00000000000001     
  6.500000000000006E-002  3.500000000000004E-002   2.00000000000000     
  6.500000000000006E-002  4.500000000000005E-002   2.00000000000000     
  6.500000000000006E-002  5.500000000000006E-002   2.00000000000001     
  6.500000000000006E-002  6.500000000000006E-002   2.00000000000001     
  6.500000000000006E-002  7.499999999999996E-002   1.99999999999998     
  6.500000000000006E-002  8.499999999999996E-002   2.00000000000000     
  6.500000000000006E-002  9.499999999999997E-002   2.00000000000000     
  6.500000000000006E-002  0.105000000000000        2.00000000000001     
  6.500000000000006E-002  0.115000000000000        2.00000000000001     
  6.500000000000006E-002  0.125000000000000        2.00000000000002     
  6.500000000000006E-002  0.135000000000000        2.00000000155859     
  6.500000000000006E-002  0.145000000000000        2.00000029200052     
  6.500000000000006E-002  0.155000000000000        2.00001087855406     
  6.500000000000006E-002  0.165000000000000        2.00018484449695     
  6.500000000000006E-002  0.175000000000000        2.00174920489705     
  6.500000000000006E-002  0.185000000000000        2.01000629560606     
  6.500000000000006E-002  0.195000000000000        2.03684753590924     
  6.500000000000006E-002  0.205000000000000        2.09253055282320     
  6.500000000000006E-002  0.215000000000000        2.16941973755583     
  6.500000000000006E-002  0.225000000000000        2.25873984139606     
  6.500000000000006E-002  0.235000000000000        2.36075317701067     
  6.500000000000006E-002  0.245000000000000        2.45913545460276     
  6.500000000000006E-002  0.255000000000000        2.55464073605471     
  6.500000000000006E-002  0.265000000000000        2.64749684503084     
  6.500000000000006E-002  0.275000000000000        2.73708972756871     
  6.500000000000006E-002  0.285000000000000        2.82192756647522     
  6.500000000000006E-002  0.295000000000000        2.89873697187036     
  6.500000000000006E-002  0.305000000000000        2.95967077165720     
  6.500000000000006E-002  0.315000000000000        2.99147362099132     
  6.500000000000006E-002  0.325000000000000        2.99958625868048     
  6.500000000000006E-002  0.335000000000000        2.99999968526136     
  6.500000000000006E-002  0.345000000000000        2.99999999999994     
  6.500000000000006E-002  0.355000000000000        3.00000000000000     
  6.500000000000006E-002  0.365000000000000        3.00000000000001     
  6.500000000000006E-002  0.375000000000000        3.00000000000001     
  6.500000000000006E-002  0.385000000000000        3.00000000000001     
  6.500000000000006E-002  0.395000000000000        3.00000000000001     
  6.500000000000006E-002  0.405000000000000        3.00000000000000     
  6.500000000000006E-002  0.415000000000000        3.00000000000000     
  6.500000000000006E-002  0.425000000000000        3.00000000000000     
  6.500000000000006E-002  0.435000000000000        3.00000000000000     
  6.500000000000006E-002  0.445000000000000        3.00000000000000     
  6.500000000000006E-002  0.455000000000000        2.99999999999997     
  6.500000000000006E-002  0.465000000000000        3.00000000000000     
  6.500000000000006E-002  0.475000000000000        3.00000000000000     
  6.500000000000006E-002  0.485000000000000        3.00000000000000     
  6.500000000000006E-002  0.495000000000000        3.00000000000001     
  7.499999999999996E-002 -0.495000000000000        1.99999999999998     
  7.499999999999996E-002 -0.485000000000000        1.99999999999998     
  7.499999999999996E-002 -0.475000000000000        1.99999999999998     
  7.499999999999996E-002 -0.465000000000000        1.99999999999997     
  7.499999999999996E-002 -0.455000000000000        1.99999999999998     
  7.499999999999996E-002 -0.445000000000000        1.99999999999998     
  7.499999999999996E-002 -0.435000000000000        1.99999999999998     
  7.499999999999996E-002 -0.425000000000000        1.99999999999998     
  7.499999999999996E-002 -0.415000000000000        1.99999999999997     
  7.499999999999996E-002 -0.405000000000000        1.99999999999998     
  7.499999999999996E-002 -0.395000000000000        1.99999999999998     
  7.499999999999996E-002 -0.385000000000000        1.99999999999998     
  7.499999999999996E-002 -0.375000000000000        1.99999999999998     
  7.499999999999996E-002 -0.365000000000000        1.99999999999998     
  7.499999999999996E-002 -0.355000000000000        1.99999999999998     
  7.499999999999996E-002 -0.345000000000000        1.99999999999998     
  7.499999999999996E-002 -0.335000000000000        1.99999999999998     
  7.499999999999996E-002 -0.325000000000000        1.99999999999997     
  7.499999999999996E-002 -0.315000000000000        1.99999999999998     
  7.499999999999996E-002 -0.305000000000000        1.99999999999998     
  7.499999999999996E-002 -0.295000000000000        1.99999999999997     
  7.499999999999996E-002 -0.285000000000000        1.99999999999998     
  7.499999999999996E-002 -0.275000000000000        1.99999999999998     
  7.499999999999996E-002 -0.265000000000000        1.99999999999999     
  7.499999999999996E-002 -0.255000000000000        1.99999999999998     
  7.499999999999996E-002 -0.245000000000000        1.99999999999998     
  7.499999999999996E-002 -0.235000000000000        1.99999999999998     
  7.499999999999996E-002 -0.225000000000000        1.99999999999998     
  7.499999999999996E-002 -0.215000000000000        1.99999999999997     
  7.499999999999996E-002 -0.205000000000000        1.99999999999998     
  7.499999999999996E-002 -0.195000000000000        1.99999999999998     
  7.499999999999996E-002 -0.185000000000000        1.99999999999998     
  7.499999999999996E-002 -0.175000000000000        1.99999999999998     
  7.499999999999996E-002 -0.165000000000000        1.99999999999998     
  7.499999999999996E-002 -0.155000000000000        1.99999999999998     
  7.499999999999996E-002 -0.145000000000000        1.99999999999997     
  7.499999999999996E-002 -0.135000000000000        1.99999999999998     
  7.499999999999996E-002 -0.125000000000000        1.99999999999998     
  7.499999999999996E-002 -0.115000000000000        1.99999999999998     
  7.499999999999996E-002 -0.105000000000000        1.99999999999998     
  7.499999999999996E-002 -9.499999999999997E-002   1.99999999999998     
  7.499999999999996E-002 -8.500000000000002E-002   1.99999999999997     
  7.499999999999996E-002 -7.500000000000001E-002   1.99999999999998     
  7.499999999999996E-002 -6.500000000000000E-002   1.99999999999998     
  7.499999999999996E-002 -5.499999999999999E-002   1.99999999999998     
  7.499999999999996E-002 -4.499999999999998E-002   1.99999999999998     
  7.499999999999996E-002 -3.499999999999997E-002   1.99999999999998     
  7.499999999999996E-002 -2.500000000000002E-002   1.99999999999997     
  7.499999999999996E-002 -1.500000000000001E-002   1.99999999999998     
  7.499999999999996E-002 -5.000000000000000E-003   1.99999999999998     
  7.499999999999996E-002  5.000000000000009E-003   1.99999999999998     
  7.499999999999996E-002  1.500000000000002E-002   1.99999999999998     
  7.499999999999996E-002  2.500000000000003E-002   1.99999999999998     
  7.499999999999996E-002  3.500000000000004E-002   1.99999999999998     
  7.499999999999996E-002  4.500000000000005E-002   1.99999999999998     
  7.499999999999996E-002  5.500000000000006E-002   1.99999999999998     
  7.499999999999996E-002  6.500000000000006E-002   1.99999999999998     
  7.499999999999996E-002  7.499999999999996E-002   1.99999999999996     
  7.499999999999996E-002  8.499999999999996E-002   1.99999999999998     
  7.499999999999996E-002  9.499999999999997E-002   1.99999999999998     
  7.499999999999996E-002  0.105000000000000        1.99999999999998     
  7.499999999999996E-002  0.115000000000000        1.99999999999998     
  7.499999999999996E-002  0.125000000000000        2.00000000000000     
  7.499999999999996E-002  0.135000000000000        2.00000000155856     
  7.499999999999996E-002  0.145000000000000        2.00000029200050     
  7.499999999999996E-002  0.155000000000000        2.00001087855404     
  7.499999999999996E-002  0.165000000000000        2.00018484449694     
  7.499999999999996E-002  0.175000000000000        2.00174920489702     
  7.499999999999996E-002  0.185000000000000        2.01000629560604     
  7.499999999999996E-002  0.195000000000000        2.03684753590922     
  7.499999999999996E-002  0.205000000000000        2.09253055282317     
  7.499999999999996E-002  0.215000000000000        2.16941973755580     
  7.499999999999996E-002  0.225000000000000        2.25873984139603     
  7.499999999999996E-002  0.235000000000000        2.36075317701056     
  7.499999999999996E-002  0.245000000000000        2.45913545460293     
  7.499999999999996E-002  0.255000000000000        2.55464073605477     
  7.499999999999996E-002  0.265000000000000        2.64749684503068     
  7.499999999999996E-002  0.275000000000000        2.73708972756847     
  7.499999999999996E-002  0.285000000000000        2.82192756647491     
  7.499999999999996E-002  0.295000000000000        2.89873697186980     
  7.499999999999996E-002  0.305000000000000        2.95967077165695     
  7.499999999999996E-002  0.315000000000000        2.99147362099153     
  7.499999999999996E-002  0.325000000000000        2.99958625868048     
  7.499999999999996E-002  0.335000000000000        2.99999968526133     
  7.499999999999996E-002  0.345000000000000        2.99999999999991     
  7.499999999999996E-002  0.355000000000000        2.99999999999997     
  7.499999999999996E-002  0.365000000000000        2.99999999999998     
  7.499999999999996E-002  0.375000000000000        2.99999999999997     
  7.499999999999996E-002  0.385000000000000        2.99999999999997     
  7.499999999999996E-002  0.395000000000000        2.99999999999997     
  7.499999999999996E-002  0.405000000000000        2.99999999999997     
  7.499999999999996E-002  0.415000000000000        2.99999999999997     
  7.499999999999996E-002  0.425000000000000        2.99999999999997     
  7.499999999999996E-002  0.435000000000000        2.99999999999997     
  7.499999999999996E-002  0.445000000000000        2.99999999999997     
  7.499999999999996E-002  0.455000000000000        2.99999999999994     
  7.499999999999996E-002  0.465000000000000        2.99999999999997     
  7.499999999999996E-002  0.475000000000000        2.99999999999997     
  7.499999999999996E-002  0.485000000000000        2.99999999999997     
  7.499999999999996E-002  0.495000000000000        2.99999999999998     
  8.499999999999996E-002 -0.495000000000000        2.00000000000000     
  8.499999999999996E-002 -0.485000000000000        2.00000000000000     
  8.499999999999996E-002 -0.475000000000000        2.00000000000000     
  8.499999999999996E-002 -0.465000000000000        1.99999999999998     
  8.499999999999996E-002 -0.455000000000000        2.00000000000000     
  8.499999999999996E-002 -0.445000000000000        2.00000000000000     
  8.499999999999996E-002 -0.435000000000000        2.00000000000000     
  8.499999999999996E-002 -0.425000000000000        2.00000000000000     
  8.499999999999996E-002 -0.415000000000000        1.99999999999999     
  8.499999999999996E-002 -0.405000000000000        2.00000000000000     
  8.499999999999996E-002 -0.395000000000000        2.00000000000000     
  8.499999999999996E-002 -0.385000000000000        2.00000000000000     
  8.499999999999996E-002 -0.375000000000000        2.00000000000000     
  8.499999999999996E-002 -0.365000000000000        2.00000000000000     
  8.499999999999996E-002 -0.355000000000000        2.00000000000000     
  8.499999999999996E-002 -0.345000000000000        2.00000000000000     
  8.499999999999996E-002 -0.335000000000000        2.00000000000000     
  8.499999999999996E-002 -0.325000000000000        1.99999999999999     
  8.499999999999996E-002 -0.315000000000000        2.00000000000000     
  8.499999999999996E-002 -0.305000000000000        2.00000000000000     
  8.499999999999996E-002 -0.295000000000000        1.99999999999999     
  8.499999999999996E-002 -0.285000000000000        2.00000000000000     
  8.499999999999996E-002 -0.275000000000000        2.00000000000000     
  8.499999999999996E-002 -0.265000000000000        2.00000000000001     
  8.499999999999996E-002 -0.255000000000000        2.00000000000000     
  8.499999999999996E-002 -0.245000000000000        2.00000000000000     
  8.499999999999996E-002 -0.235000000000000        2.00000000000000     
  8.499999999999996E-002 -0.225000000000000        2.00000000000000     
  8.499999999999996E-002 -0.215000000000000        1.99999999999999     
  8.499999999999996E-002 -0.205000000000000        2.00000000000000     
  8.499999999999996E-002 -0.195000000000000        2.00000000000000     
  8.499999999999996E-002 -0.185000000000000        2.00000000000000     
  8.499999999999996E-002 -0.175000000000000        2.00000000000000     
  8.499999999999996E-002 -0.165000000000000        2.00000000000000     
  8.499999999999996E-002 -0.155000000000000        2.00000000000000     
  8.499999999999996E-002 -0.145000000000000        1.99999999999999     
  8.499999999999996E-002 -0.135000000000000        2.00000000000000     
  8.499999999999996E-002 -0.125000000000000        2.00000000000000     
  8.499999999999996E-002 -0.115000000000000        2.00000000000001     
  8.499999999999996E-002 -0.105000000000000        2.00000000000001     
  8.499999999999996E-002 -9.499999999999997E-002   2.00000000000000     
  8.499999999999996E-002 -8.500000000000002E-002   1.99999999999999     
  8.499999999999996E-002 -7.500000000000001E-002   2.00000000000000     
  8.499999999999996E-002 -6.500000000000000E-002   2.00000000000000     
  8.499999999999996E-002 -5.499999999999999E-002   2.00000000000000     
  8.499999999999996E-002 -4.499999999999998E-002   2.00000000000000     
  8.499999999999996E-002 -3.499999999999997E-002   2.00000000000000     
  8.499999999999996E-002 -2.500000000000002E-002   1.99999999999999     
  8.499999999999996E-002 -1.500000000000001E-002   2.00000000000000     
  8.499999999999996E-002 -5.000000000000000E-003   2.00000000000000     
  8.499999999999996E-002  5.000000000000009E-003   2.00000000000000     
  8.499999999999996E-002  1.500000000000002E-002   2.00000000000000     
  8.499999999999996E-002  2.500000000000003E-002   2.00000000000000     
  8.499999999999996E-002  3.500000000000004E-002   2.00000000000000     
  8.499999999999996E-002  4.500000000000005E-002   2.00000000000000     
  8.499999999999996E-002  5.500000000000006E-002   2.00000000000000     
  8.499999999999996E-002  6.500000000000006E-002   2.00000000000000     
  8.499999999999996E-002  7.499999999999996E-002   1.99999999999998     
  8.499999999999996E-002  8.499999999999996E-002   2.00000000000000     
  8.499999999999996E-002  9.499999999999997E-002   2.00000000000000     
  8.499999999999996E-002  0.105000000000000        2.00000000000000     
  8.499999999999996E-002  0.115000000000000        2.00000000000001     
  8.499999999999996E-002  0.125000000000000        2.00000000000002     
  8.499999999999996E-002  0.135000000000000        2.00000000155858     
  8.499999999999996E-002  0.145000000000000        2.00000029200052     
  8.499999999999996E-002  0.155000000000000        2.00001087855406     
  8.499999999999996E-002  0.165000000000000        2.00018484449695     
  8.499999999999996E-002  0.175000000000000        2.00174920489704     
  8.499999999999996E-002  0.185000000000000        2.01000629560606     
  8.499999999999996E-002  0.195000000000000        2.03684753590924     
  8.499999999999996E-002  0.205000000000000        2.09253055282320     
  8.499999999999996E-002  0.215000000000000        2.16941973755582     
  8.499999999999996E-002  0.225000000000000        2.25873984139605     
  8.499999999999996E-002  0.235000000000000        2.36075317701064     
  8.499999999999996E-002  0.245000000000000        2.45913545460298     
  8.499999999999996E-002  0.255000000000000        2.55464073605479     
  8.499999999999996E-002  0.265000000000000        2.64749684503042     
  8.499999999999996E-002  0.275000000000000        2.73708972756789     
  8.499999999999996E-002  0.285000000000000        2.82192756647430     
  8.499999999999996E-002  0.295000000000000        2.89873697186930     
  8.499999999999996E-002  0.305000000000000        2.95967077165657     
  8.499999999999996E-002  0.315000000000000        2.99147362099152     
  8.499999999999996E-002  0.325000000000000        2.99958625868050     
  8.499999999999996E-002  0.335000000000000        2.99999968526136     
  8.499999999999996E-002  0.345000000000000        2.99999999999995     
  8.499999999999996E-002  0.355000000000000        3.00000000000000     
  8.499999999999996E-002  0.365000000000000        3.00000000000001     
  8.499999999999996E-002  0.375000000000000        3.00000000000002     
  8.499999999999996E-002  0.385000000000000        3.00000000000003     
  8.499999999999996E-002  0.395000000000000        3.00000000000000     
  8.499999999999996E-002  0.405000000000000        3.00000000000000     
  8.499999999999996E-002  0.415000000000000        3.00000000000001     
  8.499999999999996E-002  0.425000000000000        3.00000000000001     
  8.499999999999996E-002  0.435000000000000        3.00000000000001     
  8.499999999999996E-002  0.445000000000000        3.00000000000001     
  8.499999999999996E-002  0.455000000000000        2.99999999999998     
  8.499999999999996E-002  0.465000000000000        3.00000000000000     
  8.499999999999996E-002  0.475000000000000        3.00000000000001     
  8.499999999999996E-002  0.485000000000000        3.00000000000000     
  8.499999999999996E-002  0.495000000000000        3.00000000000002     
  9.499999999999997E-002 -0.495000000000000        2.00000000000000     
  9.499999999999997E-002 -0.485000000000000        2.00000000000000     
  9.499999999999997E-002 -0.475000000000000        2.00000000000000     
  9.499999999999997E-002 -0.465000000000000        1.99999999999999     
  9.499999999999997E-002 -0.455000000000000        2.00000000000000     
  9.499999999999997E-002 -0.445000000000000        2.00000000000000     
  9.499999999999997E-002 -0.435000000000000        2.00000000000000     
  9.499999999999997E-002 -0.425000000000000        2.00000000000000     
  9.499999999999997E-002 -0.415000000000000        1.99999999999999     
  9.499999999999997E-002 -0.405000000000000        2.00000000000000     
  9.499999999999997E-002 -0.395000000000000        2.00000000000000     
  9.499999999999997E-002 -0.385000000000000        2.00000000000000     
  9.499999999999997E-002 -0.375000000000000        2.00000000000000     
  9.499999999999997E-002 -0.365000000000000        2.00000000000000     
  9.499999999999997E-002 -0.355000000000000        2.00000000000000     
  9.499999999999997E-002 -0.345000000000000        2.00000000000001     
  9.499999999999997E-002 -0.335000000000000        2.00000000000000     
  9.499999999999997E-002 -0.325000000000000        1.99999999999999     
  9.499999999999997E-002 -0.315000000000000        2.00000000000000     
  9.499999999999997E-002 -0.305000000000000        2.00000000000000     
  9.499999999999997E-002 -0.295000000000000        1.99999999999999     
  9.499999999999997E-002 -0.285000000000000        2.00000000000000     
  9.499999999999997E-002 -0.275000000000000        2.00000000000000     
  9.499999999999997E-002 -0.265000000000000        2.00000000000001     
  9.499999999999997E-002 -0.255000000000000        2.00000000000001     
  9.499999999999997E-002 -0.245000000000000        2.00000000000000     
  9.499999999999997E-002 -0.235000000000000        2.00000000000000     
  9.499999999999997E-002 -0.225000000000000        2.00000000000000     
  9.499999999999997E-002 -0.215000000000000        1.99999999999999     
  9.499999999999997E-002 -0.205000000000000        2.00000000000000     
  9.499999999999997E-002 -0.195000000000000        2.00000000000000     
  9.499999999999997E-002 -0.185000000000000        2.00000000000000     
  9.499999999999997E-002 -0.175000000000000        2.00000000000000     
  9.499999999999997E-002 -0.165000000000000        2.00000000000000     
  9.499999999999997E-002 -0.155000000000000        2.00000000000000     
  9.499999999999997E-002 -0.145000000000000        1.99999999999999     
  9.499999999999997E-002 -0.135000000000000        2.00000000000000     
  9.499999999999997E-002 -0.125000000000000        2.00000000000001     
  9.499999999999997E-002 -0.115000000000000        2.00000000000000     
  9.499999999999997E-002 -0.105000000000000        2.00000000000000     
  9.499999999999997E-002 -9.499999999999997E-002   2.00000000000000     
  9.499999999999997E-002 -8.500000000000002E-002   1.99999999999999     
  9.499999999999997E-002 -7.500000000000001E-002   2.00000000000000     
  9.499999999999997E-002 -6.500000000000000E-002   2.00000000000000     
  9.499999999999997E-002 -5.499999999999999E-002   2.00000000000000     
  9.499999999999997E-002 -4.499999999999998E-002   2.00000000000000     
  9.499999999999997E-002 -3.499999999999997E-002   2.00000000000000     
  9.499999999999997E-002 -2.500000000000002E-002   1.99999999999999     
  9.499999999999997E-002 -1.500000000000001E-002   2.00000000000000     
  9.499999999999997E-002 -5.000000000000000E-003   2.00000000000000     
  9.499999999999997E-002  5.000000000000009E-003   2.00000000000000     
  9.499999999999997E-002  1.500000000000002E-002   2.00000000000000     
  9.499999999999997E-002  2.500000000000003E-002   2.00000000000000     
  9.499999999999997E-002  3.500000000000004E-002   2.00000000000000     
  9.499999999999997E-002  4.500000000000005E-002   2.00000000000000     
  9.499999999999997E-002  5.500000000000006E-002   2.00000000000001     
  9.499999999999997E-002  6.500000000000006E-002   2.00000000000001     
  9.499999999999997E-002  7.499999999999996E-002   1.99999999999998     
  9.499999999999997E-002  8.499999999999996E-002   2.00000000000000     
  9.499999999999997E-002  9.499999999999997E-002   2.00000000000000     
  9.499999999999997E-002  0.105000000000000        2.00000000000000     
  9.499999999999997E-002  0.115000000000000        2.00000000000001     
  9.499999999999997E-002  0.125000000000000        2.00000000000003     
  9.499999999999997E-002  0.135000000000000        2.00000000155858     
  9.499999999999997E-002  0.145000000000000        2.00000029200052     
  9.499999999999997E-002  0.155000000000000        2.00001087855406     
  9.499999999999997E-002  0.165000000000000        2.00018484449696     
  9.499999999999997E-002  0.175000000000000        2.00174920489705     
  9.499999999999997E-002  0.185000000000000        2.01000629560606     
  9.499999999999997E-002  0.195000000000000        2.03684753590923     
  9.499999999999997E-002  0.205000000000000        2.09253055282320     
  9.499999999999997E-002  0.215000000000000        2.16941973755582     
  9.499999999999997E-002  0.225000000000000        2.25873984139605     
  9.499999999999997E-002  0.235000000000000        2.36075317701081     
  9.499999999999997E-002  0.245000000000000        2.45913545460273     
  9.499999999999997E-002  0.255000000000000        2.55464073605467     
  9.499999999999997E-002  0.265000000000000        2.64749684503035     
  9.499999999999997E-002  0.275000000000000        2.73708972756754     
  9.499999999999997E-002  0.285000000000000        2.82192756647395     
  9.499999999999997E-002  0.295000000000000        2.89873697187010     
  9.499999999999997E-002  0.305000000000000        2.95967077165876     
  9.499999999999997E-002  0.315000000000000        2.99147362099249     
  9.499999999999997E-002  0.325000000000000        2.99958625868062     
  9.499999999999997E-002  0.335000000000000        2.99999968526136     
  9.499999999999997E-002  0.345000000000000        2.99999999999995     
  9.499999999999997E-002  0.355000000000000        3.00000000000000     
  9.499999999999997E-002  0.365000000000000        3.00000000000000     
  9.499999999999997E-002  0.375000000000000        3.00000000000002     
  9.499999999999997E-002  0.385000000000000        3.00000000000002     
  9.499999999999997E-002  0.395000000000000        3.00000000000000     
  9.499999999999997E-002  0.405000000000000        3.00000000000000     
  9.499999999999997E-002  0.415000000000000        3.00000000000001     
  9.499999999999997E-002  0.425000000000000        3.00000000000001     
  9.499999999999997E-002  0.435000000000000        3.00000000000000     
  9.499999999999997E-002  0.445000000000000        3.00000000000000     
  9.499999999999997E-002  0.455000000000000        2.99999999999997     
  9.499999999999997E-002  0.465000000000000        3.00000000000000     
  9.499999999999997E-002  0.475000000000000        3.00000000000000     
  9.499999999999997E-002  0.485000000000000        3.00000000000000     
  9.499999999999997E-002  0.495000000000000        3.00000000000002     
  0.105000000000000      -0.495000000000000        2.00000000000001     
  0.105000000000000      -0.485000000000000        2.00000000000000     
  0.105000000000000      -0.475000000000000        2.00000000000000     
  0.105000000000000      -0.465000000000000        2.00000000000000     
  0.105000000000000      -0.455000000000000        2.00000000000000     
  0.105000000000000      -0.445000000000000        2.00000000000000     
  0.105000000000000      -0.435000000000000        2.00000000000000     
  0.105000000000000      -0.425000000000000        2.00000000000000     
  0.105000000000000      -0.415000000000000        1.99999999999999     
  0.105000000000000      -0.405000000000000        2.00000000000000     
  0.105000000000000      -0.395000000000000        2.00000000000000     
  0.105000000000000      -0.385000000000000        2.00000000000000     
  0.105000000000000      -0.375000000000000        2.00000000000000     
  0.105000000000000      -0.365000000000000        2.00000000000000     
  0.105000000000000      -0.355000000000000        2.00000000000000     
  0.105000000000000      -0.345000000000000        2.00000000000000     
  0.105000000000000      -0.335000000000000        2.00000000000000     
  0.105000000000000      -0.325000000000000        1.99999999999999     
  0.105000000000000      -0.315000000000000        2.00000000000000     
  0.105000000000000      -0.305000000000000        2.00000000000000     
  0.105000000000000      -0.295000000000000        1.99999999999999     
  0.105000000000000      -0.285000000000000        2.00000000000000     
  0.105000000000000      -0.275000000000000        2.00000000000001     
  0.105000000000000      -0.265000000000000        2.00000000000001     
  0.105000000000000      -0.255000000000000        2.00000000000000     
  0.105000000000000      -0.245000000000000        2.00000000000001     
  0.105000000000000      -0.235000000000000        2.00000000000000     
  0.105000000000000      -0.225000000000000        2.00000000000000     
  0.105000000000000      -0.215000000000000        1.99999999999999     
  0.105000000000000      -0.205000000000000        2.00000000000000     
  0.105000000000000      -0.195000000000000        2.00000000000000     
  0.105000000000000      -0.185000000000000        2.00000000000001     
  0.105000000000000      -0.175000000000000        2.00000000000000     
  0.105000000000000      -0.165000000000000        2.00000000000000     
  0.105000000000000      -0.155000000000000        2.00000000000001     
  0.105000000000000      -0.145000000000000        2.00000000000000     
  0.105000000000000      -0.135000000000000        2.00000000000001     
  0.105000000000000      -0.125000000000000        2.00000000000001     
  0.105000000000000      -0.115000000000000        2.00000000000001     
  0.105000000000000      -0.105000000000000        2.00000000000001     
  0.105000000000000      -9.499999999999997E-002   2.00000000000001     
  0.105000000000000      -8.500000000000002E-002   2.00000000000000     
  0.105000000000000      -7.500000000000001E-002   2.00000000000000     
  0.105000000000000      -6.500000000000000E-002   2.00000000000000     
  0.105000000000000      -5.499999999999999E-002   2.00000000000000     
  0.105000000000000      -4.499999999999998E-002   2.00000000000000     
  0.105000000000000      -3.499999999999997E-002   2.00000000000000     
  0.105000000000000      -2.500000000000002E-002   1.99999999999999     
  0.105000000000000      -1.500000000000001E-002   2.00000000000001     
  0.105000000000000      -5.000000000000000E-003   2.00000000000001     
  0.105000000000000       5.000000000000009E-003   2.00000000000000     
  0.105000000000000       1.500000000000002E-002   2.00000000000000     
  0.105000000000000       2.500000000000003E-002   2.00000000000000     
  0.105000000000000       3.500000000000004E-002   2.00000000000000     
  0.105000000000000       4.500000000000005E-002   2.00000000000001     
  0.105000000000000       5.500000000000006E-002   2.00000000000001     
  0.105000000000000       6.500000000000006E-002   2.00000000000001     
  0.105000000000000       7.499999999999996E-002   1.99999999999998     
  0.105000000000000       8.499999999999996E-002   1.99999999999999     
  0.105000000000000       9.499999999999997E-002   1.99999999999998     
  0.105000000000000       0.105000000000000        2.00000000000001     
  0.105000000000000       0.115000000000000        2.00000000000012     
  0.105000000000000       0.125000000000000        1.99999999997828     
  0.105000000000000       0.135000000000000        2.00000000158038     
  0.105000000000000       0.145000000000000        2.00000029200035     
  0.105000000000000       0.155000000000000        2.00001087855408     
  0.105000000000000       0.165000000000000        2.00018484449747     
  0.105000000000000       0.175000000000000        2.00174920489668     
  0.105000000000000       0.185000000000000        2.01000629560621     
  0.105000000000000       0.195000000000000        2.03684753590921     
  0.105000000000000       0.205000000000000        2.09253055282319     
  0.105000000000000       0.215000000000000        2.16941973755582     
  0.105000000000000       0.225000000000000        2.25873984139606     
  0.105000000000000       0.235000000000000        2.36075317701101     
  0.105000000000000       0.245000000000000        2.45913545460238     
  0.105000000000000       0.255000000000000        2.55464073605438     
  0.105000000000000       0.265000000000000        2.64749684503068     
  0.105000000000000       0.275000000000000        2.73708972756839     
  0.105000000000000       0.285000000000000        2.82192756647493     
  0.105000000000000       0.295000000000000        2.89873697187052     
  0.105000000000000       0.305000000000000        2.95967077165805     
  0.105000000000000       0.315000000000000        2.99147362099226     
  0.105000000000000       0.325000000000000        2.99958625868062     
  0.105000000000000       0.335000000000000        2.99999968526135     
  0.105000000000000       0.345000000000000        2.99999999999993     
  0.105000000000000       0.355000000000000        3.00000000000000     
  0.105000000000000       0.365000000000000        3.00000000000001     
  0.105000000000000       0.375000000000000        3.00000000000002     
  0.105000000000000       0.385000000000000        3.00000000000002     
  0.105000000000000       0.395000000000000        3.00000000000000     
  0.105000000000000       0.405000000000000        3.00000000000000     
  0.105000000000000       0.415000000000000        2.99999999999999     
  0.105000000000000       0.425000000000000        3.00000000000000     
  0.105000000000000       0.435000000000000        3.00000000000000     
  0.105000000000000       0.445000000000000        3.00000000000000     
  0.105000000000000       0.455000000000000        2.99999999999996     
  0.105000000000000       0.465000000000000        3.00000000000000     
  0.105000000000000       0.475000000000000        3.00000000000000     
  0.105000000000000       0.485000000000000        3.00000000000001     
  0.105000000000000       0.495000000000000        3.00000000000001     
  0.115000000000000      -0.495000000000000        1.99999999909653     
  0.115000000000000      -0.485000000000000        1.99999999909652     
  0.115000000000000      -0.475000000000000        1.99999999909652     
  0.115000000000000      -0.465000000000000        1.99999999909651     
  0.115000000000000      -0.455000000000000        1.99999999909653     
  0.115000000000000      -0.445000000000000        1.99999999909652     
  0.115000000000000      -0.435000000000000        1.99999999909652     
  0.115000000000000      -0.425000000000000        1.99999999909653     
  0.115000000000000      -0.415000000000000        1.99999999909651     
  0.115000000000000      -0.405000000000000        1.99999999909653     
  0.115000000000000      -0.395000000000000        1.99999999909653     
  0.115000000000000      -0.385000000000000        1.99999999909652     
  0.115000000000000      -0.375000000000000        1.99999999909653     
  0.115000000000000      -0.365000000000000        1.99999999909653     
  0.115000000000000      -0.355000000000000        1.99999999909653     
  0.115000000000000      -0.345000000000000        1.99999999909652     
  0.115000000000000      -0.335000000000000        1.99999999909653     
  0.115000000000000      -0.325000000000000        1.99999999909652     
  0.115000000000000      -0.315000000000000        1.99999999909652     
  0.115000000000000      -0.305000000000000        1.99999999909653     
  0.115000000000000      -0.295000000000000        1.99999999909651     
  0.115000000000000      -0.285000000000000        1.99999999909653     
  0.115000000000000      -0.275000000000000        1.99999999909653     
  0.115000000000000      -0.265000000000000        1.99999999909653     
  0.115000000000000      -0.255000000000000        1.99999999909653     
  0.115000000000000      -0.245000000000000        1.99999999909653     
  0.115000000000000      -0.235000000000000        1.99999999909653     
  0.115000000000000      -0.225000000000000        1.99999999909653     
  0.115000000000000      -0.215000000000000        1.99999999909652     
  0.115000000000000      -0.205000000000000        1.99999999909653     
  0.115000000000000      -0.195000000000000        1.99999999909653     
  0.115000000000000      -0.185000000000000        1.99999999909653     
  0.115000000000000      -0.175000000000000        1.99999999909653     
  0.115000000000000      -0.165000000000000        1.99999999909653     
  0.115000000000000      -0.155000000000000        1.99999999909653     
  0.115000000000000      -0.145000000000000        1.99999999909652     
  0.115000000000000      -0.135000000000000        1.99999999909653     
  0.115000000000000      -0.125000000000000        1.99999999909653     
  0.115000000000000      -0.115000000000000        1.99999999909653     
  0.115000000000000      -0.105000000000000        1.99999999909653     
  0.115000000000000      -9.499999999999997E-002   1.99999999909653     
  0.115000000000000      -8.500000000000002E-002   1.99999999909652     
  0.115000000000000      -7.500000000000001E-002   1.99999999909652     
  0.115000000000000      -6.500000000000000E-002   1.99999999909652     
  0.115000000000000      -5.499999999999999E-002   1.99999999909652     
  0.115000000000000      -4.499999999999998E-002   1.99999999909653     
  0.115000000000000      -3.499999999999997E-002   1.99999999909653     
  0.115000000000000      -2.500000000000002E-002   1.99999999909652     
  0.115000000000000      -1.500000000000001E-002   1.99999999909653     
  0.115000000000000      -5.000000000000000E-003   1.99999999909653     
  0.115000000000000       5.000000000000009E-003   1.99999999909653     
  0.115000000000000       1.500000000000002E-002   1.99999999909653     
  0.115000000000000       2.500000000000003E-002   1.99999999909653     
  0.115000000000000       3.500000000000004E-002   1.99999999909652     
  0.115000000000000       4.500000000000005E-002   1.99999999909653     
  0.115000000000000       5.500000000000006E-002   1.99999999909654     
  0.115000000000000       6.500000000000006E-002   1.99999999909653     
  0.115000000000000       7.499999999999996E-002   1.99999999909661     
  0.115000000000000       8.499999999999996E-002   1.99999999910154     
  0.115000000000000       9.499999999999997E-002   1.99999999914610     
  0.115000000000000       0.105000000000000        1.99999999931660     
  0.115000000000000       0.115000000000000        1.99999999959455     
  0.115000000000000       0.125000000000000        2.00000000178479     
  0.115000000000000       0.135000000000000        1.99999999729578     
  0.115000000000000       0.145000000000000        2.00000029446615     
  0.115000000000000       0.155000000000000        2.00001087823545     
  0.115000000000000       0.165000000000000        2.00018484457898     
  0.115000000000000       0.175000000000000        2.00174920486780     
  0.115000000000000       0.185000000000000        2.01000629561479     
  0.115000000000000       0.195000000000000        2.03684753590770     
  0.115000000000000       0.205000000000000        2.09253055282318     
  0.115000000000000       0.215000000000000        2.16941973755583     
  0.115000000000000       0.225000000000000        2.25873984139607     
  0.115000000000000       0.235000000000000        2.36075317701113     
  0.115000000000000       0.245000000000000        2.45913545460209     
  0.115000000000000       0.255000000000000        2.55464073605415     
  0.115000000000000       0.265000000000000        2.64749684503112     
  0.115000000000000       0.275000000000000        2.73708972756976     
  0.115000000000000       0.285000000000000        2.82192756647645     
  0.115000000000000       0.295000000000000        2.89873697187048     
  0.115000000000000       0.305000000000000        2.95967077165601     
  0.115000000000000       0.315000000000000        2.99147362099098     
  0.115000000000000       0.325000000000000        2.99958625868045     
  0.115000000000000       0.335000000000000        2.99999968526135     
  0.115000000000000       0.345000000000000        2.99999999999994     
  0.115000000000000       0.355000000000000        3.00000000000000     
  0.115000000000000       0.365000000000000        3.00000000000001     
  0.115000000000000       0.375000000000000        3.00000000000001     
  0.115000000000000       0.385000000000000        3.00000000000001     
  0.115000000000000       0.395000000000000        3.00000000000000     
  0.115000000000000       0.405000000000000        3.00000000000000     
  0.115000000000000       0.415000000000000        3.00000000000000     
  0.115000000000000       0.425000000000000        3.00000000000000     
  0.115000000000000       0.435000000000000        3.00000000000000     
  0.115000000000000       0.445000000000000        3.00000000000000     
  0.115000000000000       0.455000000000000        2.99999999999996     
  0.115000000000000       0.465000000000000        3.00000000000000     
  0.115000000000000       0.475000000000000        3.00000000000000     
  0.115000000000000       0.485000000000000        3.00000000000001     
  0.115000000000000       0.495000000000000        3.00000000000001     
  0.125000000000000      -0.495000000000000        1.99998972691812     
  0.125000000000000      -0.485000000000000        1.99998972691811     
  0.125000000000000      -0.475000000000000        1.99998972691811     
  0.125000000000000      -0.465000000000000        1.99998972691810     
  0.125000000000000      -0.455000000000000        1.99998972691811     
  0.125000000000000      -0.445000000000000        1.99998972691811     
  0.125000000000000      -0.435000000000000        1.99998972691811     
  0.125000000000000      -0.425000000000000        1.99998972691811     
  0.125000000000000      -0.415000000000000        1.99998972691810     
  0.125000000000000      -0.405000000000000        1.99998972691811     
  0.125000000000000      -0.395000000000000        1.99998972691811     
  0.125000000000000      -0.385000000000000        1.99998972691811     
  0.125000000000000      -0.375000000000000        1.99998972691811     
  0.125000000000000      -0.365000000000000        1.99998972691811     
  0.125000000000000      -0.355000000000000        1.99998972691811     
  0.125000000000000      -0.345000000000000        1.99998972691811     
  0.125000000000000      -0.335000000000000        1.99998972691811     
  0.125000000000000      -0.325000000000000        1.99998972691810     
  0.125000000000000      -0.315000000000000        1.99998972691811     
  0.125000000000000      -0.305000000000000        1.99998972691811     
  0.125000000000000      -0.295000000000000        1.99998972691810     
  0.125000000000000      -0.285000000000000        1.99998972691812     
  0.125000000000000      -0.275000000000000        1.99998972691811     
  0.125000000000000      -0.265000000000000        1.99998972691811     
  0.125000000000000      -0.255000000000000        1.99998972691812     
  0.125000000000000      -0.245000000000000        1.99998972691812     
  0.125000000000000      -0.235000000000000        1.99998972691812     
  0.125000000000000      -0.225000000000000        1.99998972691811     
  0.125000000000000      -0.215000000000000        1.99998972691811     
  0.125000000000000      -0.205000000000000        1.99998972691812     
  0.125000000000000      -0.195000000000000        1.99998972691811     
  0.125000000000000      -0.185000000000000        1.99998972691811     
  0.125000000000000      -0.175000000000000        1.99998972691811     
  0.125000000000000      -0.165000000000000        1.99998972691812     
  0.125000000000000      -0.155000000000000        1.99998972691811     
  0.125000000000000      -0.145000000000000        1.99998972691811     
  0.125000000000000      -0.135000000000000        1.99998972691811     
  0.125000000000000      -0.125000000000000        1.99998972691812     
  0.125000000000000      -0.115000000000000        1.99998972691812     
  0.125000000000000      -0.105000000000000        1.99998972691812     
  0.125000000000000      -9.499999999999997E-002   1.99998972691812     
  0.125000000000000      -8.500000000000002E-002   1.99998972691811     
  0.125000000000000      -7.500000000000001E-002   1.99998972691811     
  0.125000000000000      -6.500000000000000E-002   1.99998972691811     
  0.125000000000000      -5.499999999999999E-002   1.99998972691811     
  0.125000000000000      -4.499999999999998E-002   1.99998972691811     
  0.125000000000000      -3.499999999999997E-002   1.99998972691812     
  0.125000000000000      -2.500000000000002E-002   1.99998972691810     
  0.125000000000000      -1.500000000000001E-002   1.99998972691811     
  0.125000000000000      -5.000000000000000E-003   1.99998972691811     
  0.125000000000000       5.000000000000009E-003   1.99998972691811     
  0.125000000000000       1.500000000000002E-002   1.99998972691811     
  0.125000000000000       2.500000000000003E-002   1.99998972691811     
  0.125000000000000       3.500000000000004E-002   1.99998972691811     
  0.125000000000000       4.500000000000005E-002   1.99998972691810     
  0.125000000000000       5.500000000000006E-002   1.99998972691772     
  0.125000000000000       6.500000000000006E-002   1.99998972733698     
  0.125000000000000       7.499999999999996E-002   1.99998973775038     
  0.125000000000000       8.499999999999996E-002   1.99998985162429     
  0.125000000000000       9.499999999999997E-002   1.99999050359551     
  0.125000000000000       0.105000000000000        1.99999251024339     
  0.125000000000000       0.115000000000000        1.99999531718442     
  0.125000000000000       0.125000000000000        1.99999771712054     
  0.125000000000000       0.135000000000000        1.99999895121820     
  0.125000000000000       0.145000000000000        2.00000010544525     
  0.125000000000000       0.155000000000000        2.00001075361732     
  0.125000000000000       0.165000000000000        2.00018484286452     
  0.125000000000000       0.175000000000000        2.00174918469412     
  0.125000000000000       0.185000000000000        2.01000629514434     
  0.125000000000000       0.195000000000000        2.03684753538969     
  0.125000000000000       0.205000000000000        2.09253055277182     
  0.125000000000000       0.215000000000000        2.16941973755570     
  0.125000000000000       0.225000000000000        2.25873984139607     
  0.125000000000000       0.235000000000000        2.36075317701108     
  0.125000000000000       0.245000000000000        2.45913545460208     
  0.125000000000000       0.255000000000000        2.55464073605420     
  0.125000000000000       0.265000000000000        2.64749684503165     
  0.125000000000000       0.275000000000000        2.73708972757107     
  0.125000000000000       0.285000000000000        2.82192756647791     
  0.125000000000000       0.295000000000000        2.89873697187104     
  0.125000000000000       0.305000000000000        2.95967077165550     
  0.125000000000000       0.315000000000000        2.99147362099058     
  0.125000000000000       0.325000000000000        2.99958625868041     
  0.125000000000000       0.335000000000000        2.99999968526135     
  0.125000000000000       0.345000000000000        2.99999999999993     
  0.125000000000000       0.355000000000000        3.00000000000000     
  0.125000000000000       0.365000000000000        3.00000000000001     
  0.125000000000000       0.375000000000000        3.00000000000001     
  0.125000000000000       0.385000000000000        3.00000000000001     
  0.125000000000000       0.395000000000000        3.00000000000000     
  0.125000000000000       0.405000000000000        3.00000000000000     
  0.125000000000000       0.415000000000000        3.00000000000000     
  0.125000000000000       0.425000000000000        3.00000000000000     
  0.125000000000000       0.435000000000000        3.00000000000000     
  0.125000000000000       0.445000000000000        3.00000000000000     
  0.125000000000000       0.455000000000000        2.99999999999996     
  0.125000000000000       0.465000000000000        3.00000000000000     
  0.125000000000000       0.475000000000000        3.00000000000000     
  0.125000000000000       0.485000000000000        3.00000000000000     
  0.125000000000000       0.495000000000000        3.00000000000000     
  0.135000000000000      -0.495000000000000        1.99729916954651     
  0.135000000000000      -0.485000000000000        1.99729916954651     
  0.135000000000000      -0.475000000000000        1.99729916954650     
  0.135000000000000      -0.465000000000000        1.99729916954650     
  0.135000000000000      -0.455000000000000        1.99729916954651     
  0.135000000000000      -0.445000000000000        1.99729916954651     
  0.135000000000000      -0.435000000000000        1.99729916954650     
  0.135000000000000      -0.425000000000000        1.99729916954652     
  0.135000000000000      -0.415000000000000        1.99729916954650     
  0.135000000000000      -0.405000000000000        1.99729916954650     
  0.135000000000000      -0.395000000000000        1.99729916954651     
  0.135000000000000      -0.385000000000000        1.99729916954651     
  0.135000000000000      -0.375000000000000        1.99729916954651     
  0.135000000000000      -0.365000000000000        1.99729916954651     
  0.135000000000000      -0.355000000000000        1.99729916954650     
  0.135000000000000      -0.345000000000000        1.99729916954651     
  0.135000000000000      -0.335000000000000        1.99729916954651     
  0.135000000000000      -0.325000000000000        1.99729916954650     
  0.135000000000000      -0.315000000000000        1.99729916954651     
  0.135000000000000      -0.305000000000000        1.99729916954651     
  0.135000000000000      -0.295000000000000        1.99729916954650     
  0.135000000000000      -0.285000000000000        1.99729916954651     
  0.135000000000000      -0.275000000000000        1.99729916954651     
  0.135000000000000      -0.265000000000000        1.99729916954651     
  0.135000000000000      -0.255000000000000        1.99729916954651     
  0.135000000000000      -0.245000000000000        1.99729916954651     
  0.135000000000000      -0.235000000000000        1.99729916954651     
  0.135000000000000      -0.225000000000000        1.99729916954651     
  0.135000000000000      -0.215000000000000        1.99729916954650     
  0.135000000000000      -0.205000000000000        1.99729916954651     
  0.135000000000000      -0.195000000000000        1.99729916954651     
  0.135000000000000      -0.185000000000000        1.99729916954651     
  0.135000000000000      -0.175000000000000        1.99729916954651     
  0.135000000000000      -0.165000000000000        1.99729916954651     
  0.135000000000000      -0.155000000000000        1.99729916954651     
  0.135000000000000      -0.145000000000000        1.99729916954650     
  0.135000000000000      -0.135000000000000        1.99729916954651     
  0.135000000000000      -0.125000000000000        1.99729916954652     
  0.135000000000000      -0.115000000000000        1.99729916954651     
  0.135000000000000      -0.105000000000000        1.99729916954651     
  0.135000000000000      -9.499999999999997E-002   1.99729916954651     
  0.135000000000000      -8.500000000000002E-002   1.99729916954650     
  0.135000000000000      -7.500000000000001E-002   1.99729916954651     
  0.135000000000000      -6.500000000000000E-002   1.99729916954651     
  0.135000000000000      -5.499999999999999E-002   1.99729916954650     
  0.135000000000000      -4.499999999999998E-002   1.99729916954651     
  0.135000000000000      -3.499999999999997E-002   1.99729916954651     
  0.135000000000000      -2.500000000000002E-002   1.99729916954650     
  0.135000000000000      -1.500000000000001E-002   1.99729916954652     
  0.135000000000000      -5.000000000000000E-003   1.99729916954652     
  0.135000000000000       5.000000000000009E-003   1.99729916954651     
  0.135000000000000       1.500000000000002E-002   1.99729916954651     
  0.135000000000000       2.500000000000003E-002   1.99729916954651     
  0.135000000000000       3.500000000000004E-002   1.99729916954638     
  0.135000000000000       4.500000000000005E-002   1.99729916952342     
  0.135000000000000       5.500000000000006E-002   1.99729916729206     
  0.135000000000000       6.500000000000006E-002   1.99729958523051     
  0.135000000000000       7.499999999999996E-002   1.99730706878289     
  0.135000000000000       8.499999999999996E-002   1.99736193051108     
  0.135000000000000       9.499999999999997E-002   1.99758618443244     
  0.135000000000000       0.105000000000000        1.99813683149424     
  0.135000000000000       0.115000000000000        1.99886536634782     
  0.135000000000000       0.125000000000000        1.99947988260584     
  0.135000000000000       0.135000000000000        1.99981400194380     
  0.135000000000000       0.145000000000000        1.99994204542466     
  0.135000000000000       0.155000000000000        1.99999161971053     
  0.135000000000000       0.165000000000000        2.00018059649754     
  0.135000000000000       0.175000000000000        2.00174748936869     
  0.135000000000000       0.185000000000000        2.01000599208829     
  0.135000000000000       0.195000000000000        2.03684748165695     
  0.135000000000000       0.205000000000000        2.09253053389753     
  0.135000000000000       0.215000000000000        2.16941973672576     
  0.135000000000000       0.225000000000000        2.25873984139642     
  0.135000000000000       0.235000000000000        2.36075317701246     
  0.135000000000000       0.245000000000000        2.45913545460223     
  0.135000000000000       0.255000000000000        2.55464073605433     
  0.135000000000000       0.265000000000000        2.64749684503192     
  0.135000000000000       0.275000000000000        2.73708972757174     
  0.135000000000000       0.285000000000000        2.82192756647860     
  0.135000000000000       0.295000000000000        2.89873697187031     
  0.135000000000000       0.305000000000000        2.95967077165289     
  0.135000000000000       0.315000000000000        2.99147362098957     
  0.135000000000000       0.325000000000000        2.99958625868032     
  0.135000000000000       0.335000000000000        2.99999968526135     
  0.135000000000000       0.345000000000000        2.99999999999993     
  0.135000000000000       0.355000000000000        2.99999999999999     
  0.135000000000000       0.365000000000000        3.00000000000001     
  0.135000000000000       0.375000000000000        3.00000000000002     
  0.135000000000000       0.385000000000000        3.00000000000001     
  0.135000000000000       0.395000000000000        3.00000000000000     
  0.135000000000000       0.405000000000000        3.00000000000000     
  0.135000000000000       0.415000000000000        3.00000000000000     
  0.135000000000000       0.425000000000000        3.00000000000000     
  0.135000000000000       0.435000000000000        3.00000000000000     
  0.135000000000000       0.445000000000000        3.00000000000001     
  0.135000000000000       0.455000000000000        2.99999999999996     
  0.135000000000000       0.465000000000000        3.00000000000000     
  0.135000000000000       0.475000000000000        3.00000000000001     
  0.135000000000000       0.485000000000000        3.00000000000000     
  0.135000000000000       0.495000000000000        3.00000000000001     
  0.145000000000000      -0.495000000000000        1.83734261716438     
  0.145000000000000      -0.485000000000000        1.83734261716438     
  0.145000000000000      -0.475000000000000        1.83734261716438     
  0.145000000000000      -0.465000000000000        1.83734261716437     
  0.145000000000000      -0.455000000000000        1.83734261716438     
  0.145000000000000      -0.445000000000000        1.83734261716438     
  0.145000000000000      -0.435000000000000        1.83734261716438     
  0.145000000000000      -0.425000000000000        1.83734261716438     
  0.145000000000000      -0.415000000000000        1.83734261716437     
  0.145000000000000      -0.405000000000000        1.83734261716438     
  0.145000000000000      -0.395000000000000        1.83734261716438     
  0.145000000000000      -0.385000000000000        1.83734261716439     
  0.145000000000000      -0.375000000000000        1.83734261716438     
  0.145000000000000      -0.365000000000000        1.83734261716439     
  0.145000000000000      -0.355000000000000        1.83734261716438     
  0.145000000000000      -0.345000000000000        1.83734261716439     
  0.145000000000000      -0.335000000000000        1.83734261716438     
  0.145000000000000      -0.325000000000000        1.83734261716437     
  0.145000000000000      -0.315000000000000        1.83734261716439     
  0.145000000000000      -0.305000000000000        1.83734261716439     
  0.145000000000000      -0.295000000000000        1.83734261716438     
  0.145000000000000      -0.285000000000000        1.83734261716438     
  0.145000000000000      -0.275000000000000        1.83734261716439     
  0.145000000000000      -0.265000000000000        1.83734261716440     
  0.145000000000000      -0.255000000000000        1.83734261716440     
  0.145000000000000      -0.245000000000000        1.83734261716439     
  0.145000000000000      -0.235000000000000        1.83734261716439     
  0.145000000000000      -0.225000000000000        1.83734261716439     
  0.145000000000000      -0.215000000000000        1.83734261716438     
  0.145000000000000      -0.205000000000000        1.83734261716439     
  0.145000000000000      -0.195000000000000        1.83734261716439     
  0.145000000000000      -0.185000000000000        1.83734261716439     
  0.145000000000000      -0.175000000000000        1.83734261716439     
  0.145000000000000      -0.165000000000000        1.83734261716439     
  0.145000000000000      -0.155000000000000        1.83734261716439     
  0.145000000000000      -0.145000000000000        1.83734261716438     
  0.145000000000000      -0.135000000000000        1.83734261716439     
  0.145000000000000      -0.125000000000000        1.83734261716440     
  0.145000000000000      -0.115000000000000        1.83734261716440     
  0.145000000000000      -0.105000000000000        1.83734261716439     
  0.145000000000000      -9.499999999999997E-002   1.83734261716439     
  0.145000000000000      -8.500000000000002E-002   1.83734261716438     
  0.145000000000000      -7.500000000000001E-002   1.83734261716439     
  0.145000000000000      -6.500000000000000E-002   1.83734261716439     
  0.145000000000000      -5.499999999999999E-002   1.83734261716439     
  0.145000000000000      -4.499999999999998E-002   1.83734261716440     
  0.145000000000000      -3.499999999999997E-002   1.83734261716439     
  0.145000000000000      -2.500000000000002E-002   1.83734261716438     
  0.145000000000000      -1.500000000000001E-002   1.83734261716439     
  0.145000000000000      -5.000000000000000E-003   1.83734261716439     
  0.145000000000000       5.000000000000009E-003   1.83734261716439     
  0.145000000000000       1.500000000000002E-002   1.83734261716439     
  0.145000000000000       2.500000000000003E-002   1.83734261716433     
  0.145000000000000       3.500000000000004E-002   1.83734261715215     
  0.145000000000000       4.500000000000005E-002   1.83734261590276     
  0.145000000000000       5.500000000000006E-002   1.83734266147186     
  0.145000000000000       6.500000000000006E-002   1.83740036535247     
  0.145000000000000       7.499999999999996E-002   1.83822453626451     
  0.145000000000000       8.499999999999996E-002   1.84296228086855     
  0.145000000000000       9.499999999999997E-002   1.85801083497704     
  0.145000000000000       0.105000000000000        1.88850318282189     
  0.145000000000000       0.115000000000000        1.92932150789048     
  0.145000000000000       0.125000000000000        1.96732066240933     
  0.145000000000000       0.135000000000000        1.98845266881361     
  0.145000000000000       0.145000000000000        1.99630090435311     
  0.145000000000000       0.155000000000000        1.99887787606135     
  0.145000000000000       0.165000000000000        1.99986308796512     
  0.145000000000000       0.175000000000000        2.00167531328426     
  0.145000000000000       0.185000000000000        2.00998607424954     
  0.145000000000000       0.195000000000000        2.03684510166424     
  0.145000000000000       0.205000000000000        2.09252878069307     
  0.145000000000000       0.215000000000000        2.16941964473809     
  0.145000000000000       0.225000000000000        2.25873984162958     
  0.145000000000000       0.235000000000000        2.36075317791862     
  0.145000000000000       0.245000000000000        2.45913545462032     
  0.145000000000000       0.255000000000000        2.55464073605100     
  0.145000000000000       0.265000000000000        2.64749684503096     
  0.145000000000000       0.275000000000000        2.73708972757082     
  0.145000000000000       0.285000000000000        2.82192756647728     
  0.145000000000000       0.295000000000000        2.89873697186886     
  0.145000000000000       0.305000000000000        2.95967077165185     
  0.145000000000000       0.315000000000000        2.99147362098894     
  0.145000000000000       0.325000000000000        2.99958625868019     
  0.145000000000000       0.335000000000000        2.99999968526135     
  0.145000000000000       0.345000000000000        2.99999999999994     
  0.145000000000000       0.355000000000000        3.00000000000000     
  0.145000000000000       0.365000000000000        3.00000000000000     
  0.145000000000000       0.375000000000000        3.00000000000001     
  0.145000000000000       0.385000000000000        3.00000000000002     
  0.145000000000000       0.395000000000000        3.00000000000000     
  0.145000000000000       0.405000000000000        3.00000000000000     
  0.145000000000000       0.415000000000000        3.00000000000000     
  0.145000000000000       0.425000000000000        3.00000000000000     
  0.145000000000000       0.435000000000000        3.00000000000000     
  0.145000000000000       0.445000000000000        3.00000000000000     
  0.145000000000000       0.455000000000000        2.99999999999996     
  0.145000000000000       0.465000000000000        3.00000000000000     
  0.145000000000000       0.475000000000000        3.00000000000001     
  0.145000000000000       0.485000000000000        3.00000000000000     
  0.145000000000000       0.495000000000000        3.00000000000001     
  0.155000000000000      -0.495000000000000        1.16200058954271     
  0.155000000000000      -0.485000000000000        1.16200058954271     
  0.155000000000000      -0.475000000000000        1.16200058954271     
  0.155000000000000      -0.465000000000000        1.16200058954270     
  0.155000000000000      -0.455000000000000        1.16200058954270     
  0.155000000000000      -0.445000000000000        1.16200058954271     
  0.155000000000000      -0.435000000000000        1.16200058954270     
  0.155000000000000      -0.425000000000000        1.16200058954270     
  0.155000000000000      -0.415000000000000        1.16200058954270     
  0.155000000000000      -0.405000000000000        1.16200058954270     
  0.155000000000000      -0.395000000000000        1.16200058954270     
  0.155000000000000      -0.385000000000000        1.16200058954270     
  0.155000000000000      -0.375000000000000        1.16200058954271     
  0.155000000000000      -0.365000000000000        1.16200058954271     
  0.155000000000000      -0.355000000000000        1.16200058954271     
  0.155000000000000      -0.345000000000000        1.16200058954271     
  0.155000000000000      -0.335000000000000        1.16200058954271     
  0.155000000000000      -0.325000000000000        1.16200058954270     
  0.155000000000000      -0.315000000000000        1.16200058954271     
  0.155000000000000      -0.305000000000000        1.16200058954272     
  0.155000000000000      -0.295000000000000        1.16200058954271     
  0.155000000000000      -0.285000000000000        1.16200058954271     
  0.155000000000000      -0.275000000000000        1.16200058954271     
  0.155000000000000      -0.265000000000000        1.16200058954271     
  0.155000000000000      -0.255000000000000        1.16200058954271     
  0.155000000000000      -0.245000000000000        1.16200058954271     
  0.155000000000000      -0.235000000000000        1.16200058954271     
  0.155000000000000      -0.225000000000000        1.16200058954271     
  0.155000000000000      -0.215000000000000        1.16200058954271     
  0.155000000000000      -0.205000000000000        1.16200058954271     
  0.155000000000000      -0.195000000000000        1.16200058954271     
  0.155000000000000      -0.185000000000000        1.16200058954271     
  0.155000000000000      -0.175000000000000        1.16200058954271     
  0.155000000000000      -0.165000000000000        1.16200058954271     
  0.155000000000000      -0.155000000000000        1.16200058954272     
  0.155000000000000      -0.145000000000000        1.16200058954271     
  0.155000000000000      -0.135000000000000        1.16200058954271     
  0.155000000000000      -0.125000000000000        1.16200058954272     
  0.155000000000000      -0.115000000000000        1.16200058954271     
  0.155000000000000      -0.105000000000000        1.16200058954272     
  0.155000000000000      -9.499999999999997E-002   1.16200058954271     
  0.155000000000000      -8.500000000000002E-002   1.16200058954270     
  0.155000000000000      -7.500000000000001E-002   1.16200058954270     
  0.155000000000000      -6.500000000000000E-002   1.16200058954271     
  0.155000000000000      -5.499999999999999E-002   1.16200058954271     
  0.155000000000000      -4.499999999999998E-002   1.16200058954272     
  0.155000000000000      -3.499999999999997E-002   1.16200058954271     
  0.155000000000000      -2.500000000000002E-002   1.16200058954270     
  0.155000000000000      -1.500000000000001E-002   1.16200058954271     
  0.155000000000000      -5.000000000000000E-003   1.16200058954271     
  0.155000000000000       5.000000000000009E-003   1.16200058954271     
  0.155000000000000       1.500000000000002E-002   1.16200058954271     
  0.155000000000000       2.500000000000003E-002   1.16200058954248     
  0.155000000000000       3.500000000000004E-002   1.16200058951988     
  0.155000000000000       4.500000000000005E-002   1.16200061786875     
  0.155000000000000       5.500000000000006E-002   1.16200793486082     
  0.155000000000000       6.500000000000006E-002   1.16236869942355     
  0.155000000000000       7.499999999999996E-002   1.16628739145905     
  0.155000000000000       8.499999999999996E-002   1.18475560937433     
  0.155000000000000       9.499999999999997E-002   1.23477500972872     
  0.155000000000000       0.105000000000000        1.32509370104012     
  0.155000000000000       0.115000000000000        1.45434280141310     
  0.155000000000000       0.125000000000000        1.61573145797848     
  0.155000000000000       0.135000000000000        1.78772555966945     
  0.155000000000000       0.145000000000000        1.91189201408751     
  0.155000000000000       0.155000000000000        1.97048207352104     
  0.155000000000000       0.165000000000000        1.99146656886151     
  0.155000000000000       0.175000000000000        1.99964607491923     
  0.155000000000000       0.185000000000000        2.00954519374260     
  0.155000000000000       0.195000000000000        2.03678714248187     
  0.155000000000000       0.205000000000000        2.09247083551424     
  0.155000000000000       0.215000000000000        2.16941552941903     
  0.155000000000000       0.225000000000000        2.25873992490229     
  0.155000000000000       0.235000000000000        2.36075326409879     
  0.155000000000000       0.245000000000000        2.45913545805595     
  0.155000000000000       0.255000000000000        2.55464073533642     
  0.155000000000000       0.265000000000000        2.64749684491500     
  0.155000000000000       0.275000000000000        2.73708972757591     
  0.155000000000000       0.285000000000000        2.82192756647700     
  0.155000000000000       0.295000000000000        2.89873697186964     
  0.155000000000000       0.305000000000000        2.95967077165543     
  0.155000000000000       0.315000000000000        2.99147362099054     
  0.155000000000000       0.325000000000000        2.99958625868038     
  0.155000000000000       0.335000000000000        2.99999968526136     
  0.155000000000000       0.345000000000000        2.99999999999994     
  0.155000000000000       0.355000000000000        3.00000000000000     
  0.155000000000000       0.365000000000000        3.00000000000001     
  0.155000000000000       0.375000000000000        3.00000000000002     
  0.155000000000000       0.385000000000000        3.00000000000002     
  0.155000000000000       0.395000000000000        3.00000000000000     
  0.155000000000000       0.405000000000000        3.00000000000001     
  0.155000000000000       0.415000000000000        3.00000000000001     
  0.155000000000000       0.425000000000000        3.00000000000001     
  0.155000000000000       0.435000000000000        3.00000000000001     
  0.155000000000000       0.445000000000000        3.00000000000000     
  0.155000000000000       0.455000000000000        2.99999999999998     
  0.155000000000000       0.465000000000000        3.00000000000001     
  0.155000000000000       0.475000000000000        3.00000000000000     
  0.155000000000000       0.485000000000000        3.00000000000000     
  0.155000000000000       0.495000000000000        3.00000000000001     
  0.165000000000000      -0.495000000000000        1.00336430840023     
  0.165000000000000      -0.485000000000000        1.00336430840023     
  0.165000000000000      -0.475000000000000        1.00336430840023     
  0.165000000000000      -0.465000000000000        1.00336430840022     
  0.165000000000000      -0.455000000000000        1.00336430840023     
  0.165000000000000      -0.445000000000000        1.00336430840023     
  0.165000000000000      -0.435000000000000        1.00336430840023     
  0.165000000000000      -0.425000000000000        1.00336430840023     
  0.165000000000000      -0.415000000000000        1.00336430840023     
  0.165000000000000      -0.405000000000000        1.00336430840023     
  0.165000000000000      -0.395000000000000        1.00336430840023     
  0.165000000000000      -0.385000000000000        1.00336430840023     
  0.165000000000000      -0.375000000000000        1.00336430840023     
  0.165000000000000      -0.365000000000000        1.00336430840023     
  0.165000000000000      -0.355000000000000        1.00336430840023     
  0.165000000000000      -0.345000000000000        1.00336430840023     
  0.165000000000000      -0.335000000000000        1.00336430840023     
  0.165000000000000      -0.325000000000000        1.00336430840022     
  0.165000000000000      -0.315000000000000        1.00336430840023     
  0.165000000000000      -0.305000000000000        1.00336430840023     
  0.165000000000000      -0.295000000000000        1.00336430840022     
  0.165000000000000      -0.285000000000000        1.00336430840023     
  0.165000000000000      -0.275000000000000        1.00336430840023     
  0.165000000000000      -0.265000000000000        1.00336430840023     
  0.165000000000000      -0.255000000000000        1.00336430840023     
  0.165000000000000      -0.245000000000000        1.00336430840023     
  0.165000000000000      -0.235000000000000        1.00336430840023     
  0.165000000000000      -0.225000000000000        1.00336430840023     
  0.165000000000000      -0.215000000000000        1.00336430840023     
  0.165000000000000      -0.205000000000000        1.00336430840023     
  0.165000000000000      -0.195000000000000        1.00336430840023     
  0.165000000000000      -0.185000000000000        1.00336430840023     
  0.165000000000000      -0.175000000000000        1.00336430840022     
  0.165000000000000      -0.165000000000000        1.00336430840023     
  0.165000000000000      -0.155000000000000        1.00336430840023     
  0.165000000000000      -0.145000000000000        1.00336430840023     
  0.165000000000000      -0.135000000000000        1.00336430840023     
  0.165000000000000      -0.125000000000000        1.00336430840023     
  0.165000000000000      -0.115000000000000        1.00336430840023     
  0.165000000000000      -0.105000000000000        1.00336430840023     
  0.165000000000000      -9.499999999999997E-002   1.00336430840023     
  0.165000000000000      -8.500000000000002E-002   1.00336430840023     
  0.165000000000000      -7.500000000000001E-002   1.00336430840023     
  0.165000000000000      -6.500000000000000E-002   1.00336430840023     
  0.165000000000000      -5.499999999999999E-002   1.00336430840023     
  0.165000000000000      -4.499999999999998E-002   1.00336430840023     
  0.165000000000000      -3.499999999999997E-002   1.00336430840023     
  0.165000000000000      -2.500000000000002E-002   1.00336430840023     
  0.165000000000000      -1.500000000000001E-002   1.00336430840023     
  0.165000000000000      -5.000000000000000E-003   1.00336430840023     
  0.165000000000000       5.000000000000009E-003   1.00336430840023     
  0.165000000000000       1.500000000000002E-002   1.00336430840024     
  0.165000000000000       2.500000000000003E-002   1.00336430840143     
  0.165000000000000       3.500000000000004E-002   1.00336430842062     
  0.165000000000000       4.500000000000005E-002   1.00336435797127     
  0.165000000000000       5.500000000000006E-002   1.00337673673281     
  0.165000000000000       6.500000000000006E-002   1.00381529443422     
  0.165000000000000       7.499999999999996E-002   1.00810233548770     
  0.165000000000000       8.499999999999996E-002   1.02654423542847     
  0.165000000000000       9.499999999999997E-002   1.07201519201424     
  0.165000000000000       0.105000000000000        1.14337626878207     
  0.165000000000000       0.115000000000000        1.22936538777551     
  0.165000000000000       0.125000000000000        1.32942570443530     
  0.165000000000000       0.135000000000000        1.45219488917263     
  0.165000000000000       0.145000000000000        1.60683397300467     
  0.165000000000000       0.155000000000000        1.77700073184733     
  0.165000000000000       0.165000000000000        1.90619742511827     
  0.165000000000000       0.175000000000000        1.96965214395672     
  0.165000000000000       0.185000000000000        2.00444407934377     
  0.165000000000000       0.195000000000000        2.03611833769643     
  0.165000000000000       0.205000000000000        2.09202227569891     
  0.165000000000000       0.215000000000000        2.16935083879123     
  0.165000000000000       0.225000000000000        2.25873826229210     
  0.165000000000000       0.235000000000000        2.36075426950683     
  0.165000000000000       0.245000000000000        2.45913545124041     
  0.165000000000000       0.255000000000000        2.55464072248030     
  0.165000000000000       0.265000000000000        2.64749684508970     
  0.165000000000000       0.275000000000000        2.73708972801909     
  0.165000000000000       0.285000000000000        2.82192756647987     
  0.165000000000000       0.295000000000000        2.89873697186779     
  0.165000000000000       0.305000000000000        2.95967077165515     
  0.165000000000000       0.315000000000000        2.99147362099091     
  0.165000000000000       0.325000000000000        2.99958625868046     
  0.165000000000000       0.335000000000000        2.99999968526135     
  0.165000000000000       0.345000000000000        2.99999999999994     
  0.165000000000000       0.355000000000000        3.00000000000001     
  0.165000000000000       0.365000000000000        3.00000000000001     
  0.165000000000000       0.375000000000000        3.00000000000002     
  0.165000000000000       0.385000000000000        3.00000000000002     
  0.165000000000000       0.395000000000000        3.00000000000000     
  0.165000000000000       0.405000000000000        3.00000000000001     
  0.165000000000000       0.415000000000000        3.00000000000001     
  0.165000000000000       0.425000000000000        3.00000000000000     
  0.165000000000000       0.435000000000000        3.00000000000000     
  0.165000000000000       0.445000000000000        3.00000000000000     
  0.165000000000000       0.455000000000000        2.99999999999998     
  0.165000000000000       0.465000000000000        3.00000000000001     
  0.165000000000000       0.475000000000000        3.00000000000000     
  0.165000000000000       0.485000000000000        3.00000000000000     
  0.165000000000000       0.495000000000000        3.00000000000001     
  0.175000000000000      -0.495000000000000        1.00000358932243     
  0.175000000000000      -0.485000000000000        1.00000358932243     
  0.175000000000000      -0.475000000000000        1.00000358932243     
  0.175000000000000      -0.465000000000000        1.00000358932243     
  0.175000000000000      -0.455000000000000        1.00000358932243     
  0.175000000000000      -0.445000000000000        1.00000358932244     
  0.175000000000000      -0.435000000000000        1.00000358932243     
  0.175000000000000      -0.425000000000000        1.00000358932243     
  0.175000000000000      -0.415000000000000        1.00000358932243     
  0.175000000000000      -0.405000000000000        1.00000358932243     
  0.175000000000000      -0.395000000000000        1.00000358932243     
  0.175000000000000      -0.385000000000000        1.00000358932243     
  0.175000000000000      -0.375000000000000        1.00000358932244     
  0.175000000000000      -0.365000000000000        1.00000358932243     
  0.175000000000000      -0.355000000000000        1.00000358932243     
  0.175000000000000      -0.345000000000000        1.00000358932243     
  0.175000000000000      -0.335000000000000        1.00000358932243     
  0.175000000000000      -0.325000000000000        1.00000358932243     
  0.175000000000000      -0.315000000000000        1.00000358932243     
  0.175000000000000      -0.305000000000000        1.00000358932243     
  0.175000000000000      -0.295000000000000        1.00000358932242     
  0.175000000000000      -0.285000000000000        1.00000358932243     
  0.175000000000000      -0.275000000000000        1.00000358932243     
  0.175000000000000      -0.265000000000000        1.00000358932243     
  0.175000000000000      -0.255000000000000        1.00000358932243     
  0.175000000000000      -0.245000000000000        1.00000358932243     
  0.175000000000000      -0.235000000000000        1.00000358932243     
  0.175000000000000      -0.225000000000000        1.00000358932243     
  0.175000000000000      -0.215000000000000        1.00000358932242     
  0.175000000000000      -0.205000000000000        1.00000358932243     
  0.175000000000000      -0.195000000000000        1.00000358932243     
  0.175000000000000      -0.185000000000000        1.00000358932243     
  0.175000000000000      -0.175000000000000        1.00000358932243     
  0.175000000000000      -0.165000000000000        1.00000358932243     
  0.175000000000000      -0.155000000000000        1.00000358932243     
  0.175000000000000      -0.145000000000000        1.00000358932243     
  0.175000000000000      -0.135000000000000        1.00000358932243     
  0.175000000000000      -0.125000000000000        1.00000358932243     
  0.175000000000000      -0.115000000000000        1.00000358932243     
  0.175000000000000      -0.105000000000000        1.00000358932243     
  0.175000000000000      -9.499999999999997E-002   1.00000358932243     
  0.175000000000000      -8.500000000000002E-002   1.00000358932243     
  0.175000000000000      -7.500000000000001E-002   1.00000358932243     
  0.175000000000000      -6.500000000000000E-002   1.00000358932243     
  0.175000000000000      -5.499999999999999E-002   1.00000358932243     
  0.175000000000000      -4.499999999999998E-002   1.00000358932243     
  0.175000000000000      -3.499999999999997E-002   1.00000358932243     
  0.175000000000000      -2.500000000000002E-002   1.00000358932242     
  0.175000000000000      -1.500000000000001E-002   1.00000358932243     
  0.175000000000000      -5.000000000000000E-003   1.00000358932243     
  0.175000000000000       5.000000000000009E-003   1.00000358932243     
  0.175000000000000       1.500000000000002E-002   1.00000358932244     
  0.175000000000000       2.500000000000003E-002   1.00000358932075     
  0.175000000000000       3.500000000000004E-002   1.00000358929683     
  0.175000000000000       4.500000000000005E-002   1.00000363241996     
  0.175000000000000       5.500000000000006E-002   1.00001525274365     
  0.175000000000000       6.500000000000006E-002   1.00042829334754     
  0.175000000000000       7.499999999999996E-002   1.00456859771517     
  0.175000000000000       8.499999999999996E-002   1.02265499961008     
  0.175000000000000       9.499999999999997E-002   1.06753217801948     
  0.175000000000000       0.105000000000000        1.13746764700760     
  0.175000000000000       0.115000000000000        1.21856737555888     
  0.175000000000000       0.125000000000000        1.30430838369571     
  0.175000000000000       0.135000000000000        1.39294320628936     
  0.175000000000000       0.145000000000000        1.48758055316164     
  0.175000000000000       0.155000000000000        1.59849506342295     
  0.175000000000000       0.165000000000000        1.72782765186996     
  0.175000000000000       0.175000000000000        1.86217135098441     
  0.175000000000000       0.185000000000000        1.96174763820991     
  0.175000000000000       0.195000000000000        2.02963296334861     
  0.175000000000000       0.205000000000000        2.09143387069144     
  0.175000000000000       0.215000000000000        2.16910144916707     
  0.175000000000000       0.225000000000000        2.25869978482665     
  0.175000000000000       0.235000000000000        2.36074868506727     
  0.175000000000000       0.245000000000000        2.45913370984561     
  0.175000000000000       0.255000000000000        2.55464062417663     
  0.175000000000000       0.265000000000000        2.64749690243314     
  0.175000000000000       0.275000000000000        2.73708974069191     
  0.175000000000000       0.285000000000000        2.82192756637935     
  0.175000000000000       0.295000000000000        2.89873697172114     
  0.175000000000000       0.305000000000000        2.95967077164804     
  0.175000000000000       0.315000000000000        2.99147362098895     
  0.175000000000000       0.325000000000000        2.99958625868022     
  0.175000000000000       0.335000000000000        2.99999968526135     
  0.175000000000000       0.345000000000000        2.99999999999993     
  0.175000000000000       0.355000000000000        3.00000000000000     
  0.175000000000000       0.365000000000000        3.00000000000001     
  0.175000000000000       0.375000000000000        3.00000000000002     
  0.175000000000000       0.385000000000000        3.00000000000001     
  0.175000000000000       0.395000000000000        3.00000000000000     
  0.175000000000000       0.405000000000000        2.99999999999999     
  0.175000000000000       0.415000000000000        3.00000000000001     
  0.175000000000000       0.425000000000000        3.00000000000000     
  0.175000000000000       0.435000000000000        3.00000000000000     
  0.175000000000000       0.445000000000000        3.00000000000000     
  0.175000000000000       0.455000000000000        2.99999999999996     
  0.175000000000000       0.465000000000000        3.00000000000000     
  0.175000000000000       0.475000000000000        3.00000000000000     
  0.175000000000000       0.485000000000000        3.00000000000000     
  0.175000000000000       0.495000000000000        3.00000000000001     
  0.185000000000000      -0.495000000000000        1.00000000000910     
  0.185000000000000      -0.485000000000000        1.00000000000910     
  0.185000000000000      -0.475000000000000        1.00000000000910     
  0.185000000000000      -0.465000000000000        1.00000000000909     
  0.185000000000000      -0.455000000000000        1.00000000000910     
  0.185000000000000      -0.445000000000000        1.00000000000910     
  0.185000000000000      -0.435000000000000        1.00000000000910     
  0.185000000000000      -0.425000000000000        1.00000000000910     
  0.185000000000000      -0.415000000000000        1.00000000000909     
  0.185000000000000      -0.405000000000000        1.00000000000910     
  0.185000000000000      -0.395000000000000        1.00000000000910     
  0.185000000000000      -0.385000000000000        1.00000000000910     
  0.185000000000000      -0.375000000000000        1.00000000000911     
  0.185000000000000      -0.365000000000000        1.00000000000910     
  0.185000000000000      -0.355000000000000        1.00000000000910     
  0.185000000000000      -0.345000000000000        1.00000000000910     
  0.185000000000000      -0.335000000000000        1.00000000000910     
  0.185000000000000      -0.325000000000000        1.00000000000910     
  0.185000000000000      -0.315000000000000        1.00000000000910     
  0.185000000000000      -0.305000000000000        1.00000000000910     
  0.185000000000000      -0.295000000000000        1.00000000000909     
  0.185000000000000      -0.285000000000000        1.00000000000910     
  0.185000000000000      -0.275000000000000        1.00000000000910     
  0.185000000000000      -0.265000000000000        1.00000000000910     
  0.185000000000000      -0.255000000000000        1.00000000000910     
  0.185000000000000      -0.245000000000000        1.00000000000910     
  0.185000000000000      -0.235000000000000        1.00000000000910     
  0.185000000000000      -0.225000000000000        1.00000000000910     
  0.185000000000000      -0.215000000000000        1.00000000000910     
  0.185000000000000      -0.205000000000000        1.00000000000910     
  0.185000000000000      -0.195000000000000        1.00000000000910     
  0.185000000000000      -0.185000000000000        1.00000000000910     
  0.185000000000000      -0.175000000000000        1.00000000000910     
  0.185000000000000      -0.165000000000000        1.00000000000910     
  0.185000000000000      -0.155000000000000        1.00000000000910     
  0.185000000000000      -0.145000000000000        1.00000000000909     
  0.185000000000000      -0.135000000000000        1.00000000000910     
  0.185000000000000      -0.125000000000000        1.00000000000910     
  0.185000000000000      -0.115000000000000        1.00000000000910     
  0.185000000000000      -0.105000000000000        1.00000000000910     
  0.185000000000000      -9.499999999999997E-002   1.00000000000910     
  0.185000000000000      -8.500000000000002E-002   1.00000000000909     
  0.185000000000000      -7.500000000000001E-002   1.00000000000910     
  0.185000000000000      -6.500000000000000E-002   1.00000000000910     
  0.185000000000000      -5.499999999999999E-002   1.00000000000910     
  0.185000000000000      -4.499999999999998E-002   1.00000000000910     
  0.185000000000000      -3.499999999999997E-002   1.00000000000910     
  0.185000000000000      -2.500000000000002E-002   1.00000000000909     
  0.185000000000000      -1.500000000000001E-002   1.00000000000910     
  0.185000000000000      -5.000000000000000E-003   1.00000000000910     
  0.185000000000000       5.000000000000009E-003   1.00000000000910     
  0.185000000000000       1.500000000000002E-002   1.00000000000910     
  0.185000000000000       2.500000000000003E-002   1.00000000000741     
  0.185000000000000       3.500000000000004E-002  0.999999999959890     
  0.185000000000000       4.500000000000005E-002   1.00000003681486     
  0.185000000000000       5.500000000000006E-002   1.00001078085568     
  0.185000000000000       6.500000000000006E-002   1.00040078666083     
  0.185000000000000       7.499999999999996E-002   1.00442325674071     
  0.185000000000000       8.499999999999996E-002   1.02226285323351     
  0.185000000000000       9.499999999999997E-002   1.06692418834093     
  0.185000000000000       0.105000000000000        1.13694813208625     
  0.185000000000000       0.115000000000000        1.21827751624442     
  0.185000000000000       0.125000000000000        1.30421669540250     
  0.185000000000000       0.135000000000000        1.39216177806954     
  0.185000000000000       0.145000000000000        1.48108046654928     
  0.185000000000000       0.155000000000000        1.57170806208051     
  0.185000000000000       0.165000000000000        1.66764698356397     
  0.185000000000000       0.175000000000000        1.77370186178360     
  0.185000000000000       0.185000000000000        1.89027770447583     
  0.185000000000000       0.195000000000000        1.99833847533835     
  0.185000000000000       0.205000000000000        2.08687882682030     
  0.185000000000000       0.215000000000000        2.16887149074480     
  0.185000000000000       0.225000000000000        2.25847207493443     
  0.185000000000000       0.235000000000000        2.36050524694302     
  0.185000000000000       0.245000000000000        2.45910861413692     
  0.185000000000000       0.255000000000000        2.55464004523541     
  0.185000000000000       0.265000000000000        2.64749767597575     
  0.185000000000000       0.275000000000000        2.73708993163174     
  0.185000000000000       0.285000000000000        2.82192757135374     
  0.185000000000000       0.295000000000000        2.89873696887224     
  0.185000000000000       0.305000000000000        2.95967077153789     
  0.185000000000000       0.315000000000000        2.99147362098533     
  0.185000000000000       0.325000000000000        2.99958625868011     
  0.185000000000000       0.335000000000000        2.99999968526135     
  0.185000000000000       0.345000000000000        2.99999999999994     
  0.185000000000000       0.355000000000000        3.00000000000000     
  0.185000000000000       0.365000000000000        3.00000000000001     
  0.185000000000000       0.375000000000000        3.00000000000001     
  0.185000000000000       0.385000000000000        3.00000000000002     
  0.185000000000000       0.395000000000000        3.00000000000000     
  0.185000000000000       0.405000000000000        2.99999999999999     
  0.185000000000000       0.415000000000000        3.00000000000000     
  0.185000000000000       0.425000000000000        3.00000000000000     
  0.185000000000000       0.435000000000000        3.00000000000000     
  0.185000000000000       0.445000000000000        3.00000000000000     
  0.185000000000000       0.455000000000000        2.99999999999996     
  0.185000000000000       0.465000000000000        3.00000000000000     
  0.185000000000000       0.475000000000000        3.00000000000001     
  0.185000000000000       0.485000000000000        3.00000000000000     
  0.185000000000000       0.495000000000000        3.00000000000000     
  0.195000000000000      -0.495000000000000       0.999999999999998     
  0.195000000000000      -0.485000000000000       0.999999999999999     
  0.195000000000000      -0.475000000000000       0.999999999999999     
  0.195000000000000      -0.465000000000000       0.999999999999992     
  0.195000000000000      -0.455000000000000        1.00000000000000     
  0.195000000000000      -0.445000000000000        1.00000000000000     
  0.195000000000000      -0.435000000000000        1.00000000000000     
  0.195000000000000      -0.425000000000000        1.00000000000000     
  0.195000000000000      -0.415000000000000       0.999999999999996     
  0.195000000000000      -0.405000000000000        1.00000000000000     
  0.195000000000000      -0.395000000000000        1.00000000000000     
  0.195000000000000      -0.385000000000000        1.00000000000000     
  0.195000000000000      -0.375000000000000        1.00000000000001     
  0.195000000000000      -0.365000000000000        1.00000000000000     
  0.195000000000000      -0.355000000000000        1.00000000000000     
  0.195000000000000      -0.345000000000000        1.00000000000000     
  0.195000000000000      -0.335000000000000        1.00000000000000     
  0.195000000000000      -0.325000000000000        1.00000000000000     
  0.195000000000000      -0.315000000000000        1.00000000000001     
  0.195000000000000      -0.305000000000000        1.00000000000000     
  0.195000000000000      -0.295000000000000       0.999999999999996     
  0.195000000000000      -0.285000000000000        1.00000000000000     
  0.195000000000000      -0.275000000000000        1.00000000000000     
  0.195000000000000      -0.265000000000000        1.00000000000000     
  0.195000000000000      -0.255000000000000        1.00000000000000     
  0.195000000000000      -0.245000000000000        1.00000000000000     
  0.195000000000000      -0.235000000000000        1.00000000000000     
  0.195000000000000      -0.225000000000000        1.00000000000001     
  0.195000000000000      -0.215000000000000       0.999999999999999     
  0.195000000000000      -0.205000000000000        1.00000000000000     
  0.195000000000000      -0.195000000000000        1.00000000000001     
  0.195000000000000      -0.185000000000000        1.00000000000000     
  0.195000000000000      -0.175000000000000        1.00000000000000     
  0.195000000000000      -0.165000000000000        1.00000000000000     
  0.195000000000000      -0.155000000000000        1.00000000000000     
  0.195000000000000      -0.145000000000000       0.999999999999993     
  0.195000000000000      -0.135000000000000        1.00000000000000     
  0.195000000000000      -0.125000000000000        1.00000000000001     
  0.195000000000000      -0.115000000000000        1.00000000000001     
  0.195000000000000      -0.105000000000000        1.00000000000001     
  0.195000000000000      -9.499999999999997E-002   1.00000000000000     
  0.195000000000000      -8.500000000000002E-002  0.999999999999996     
  0.195000000000000      -7.500000000000001E-002   1.00000000000000     
  0.195000000000000      -6.500000000000000E-002   1.00000000000000     
  0.195000000000000      -5.499999999999999E-002   1.00000000000001     
  0.195000000000000      -4.499999999999998E-002   1.00000000000001     
  0.195000000000000      -3.499999999999997E-002   1.00000000000000     
  0.195000000000000      -2.500000000000002E-002  0.999999999999998     
  0.195000000000000      -1.500000000000001E-002   1.00000000000000     
  0.195000000000000      -5.000000000000000E-003   1.00000000000000     
  0.195000000000000       5.000000000000009E-003   1.00000000000000     
  0.195000000000000       1.500000000000002E-002  0.999999999999997     
  0.195000000000000       2.500000000000003E-002  0.999999999995052     
  0.195000000000000       3.500000000000004E-002  0.999999999989160     
  0.195000000000000       4.500000000000005E-002   1.00000003730879     
  0.195000000000000       5.500000000000006E-002   1.00001077686661     
  0.195000000000000       6.500000000000006E-002   1.00039953220423     
  0.195000000000000       7.499999999999996E-002   1.00439777377433     
  0.195000000000000       8.499999999999996E-002   1.02213058852705     
  0.195000000000000       9.499999999999997E-002   1.06660027634357     
  0.195000000000000       0.105000000000000        1.13655641957123     
  0.195000000000000       0.115000000000000        1.21801549074434     
  0.195000000000000       0.125000000000000        1.30416813942495     
  0.195000000000000       0.135000000000000        1.39233452597109     
  0.195000000000000       0.145000000000000        1.48137686254166     
  0.195000000000000       0.155000000000000        1.57109900779163     
  0.195000000000000       0.165000000000000        1.66189664404714     
  0.195000000000000       0.175000000000000        1.75546679533805     
  0.195000000000000       0.185000000000000        1.85482083713960     
  0.195000000000000       0.195000000000000        1.96191277195805     
  0.195000000000000       0.205000000000000        2.06889037139896     
  0.195000000000000       0.215000000000000        2.16622871792884     
  0.195000000000000       0.225000000000000        2.25789790594450     
  0.195000000000000       0.235000000000000        2.35976203047129     
  0.195000000000000       0.245000000000000        2.45898124600351     
  0.195000000000000       0.255000000000000        2.55462811031968     
  0.195000000000000       0.265000000000000        2.64750177188081     
  0.195000000000000       0.275000000000000        2.73709156457442     
  0.195000000000000       0.285000000000000        2.82192769169480     
  0.195000000000000       0.295000000000000        2.89873693844615     
  0.195000000000000       0.305000000000000        2.95967076990215     
  0.195000000000000       0.315000000000000        2.99147362097130     
  0.195000000000000       0.325000000000000        2.99958625868001     
  0.195000000000000       0.335000000000000        2.99999968526135     
  0.195000000000000       0.345000000000000        2.99999999999994     
  0.195000000000000       0.355000000000000        3.00000000000001     
  0.195000000000000       0.365000000000000        3.00000000000001     
  0.195000000000000       0.375000000000000        3.00000000000001     
  0.195000000000000       0.385000000000000        3.00000000000002     
  0.195000000000000       0.395000000000000        3.00000000000000     
  0.195000000000000       0.405000000000000        2.99999999999999     
  0.195000000000000       0.415000000000000        3.00000000000000     
  0.195000000000000       0.425000000000000        3.00000000000001     
  0.195000000000000       0.435000000000000        3.00000000000001     
  0.195000000000000       0.445000000000000        3.00000000000000     
  0.195000000000000       0.455000000000000        2.99999999999996     
  0.195000000000000       0.465000000000000        3.00000000000000     
  0.195000000000000       0.475000000000000        3.00000000000000     
  0.195000000000000       0.485000000000000        3.00000000000000     
  0.195000000000000       0.495000000000000        3.00000000000001     
  0.205000000000000      -0.495000000000000       0.999999999999990     
  0.205000000000000      -0.485000000000000       0.999999999999988     
  0.205000000000000      -0.475000000000000       0.999999999999988     
  0.205000000000000      -0.465000000000000       0.999999999999982     
  0.205000000000000      -0.455000000000000       0.999999999999990     
  0.205000000000000      -0.445000000000000       0.999999999999991     
  0.205000000000000      -0.435000000000000       0.999999999999990     
  0.205000000000000      -0.425000000000000       0.999999999999990     
  0.205000000000000      -0.415000000000000       0.999999999999985     
  0.205000000000000      -0.405000000000000       0.999999999999990     
  0.205000000000000      -0.395000000000000       0.999999999999991     
  0.205000000000000      -0.385000000000000       0.999999999999992     
  0.205000000000000      -0.375000000000000       0.999999999999993     
  0.205000000000000      -0.365000000000000       0.999999999999994     
  0.205000000000000      -0.355000000000000       0.999999999999987     
  0.205000000000000      -0.345000000000000       0.999999999999990     
  0.205000000000000      -0.335000000000000       0.999999999999991     
  0.205000000000000      -0.325000000000000       0.999999999999987     
  0.205000000000000      -0.315000000000000       0.999999999999990     
  0.205000000000000      -0.305000000000000       0.999999999999990     
  0.205000000000000      -0.295000000000000       0.999999999999984     
  0.205000000000000      -0.285000000000000       0.999999999999991     
  0.205000000000000      -0.275000000000000       0.999999999999990     
  0.205000000000000      -0.265000000000000       0.999999999999991     
  0.205000000000000      -0.255000000000000       0.999999999999993     
  0.205000000000000      -0.245000000000000       0.999999999999991     
  0.205000000000000      -0.235000000000000       0.999999999999992     
  0.205000000000000      -0.225000000000000       0.999999999999990     
  0.205000000000000      -0.215000000000000       0.999999999999984     
  0.205000000000000      -0.205000000000000       0.999999999999993     
  0.205000000000000      -0.195000000000000       0.999999999999992     
  0.205000000000000      -0.185000000000000       0.999999999999991     
  0.205000000000000      -0.175000000000000       0.999999999999990     
  0.205000000000000      -0.165000000000000       0.999999999999989     
  0.205000000000000      -0.155000000000000       0.999999999999989     
  0.205000000000000      -0.145000000000000       0.999999999999982     
  0.205000000000000      -0.135000000000000       0.999999999999990     
  0.205000000000000      -0.125000000000000       0.999999999999990     
  0.205000000000000      -0.115000000000000       0.999999999999993     
  0.205000000000000      -0.105000000000000       0.999999999999993     
  0.205000000000000      -9.499999999999997E-002  0.999999999999989     
  0.205000000000000      -8.500000000000002E-002  0.999999999999983     
  0.205000000000000      -7.500000000000001E-002  0.999999999999989     
  0.205000000000000      -6.500000000000000E-002  0.999999999999992     
  0.205000000000000      -5.499999999999999E-002  0.999999999999994     
  0.205000000000000      -4.499999999999998E-002  0.999999999999994     
  0.205000000000000      -3.499999999999997E-002  0.999999999999993     
  0.205000000000000      -2.500000000000002E-002  0.999999999999985     
  0.205000000000000      -1.500000000000001E-002  0.999999999999990     
  0.205000000000000      -5.000000000000000E-003  0.999999999999991     
  0.205000000000000       5.000000000000009E-003  0.999999999999991     
  0.205000000000000       1.500000000000002E-002  0.999999999999994     
  0.205000000000000       2.500000000000003E-002   1.00000000000441     
  0.205000000000000       3.500000000000004E-002   1.00000000003347     
  0.205000000000000       4.500000000000005E-002   1.00000005008244     
  0.205000000000000       5.500000000000006E-002   1.00001232047566     
  0.205000000000000       6.500000000000006E-002   1.00043938533134     
  0.205000000000000       7.499999999999996E-002   1.00461599910725     
  0.205000000000000       8.499999999999996E-002   1.02257939561057     
  0.205000000000000       9.499999999999997E-002   1.06691051493194     
  0.205000000000000       0.105000000000000        1.13650222534229     
  0.205000000000000       0.115000000000000        1.21784930108224     
  0.205000000000000       0.125000000000000        1.30408735829114     
  0.205000000000000       0.135000000000000        1.39241797218451     
  0.205000000000000       0.145000000000000        1.48166355984885     
  0.205000000000000       0.155000000000000        1.57144376837732     
  0.205000000000000       0.165000000000000        1.66191467971554     
  0.205000000000000       0.175000000000000        1.75376546875632     
  0.205000000000000       0.185000000000000        1.84779637765500     
  0.205000000000000       0.195000000000000        1.94584389652555     
  0.205000000000000       0.205000000000000        2.04927915549938     
  0.205000000000000       0.215000000000000        2.15379501667745     
  0.205000000000000       0.225000000000000        2.25535154354228     
  0.205000000000000       0.235000000000000        2.35961409938433     
  0.205000000000000       0.245000000000000        2.45873915626274     
  0.205000000000000       0.255000000000000        2.55458261653352     
  0.205000000000000       0.265000000000000        2.64751361436868     
  0.205000000000000       0.275000000000000        2.73709942095314     
  0.205000000000000       0.285000000000000        2.82192874913988     
  0.205000000000000       0.295000000000000        2.89873676182781     
  0.205000000000000       0.305000000000000        2.95967075243703     
  0.205000000000000       0.315000000000000        2.99147362031798     
  0.205000000000000       0.325000000000000        2.99958625867599     
  0.205000000000000       0.335000000000000        2.99999968526132     
  0.205000000000000       0.345000000000000        2.99999999999992     
  0.205000000000000       0.355000000000000        2.99999999999998     
  0.205000000000000       0.365000000000000        2.99999999999998     
  0.205000000000000       0.375000000000000        2.99999999999999     
  0.205000000000000       0.385000000000000        2.99999999999999     
  0.205000000000000       0.395000000000000        2.99999999999998     
  0.205000000000000       0.405000000000000        2.99999999999998     
  0.205000000000000       0.415000000000000        2.99999999999998     
  0.205000000000000       0.425000000000000        2.99999999999998     
  0.205000000000000       0.435000000000000        2.99999999999999     
  0.205000000000000       0.445000000000000        2.99999999999998     
  0.205000000000000       0.455000000000000        2.99999999999995     
  0.205000000000000       0.465000000000000        2.99999999999999     
  0.205000000000000       0.475000000000000        2.99999999999997     
  0.205000000000000       0.485000000000000        2.99999999999998     
  0.205000000000000       0.495000000000000        3.00000000000000     
  0.215000000000000      -0.495000000000000        1.00000000000000     
  0.215000000000000      -0.485000000000000        1.00000000000000     
  0.215000000000000      -0.475000000000000       0.999999999999999     
  0.215000000000000      -0.465000000000000       0.999999999999996     
  0.215000000000000      -0.455000000000000       0.999999999999999     
  0.215000000000000      -0.445000000000000        1.00000000000000     
  0.215000000000000      -0.435000000000000        1.00000000000000     
  0.215000000000000      -0.425000000000000        1.00000000000000     
  0.215000000000000      -0.415000000000000       0.999999999999996     
  0.215000000000000      -0.405000000000000        1.00000000000000     
  0.215000000000000      -0.395000000000000        1.00000000000000     
  0.215000000000000      -0.385000000000000        1.00000000000000     
  0.215000000000000      -0.375000000000000        1.00000000000000     
  0.215000000000000      -0.365000000000000        1.00000000000000     
  0.215000000000000      -0.355000000000000       0.999999999999999     
  0.215000000000000      -0.345000000000000        1.00000000000000     
  0.215000000000000      -0.335000000000000        1.00000000000000     
  0.215000000000000      -0.325000000000000       0.999999999999996     
  0.215000000000000      -0.315000000000000        1.00000000000000     
  0.215000000000000      -0.305000000000000        1.00000000000000     
  0.215000000000000      -0.295000000000000       0.999999999999995     
  0.215000000000000      -0.285000000000000        1.00000000000000     
  0.215000000000000      -0.275000000000000        1.00000000000000     
  0.215000000000000      -0.265000000000000        1.00000000000000     
  0.215000000000000      -0.255000000000000        1.00000000000000     
  0.215000000000000      -0.245000000000000       0.999999999999999     
  0.215000000000000      -0.235000000000000        1.00000000000000     
  0.215000000000000      -0.225000000000000        1.00000000000000     
  0.215000000000000      -0.215000000000000       0.999999999999994     
  0.215000000000000      -0.205000000000000        1.00000000000000     
  0.215000000000000      -0.195000000000000        1.00000000000000     
  0.215000000000000      -0.185000000000000        1.00000000000000     
  0.215000000000000      -0.175000000000000        1.00000000000000     
  0.215000000000000      -0.165000000000000        1.00000000000000     
  0.215000000000000      -0.155000000000000        1.00000000000000     
  0.215000000000000      -0.145000000000000       0.999999999999995     
  0.215000000000000      -0.135000000000000        1.00000000000000     
  0.215000000000000      -0.125000000000000        1.00000000000000     
  0.215000000000000      -0.115000000000000        1.00000000000000     
  0.215000000000000      -0.105000000000000        1.00000000000000     
  0.215000000000000      -9.499999999999997E-002   1.00000000000000     
  0.215000000000000      -8.500000000000002E-002  0.999999999999994     
  0.215000000000000      -7.500000000000001E-002   1.00000000000000     
  0.215000000000000      -6.500000000000000E-002   1.00000000000000     
  0.215000000000000      -5.499999999999999E-002   1.00000000000000     
  0.215000000000000      -4.499999999999998E-002   1.00000000000000     
  0.215000000000000      -3.499999999999997E-002   1.00000000000000     
  0.215000000000000      -2.500000000000002E-002  0.999999999999996     
  0.215000000000000      -1.500000000000001E-002   1.00000000000000     
  0.215000000000000      -5.000000000000000E-003   1.00000000000000     
  0.215000000000000       5.000000000000009E-003   1.00000000000000     
  0.215000000000000       1.500000000000002E-002   1.00000000000000     
  0.215000000000000       2.500000000000003E-002  0.999999999999839     
  0.215000000000000       3.500000000000004E-002  0.999999999998356     
  0.215000000000000       4.500000000000005E-002   1.00000007050787     
  0.215000000000000       5.500000000000006E-002   1.00001484784842     
  0.215000000000000       6.500000000000006E-002   1.00050647733729     
  0.215000000000000       7.499999999999996E-002   1.00502594556916     
  0.215000000000000       8.499999999999996E-002   1.02366151708698     
  0.215000000000000       9.499999999999997E-002   1.06829417486043     
  0.215000000000000       0.105000000000000        1.13722759069727     
  0.215000000000000       0.115000000000000        1.21795860620433     
  0.215000000000000       0.125000000000000        1.30403128712689     
  0.215000000000000       0.135000000000000        1.39242443106400     
  0.215000000000000       0.145000000000000        1.48176067226363     
  0.215000000000000       0.155000000000000        1.57164428612941     
  0.215000000000000       0.165000000000000        1.66216864597165     
  0.215000000000000       0.175000000000000        1.75389378296408     
  0.215000000000000       0.185000000000000        1.84709757296848     
  0.215000000000000       0.195000000000000        1.94234843980992     
  0.215000000000000       0.205000000000000        2.04057811104693     
  0.215000000000000       0.215000000000000        2.14293387418935     
  0.215000000000000       0.225000000000000        2.24992929432858     
  0.215000000000000       0.235000000000000        2.35870761819010     
  0.215000000000000       0.245000000000000        2.45846311046764     
  0.215000000000000       0.255000000000000        2.55455734398101     
  0.215000000000000       0.265000000000000        2.64755599968531     
  0.215000000000000       0.275000000000000        2.73712622567831     
  0.215000000000000       0.285000000000000        2.82193421524530     
  0.215000000000000       0.295000000000000        2.89873622619343     
  0.215000000000000       0.305000000000000        2.95967059194616     
  0.215000000000000       0.315000000000000        2.99147361516725     
  0.215000000000000       0.325000000000000        2.99958625864118     
  0.215000000000000       0.335000000000000        2.99999968526221     
  0.215000000000000       0.345000000000000        3.00000000000081     
  0.215000000000000       0.355000000000000        3.00000000000085     
  0.215000000000000       0.365000000000000        3.00000000000086     
  0.215000000000000       0.375000000000000        3.00000000000088     
  0.215000000000000       0.385000000000000        3.00000000000087     
  0.215000000000000       0.395000000000000        3.00000000000088     
  0.215000000000000       0.405000000000000        3.00000000000087     
  0.215000000000000       0.415000000000000        3.00000000000086     
  0.215000000000000       0.425000000000000        3.00000000000085     
  0.215000000000000       0.435000000000000        3.00000000000086     
  0.215000000000000       0.445000000000000        3.00000000000086     
  0.215000000000000       0.455000000000000        3.00000000000083     
  0.215000000000000       0.465000000000000        3.00000000000087     
  0.215000000000000       0.475000000000000        3.00000000000087     
  0.215000000000000       0.485000000000000        3.00000000000087     
  0.215000000000000       0.495000000000000        3.00000000000087     
  0.225000000000000      -0.495000000000000        1.00000000000000     
  0.225000000000000      -0.485000000000000        1.00000000000000     
  0.225000000000000      -0.475000000000000        1.00000000000000     
  0.225000000000000      -0.465000000000000       0.999999999999998     
  0.225000000000000      -0.455000000000000        1.00000000000000     
  0.225000000000000      -0.445000000000000        1.00000000000000     
  0.225000000000000      -0.435000000000000        1.00000000000000     
  0.225000000000000      -0.425000000000000        1.00000000000000     
  0.225000000000000      -0.415000000000000       0.999999999999998     
  0.225000000000000      -0.405000000000000        1.00000000000000     
  0.225000000000000      -0.395000000000000       0.999999999999998     
  0.225000000000000      -0.385000000000000        1.00000000000000     
  0.225000000000000      -0.375000000000000        1.00000000000000     
  0.225000000000000      -0.365000000000000        1.00000000000000     
  0.225000000000000      -0.355000000000000       0.999999999999999     
  0.225000000000000      -0.345000000000000        1.00000000000000     
  0.225000000000000      -0.335000000000000        1.00000000000000     
  0.225000000000000      -0.325000000000000       0.999999999999998     
  0.225000000000000      -0.315000000000000        1.00000000000000     
  0.225000000000000      -0.305000000000000        1.00000000000000     
  0.225000000000000      -0.295000000000000       0.999999999999997     
  0.225000000000000      -0.285000000000000        1.00000000000000     
  0.225000000000000      -0.275000000000000        1.00000000000000     
  0.225000000000000      -0.265000000000000        1.00000000000000     
  0.225000000000000      -0.255000000000000        1.00000000000000     
  0.225000000000000      -0.245000000000000        1.00000000000000     
  0.225000000000000      -0.235000000000000        1.00000000000000     
  0.225000000000000      -0.225000000000000        1.00000000000000     
  0.225000000000000      -0.215000000000000       0.999999999999995     
  0.225000000000000      -0.205000000000000        1.00000000000000     
  0.225000000000000      -0.195000000000000        1.00000000000000     
  0.225000000000000      -0.185000000000000        1.00000000000000     
  0.225000000000000      -0.175000000000000        1.00000000000000     
  0.225000000000000      -0.165000000000000        1.00000000000000     
  0.225000000000000      -0.155000000000000        1.00000000000000     
  0.225000000000000      -0.145000000000000       0.999999999999994     
  0.225000000000000      -0.135000000000000        1.00000000000000     
  0.225000000000000      -0.125000000000000        1.00000000000000     
  0.225000000000000      -0.115000000000000        1.00000000000000     
  0.225000000000000      -0.105000000000000        1.00000000000000     
  0.225000000000000      -9.499999999999997E-002   1.00000000000000     
  0.225000000000000      -8.500000000000002E-002  0.999999999999995     
  0.225000000000000      -7.500000000000001E-002   1.00000000000000     
  0.225000000000000      -6.500000000000000E-002   1.00000000000000     
  0.225000000000000      -5.499999999999999E-002   1.00000000000000     
  0.225000000000000      -4.499999999999998E-002   1.00000000000000     
  0.225000000000000      -3.499999999999997E-002   1.00000000000000     
  0.225000000000000      -2.500000000000002E-002  0.999999999999995     
  0.225000000000000      -1.500000000000001E-002  0.999999999999999     
  0.225000000000000      -5.000000000000000E-003   1.00000000000000     
  0.225000000000000       5.000000000000009E-003   1.00000000000000     
  0.225000000000000       1.500000000000002E-002   1.00000000000000     
  0.225000000000000       2.500000000000003E-002  0.999999999999946     
  0.225000000000000       3.500000000000004E-002  0.999999999999747     
  0.225000000000000       4.500000000000005E-002   1.00000007871221     
  0.225000000000000       5.500000000000006E-002   1.00001586691638     
  0.225000000000000       6.500000000000006E-002   1.00053398283962     
  0.225000000000000       7.499999999999996E-002   1.00520755273038     
  0.225000000000000       8.499999999999996E-002   1.02424053228198     
  0.225000000000000       9.499999999999997E-002   1.06942856881560     
  0.225000000000000       0.105000000000000        1.13844829193811     
  0.225000000000000       0.115000000000000        1.21864839318772     
  0.225000000000000       0.125000000000000        1.30420731629335     
  0.225000000000000       0.135000000000000        1.39245304337675     
  0.225000000000000       0.145000000000000        1.48181177832121     
  0.225000000000000       0.155000000000000        1.57173168055081     
  0.225000000000000       0.165000000000000        1.66232781010912     
  0.225000000000000       0.175000000000000        1.75405645531749     
  0.225000000000000       0.185000000000000        1.84719053555737     
  0.225000000000000       0.195000000000000        1.94194621871840     
  0.225000000000000       0.205000000000000        2.03861907680950     
  0.225000000000000       0.215000000000000        2.13796707498636     
  0.225000000000000       0.225000000000000        2.24179520206650     
  0.225000000000000       0.235000000000000        2.35643706179123     
  0.225000000000000       0.245000000000000        2.45809089087209     
  0.225000000000000       0.255000000000000        2.55466411592144     
  0.225000000000000       0.265000000000000        2.64773613528353     
  0.225000000000000       0.275000000000000        2.73722045832265     
  0.225000000000000       0.285000000000000        2.82195618145684     
  0.225000000000000       0.295000000000000        2.89873525782658     
  0.225000000000000       0.305000000000000        2.95966959710545     
  0.225000000000000       0.315000000000000        2.99147358245320     
  0.225000000000000       0.325000000000000        2.99958625844947     
  0.225000000000000       0.335000000000000        2.99999968531544     
  0.225000000000000       0.345000000000000        3.00000000005408     
  0.225000000000000       0.355000000000000        3.00000000005413     
  0.225000000000000       0.365000000000000        3.00000000005413     
  0.225000000000000       0.375000000000000        3.00000000005414     
  0.225000000000000       0.385000000000000        3.00000000005414     
  0.225000000000000       0.395000000000000        3.00000000005413     
  0.225000000000000       0.405000000000000        3.00000000005413     
  0.225000000000000       0.415000000000000        3.00000000005412     
  0.225000000000000       0.425000000000000        3.00000000005413     
  0.225000000000000       0.435000000000000        3.00000000005413     
  0.225000000000000       0.445000000000000        3.00000000005413     
  0.225000000000000       0.455000000000000        3.00000000005410     
  0.225000000000000       0.465000000000000        3.00000000005413     
  0.225000000000000       0.475000000000000        3.00000000005412     
  0.225000000000000       0.485000000000000        3.00000000005414     
  0.225000000000000       0.495000000000000        3.00000000005413     
  0.235000000000000      -0.495000000000000        1.00000000000000     
  0.235000000000000      -0.485000000000000        1.00000000000000     
  0.235000000000000      -0.475000000000000        1.00000000000000     
  0.235000000000000      -0.465000000000000       0.999999999999998     
  0.235000000000000      -0.455000000000000        1.00000000000000     
  0.235000000000000      -0.445000000000000       0.999999999999998     
  0.235000000000000      -0.435000000000000        1.00000000000000     
  0.235000000000000      -0.425000000000000       0.999999999999998     
  0.235000000000000      -0.415000000000000       0.999999999999999     
  0.235000000000000      -0.405000000000000       0.999999999999998     
  0.235000000000000      -0.395000000000000       0.999999999999998     
  0.235000000000000      -0.385000000000000        1.00000000000000     
  0.235000000000000      -0.375000000000000        1.00000000000000     
  0.235000000000000      -0.365000000000000        1.00000000000000     
  0.235000000000000      -0.355000000000000        1.00000000000000     
  0.235000000000000      -0.345000000000000        1.00000000000001     
  0.235000000000000      -0.335000000000000        1.00000000000000     
  0.235000000000000      -0.325000000000000       0.999999999999999     
  0.235000000000000      -0.315000000000000        1.00000000000000     
  0.235000000000000      -0.305000000000000       0.999999999999998     
  0.235000000000000      -0.295000000000000       0.999999999999997     
  0.235000000000000      -0.285000000000000        1.00000000000000     
  0.235000000000000      -0.275000000000000        1.00000000000000     
  0.235000000000000      -0.265000000000000        1.00000000000000     
  0.235000000000000      -0.255000000000000        1.00000000000000     
  0.235000000000000      -0.245000000000000        1.00000000000000     
  0.235000000000000      -0.235000000000000        1.00000000000000     
  0.235000000000000      -0.225000000000000        1.00000000000000     
  0.235000000000000      -0.215000000000000       0.999999999999996     
  0.235000000000000      -0.205000000000000        1.00000000000000     
  0.235000000000000      -0.195000000000000        1.00000000000000     
  0.235000000000000      -0.185000000000000        1.00000000000000     
  0.235000000000000      -0.175000000000000        1.00000000000000     
  0.235000000000000      -0.165000000000000        1.00000000000000     
  0.235000000000000      -0.155000000000000        1.00000000000000     
  0.235000000000000      -0.145000000000000       0.999999999999995     
  0.235000000000000      -0.135000000000000        1.00000000000000     
  0.235000000000000      -0.125000000000000        1.00000000000000     
  0.235000000000000      -0.115000000000000        1.00000000000000     
  0.235000000000000      -0.105000000000000        1.00000000000000     
  0.235000000000000      -9.499999999999997E-002   1.00000000000000     
  0.235000000000000      -8.500000000000002E-002  0.999999999999995     
  0.235000000000000      -7.500000000000001E-002   1.00000000000000     
  0.235000000000000      -6.500000000000000E-002   1.00000000000000     
  0.235000000000000      -5.499999999999999E-002   1.00000000000000     
  0.235000000000000      -4.499999999999998E-002   1.00000000000000     
  0.235000000000000      -3.499999999999997E-002   1.00000000000000     
  0.235000000000000      -2.500000000000002E-002  0.999999999999995     
  0.235000000000000      -1.500000000000001E-002   1.00000000000000     
  0.235000000000000      -5.000000000000000E-003   1.00000000000000     
  0.235000000000000       5.000000000000009E-003   1.00000000000000     
  0.235000000000000       1.500000000000002E-002   1.00000000000000     
  0.235000000000000       2.500000000000003E-002  0.999999999999802     
  0.235000000000000       3.500000000000004E-002  0.999999999995670     
  0.235000000000000       4.500000000000005E-002   1.00000008046958     
  0.235000000000000       5.500000000000006E-002   1.00001608101829     
  0.235000000000000       6.500000000000006E-002   1.00053973122301     
  0.235000000000000       7.499999999999996E-002   1.00524614864087     
  0.235000000000000       8.499999999999996E-002   1.02437100905752     
  0.235000000000000       9.499999999999997E-002   1.06973776183379     
  0.235000000000000       0.105000000000000        1.13895070463066     
  0.235000000000000       0.115000000000000        1.21917558486434     
  0.235000000000000       0.125000000000000        1.30449985068978     
  0.235000000000000       0.135000000000000        1.39260405629151     
  0.235000000000000       0.145000000000000        1.48216348628469     
  0.235000000000000       0.155000000000000        1.57220663069198     
  0.235000000000000       0.165000000000000        1.66269361860339     
  0.235000000000000       0.175000000000000        1.75425296943873     
  0.235000000000000       0.185000000000000        1.84733707764271     
  0.235000000000000       0.195000000000000        1.94199929049100     
  0.235000000000000       0.205000000000000        2.03832277124567     
  0.235000000000000       0.215000000000000        2.13655699660118     
  0.235000000000000       0.225000000000000        2.23781232439587     
  0.235000000000000       0.235000000000000        2.35521907204695     
  0.235000000000000       0.245000000000000        2.45780542756788     
  0.235000000000000       0.255000000000000        2.55499869820592     
  0.235000000000000       0.265000000000000        2.64823073768614     
  0.235000000000000       0.275000000000000        2.73752699449857     
  0.235000000000000       0.285000000000000        2.82204725698573     
  0.235000000000000       0.295000000000000        2.89873586510623     
  0.235000000000000       0.305000000000000        2.95966444002721     
  0.235000000000000       0.315000000000000        2.99147340245563     
  0.235000000000000       0.325000000000000        2.99958626011558     
  0.235000000000000       0.335000000000000        2.99999968787346     
  0.235000000000000       0.345000000000000        3.00000000261216     
  0.235000000000000       0.355000000000000        3.00000000261219     
  0.235000000000000       0.365000000000000        3.00000000261220     
  0.235000000000000       0.375000000000000        3.00000000261220     
  0.235000000000000       0.385000000000000        3.00000000261220     
  0.235000000000000       0.395000000000000        3.00000000261219     
  0.235000000000000       0.405000000000000        3.00000000261220     
  0.235000000000000       0.415000000000000        3.00000000261220     
  0.235000000000000       0.425000000000000        3.00000000261219     
  0.235000000000000       0.435000000000000        3.00000000261219     
  0.235000000000000       0.445000000000000        3.00000000261218     
  0.235000000000000       0.455000000000000        3.00000000261215     
  0.235000000000000       0.465000000000000        3.00000000261220     
  0.235000000000000       0.475000000000000        3.00000000261218     
  0.235000000000000       0.485000000000000        3.00000000261219     
  0.235000000000000       0.495000000000000        3.00000000261220     
  0.245000000000000      -0.495000000000000        1.00000000000000     
  0.245000000000000      -0.485000000000000        1.00000000000000     
  0.245000000000000      -0.475000000000000        1.00000000000000     
  0.245000000000000      -0.465000000000000       0.999999999999995     
  0.245000000000000      -0.455000000000000        1.00000000000001     
  0.245000000000000      -0.445000000000000       0.999999999999995     
  0.245000000000000      -0.435000000000000        1.00000000000000     
  0.245000000000000      -0.425000000000000       0.999999999999998     
  0.245000000000000      -0.415000000000000       0.999999999999997     
  0.245000000000000      -0.405000000000000       0.999999999999998     
  0.245000000000000      -0.395000000000000       0.999999999999998     
  0.245000000000000      -0.385000000000000        1.00000000000000     
  0.245000000000000      -0.375000000000000        1.00000000000000     
  0.245000000000000      -0.365000000000000        1.00000000000001     
  0.245000000000000      -0.355000000000000        1.00000000000000     
  0.245000000000000      -0.345000000000000        1.00000000000000     
  0.245000000000000      -0.335000000000000        1.00000000000000     
  0.245000000000000      -0.325000000000000       0.999999999999996     
  0.245000000000000      -0.315000000000000        1.00000000000000     
  0.245000000000000      -0.305000000000000        1.00000000000000     
  0.245000000000000      -0.295000000000000       0.999999999999996     
  0.245000000000000      -0.285000000000000        1.00000000000000     
  0.245000000000000      -0.275000000000000       0.999999999999999     
  0.245000000000000      -0.265000000000000       0.999999999999999     
  0.245000000000000      -0.255000000000000       0.999999999999998     
  0.245000000000000      -0.245000000000000        1.00000000000000     
  0.245000000000000      -0.235000000000000        1.00000000000000     
  0.245000000000000      -0.225000000000000        1.00000000000000     
  0.245000000000000      -0.215000000000000       0.999999999999997     
  0.245000000000000      -0.205000000000000        1.00000000000000     
  0.245000000000000      -0.195000000000000        1.00000000000000     
  0.245000000000000      -0.185000000000000        1.00000000000000     
  0.245000000000000      -0.175000000000000        1.00000000000000     
  0.245000000000000      -0.165000000000000        1.00000000000000     
  0.245000000000000      -0.155000000000000        1.00000000000000     
  0.245000000000000      -0.145000000000000       0.999999999999996     
  0.245000000000000      -0.135000000000000        1.00000000000000     
  0.245000000000000      -0.125000000000000        1.00000000000000     
  0.245000000000000      -0.115000000000000        1.00000000000000     
  0.245000000000000      -0.105000000000000        1.00000000000000     
  0.245000000000000      -9.499999999999997E-002   1.00000000000000     
  0.245000000000000      -8.500000000000002E-002  0.999999999999996     
  0.245000000000000      -7.500000000000001E-002   1.00000000000000     
  0.245000000000000      -6.500000000000000E-002   1.00000000000000     
  0.245000000000000      -5.499999999999999E-002   1.00000000000000     
  0.245000000000000      -4.499999999999998E-002   1.00000000000001     
  0.245000000000000      -3.499999999999997E-002   1.00000000000000     
  0.245000000000000      -2.500000000000002E-002  0.999999999999996     
  0.245000000000000      -1.500000000000001E-002   1.00000000000000     
  0.245000000000000      -5.000000000000000E-003   1.00000000000000     
  0.245000000000000       5.000000000000009E-003   1.00000000000000     
  0.245000000000000       1.500000000000002E-002   1.00000000000000     
  0.245000000000000       2.500000000000003E-002   1.00000000000020     
  0.245000000000000       3.500000000000004E-002   1.00000000000855     
  0.245000000000000       4.500000000000005E-002   1.00000008057733     
  0.245000000000000       5.500000000000006E-002   1.00001609052021     
  0.245000000000000       6.500000000000006E-002   1.00054007244736     
  0.245000000000000       7.499999999999996E-002   1.00524987517214     
  0.245000000000000       8.499999999999996E-002   1.02438953986779     
  0.245000000000000       9.499999999999997E-002   1.06979611826278     
  0.245000000000000       0.105000000000000        1.13906239768412     
  0.245000000000000       0.115000000000000        1.21930603389107     
  0.245000000000000       0.125000000000000        1.30453170709569     
  0.245000000000000       0.135000000000000        1.39244514794580     
  0.245000000000000       0.145000000000000        1.48199469035165     
  0.245000000000000       0.155000000000000        1.57228521018469     
  0.245000000000000       0.165000000000000        1.66302794652337     
  0.245000000000000       0.175000000000000        1.75466026224165     
  0.245000000000000       0.185000000000000        1.84755133186882     
  0.245000000000000       0.195000000000000        1.94210873620742     
  0.245000000000000       0.205000000000000        2.03834296390835     
  0.245000000000000       0.215000000000000        2.13629813343329     
  0.245000000000000       0.225000000000000        2.23678155879750     
  0.245000000000000       0.235000000000000        2.35513672754348     
  0.245000000000000       0.245000000000000        2.45795085049296     
  0.245000000000000       0.255000000000000        2.55546827513634     
  0.245000000000000       0.265000000000000        2.64892218940146     
  0.245000000000000       0.275000000000000        2.73814315307356     
  0.245000000000000       0.285000000000000        2.82233043411293     
  0.245000000000000       0.295000000000000        2.89876725371208     
  0.245000000000000       0.305000000000000        2.95964443956545     
  0.245000000000000       0.315000000000000        2.99147273423005     
  0.245000000000000       0.325000000000000        2.99958635437788     
  0.245000000000000       0.335000000000000        2.99999978115367     
  0.245000000000000       0.345000000000000        3.00000009590469     
  0.245000000000000       0.355000000000000        3.00000009590310     
  0.245000000000000       0.365000000000000        3.00000009590341     
  0.245000000000000       0.375000000000000        3.00000009590342     
  0.245000000000000       0.385000000000000        3.00000009590341     
  0.245000000000000       0.395000000000000        3.00000009590340     
  0.245000000000000       0.405000000000000        3.00000009590340     
  0.245000000000000       0.415000000000000        3.00000009590341     
  0.245000000000000       0.425000000000000        3.00000009590341     
  0.245000000000000       0.435000000000000        3.00000009590341     
  0.245000000000000       0.445000000000000        3.00000009590340     
  0.245000000000000       0.455000000000000        3.00000009590337     
  0.245000000000000       0.465000000000000        3.00000009590340     
  0.245000000000000       0.475000000000000        3.00000009590341     
  0.245000000000000       0.485000000000000        3.00000009590340     
  0.245000000000000       0.495000000000000        3.00000009590341     
  0.255000000000000      -0.495000000000000        1.00000000000000     
  0.255000000000000      -0.485000000000000        1.00000000000000     
  0.255000000000000      -0.475000000000000        1.00000000000000     
  0.255000000000000      -0.465000000000000       0.999999999999996     
  0.255000000000000      -0.455000000000000        1.00000000000000     
  0.255000000000000      -0.445000000000000       0.999999999999999     
  0.255000000000000      -0.435000000000000        1.00000000000000     
  0.255000000000000      -0.425000000000000        1.00000000000000     
  0.255000000000000      -0.415000000000000       0.999999999999998     
  0.255000000000000      -0.405000000000000        1.00000000000000     
  0.255000000000000      -0.395000000000000        1.00000000000000     
  0.255000000000000      -0.385000000000000        1.00000000000000     
  0.255000000000000      -0.375000000000000        1.00000000000000     
  0.255000000000000      -0.365000000000000        1.00000000000001     
  0.255000000000000      -0.355000000000000        1.00000000000000     
  0.255000000000000      -0.345000000000000        1.00000000000000     
  0.255000000000000      -0.335000000000000        1.00000000000000     
  0.255000000000000      -0.325000000000000       0.999999999999996     
  0.255000000000000      -0.315000000000000        1.00000000000000     
  0.255000000000000      -0.305000000000000        1.00000000000000     
  0.255000000000000      -0.295000000000000       0.999999999999997     
  0.255000000000000      -0.285000000000000        1.00000000000000     
  0.255000000000000      -0.275000000000000       0.999999999999998     
  0.255000000000000      -0.265000000000000       0.999999999999999     
  0.255000000000000      -0.255000000000000       0.999999999999998     
  0.255000000000000      -0.245000000000000        1.00000000000000     
  0.255000000000000      -0.235000000000000        1.00000000000000     
  0.255000000000000      -0.225000000000000        1.00000000000000     
  0.255000000000000      -0.215000000000000       0.999999999999998     
  0.255000000000000      -0.205000000000000        1.00000000000000     
  0.255000000000000      -0.195000000000000        1.00000000000000     
  0.255000000000000      -0.185000000000000        1.00000000000001     
  0.255000000000000      -0.175000000000000        1.00000000000000     
  0.255000000000000      -0.165000000000000        1.00000000000000     
  0.255000000000000      -0.155000000000000        1.00000000000000     
  0.255000000000000      -0.145000000000000       0.999999999999996     
  0.255000000000000      -0.135000000000000        1.00000000000000     
  0.255000000000000      -0.125000000000000        1.00000000000000     
  0.255000000000000      -0.115000000000000        1.00000000000000     
  0.255000000000000      -0.105000000000000        1.00000000000000     
  0.255000000000000      -9.499999999999997E-002   1.00000000000000     
  0.255000000000000      -8.500000000000002E-002  0.999999999999997     
  0.255000000000000      -7.500000000000001E-002   1.00000000000000     
  0.255000000000000      -6.500000000000000E-002   1.00000000000000     
  0.255000000000000      -5.499999999999999E-002   1.00000000000000     
  0.255000000000000      -4.499999999999998E-002   1.00000000000001     
  0.255000000000000      -3.499999999999997E-002   1.00000000000001     
  0.255000000000000      -2.500000000000002E-002  0.999999999999997     
  0.255000000000000      -1.500000000000001E-002   1.00000000000000     
  0.255000000000000      -5.000000000000000E-003   1.00000000000000     
  0.255000000000000       5.000000000000009E-003   1.00000000000000     
  0.255000000000000       1.500000000000002E-002   1.00000000000000     
  0.255000000000000       2.500000000000003E-002   1.00000000000133     
  0.255000000000000       3.500000000000004E-002   1.00000000004601     
  0.255000000000000       4.500000000000005E-002   1.00000007953550     
  0.255000000000000       5.500000000000006E-002   1.00001595843004     
  0.255000000000000       6.500000000000006E-002   1.00053679834161     
  0.255000000000000       7.499999999999996E-002   1.00523202465536     
  0.255000000000000       8.499999999999996E-002   1.02435178802199     
  0.255000000000000       9.499999999999997E-002   1.06976820096860     
  0.255000000000000       0.105000000000000        1.13907289497248     
  0.255000000000000       0.115000000000000        1.21933623817316     
  0.255000000000000       0.125000000000000        1.30451610635545     
  0.255000000000000       0.135000000000000        1.39220417707689     
  0.255000000000000       0.145000000000000        1.48134185185818     
  0.255000000000000       0.155000000000000        1.57161314265602     
  0.255000000000000       0.165000000000000        1.66286881631958     
  0.255000000000000       0.175000000000000        1.75496316494617     
  0.255000000000000       0.185000000000000        1.84799433853626     
  0.255000000000000       0.195000000000000        1.94232628651029     
  0.255000000000000       0.205000000000000        2.03839825804884     
  0.255000000000000       0.215000000000000        2.13628108273049     
  0.255000000000000       0.225000000000000        2.23657207195283     
  0.255000000000000       0.235000000000000        2.35465310217718     
  0.255000000000000       0.245000000000000        2.45882858862986     
  0.255000000000000       0.255000000000000        2.55631827748154     
  0.255000000000000       0.265000000000000        2.64969821519380     
  0.255000000000000       0.275000000000000        2.73881459717952     
  0.255000000000000       0.285000000000000        2.82276766437376     
  0.255000000000000       0.295000000000000        2.89888674565220     
  0.255000000000000       0.305000000000000        2.95962564443631     
  0.255000000000000       0.315000000000000        2.99147579035863     
  0.255000000000000       0.325000000000000        2.99958888090359     
  0.255000000000000       0.335000000000000        3.00000231812947     
  0.255000000000000       0.345000000000000        3.00000263341999     
  0.255000000000000       0.355000000000000        3.00000263338950     
  0.255000000000000       0.365000000000000        3.00000263340169     
  0.255000000000000       0.375000000000000        3.00000263340188     
  0.255000000000000       0.385000000000000        3.00000263340180     
  0.255000000000000       0.395000000000000        3.00000263340178     
  0.255000000000000       0.405000000000000        3.00000263340178     
  0.255000000000000       0.415000000000000        3.00000263340178     
  0.255000000000000       0.425000000000000        3.00000263340180     
  0.255000000000000       0.435000000000000        3.00000263340180     
  0.255000000000000       0.445000000000000        3.00000263340180     
  0.255000000000000       0.455000000000000        3.00000263340176     
  0.255000000000000       0.465000000000000        3.00000263340178     
  0.255000000000000       0.475000000000000        3.00000263340180     
  0.255000000000000       0.485000000000000        3.00000263340177     
  0.255000000000000       0.495000000000000        3.00000263340181     
  0.265000000000000      -0.495000000000000        1.00000000000000     
  0.265000000000000      -0.485000000000000        1.00000000000000     
  0.265000000000000      -0.475000000000000        1.00000000000000     
  0.265000000000000      -0.465000000000000       0.999999999999998     
  0.265000000000000      -0.455000000000000        1.00000000000000     
  0.265000000000000      -0.445000000000000        1.00000000000000     
  0.265000000000000      -0.435000000000000        1.00000000000000     
  0.265000000000000      -0.425000000000000        1.00000000000000     
  0.265000000000000      -0.415000000000000       0.999999999999999     
  0.265000000000000      -0.405000000000000        1.00000000000000     
  0.265000000000000      -0.395000000000000        1.00000000000000     
  0.265000000000000      -0.385000000000000        1.00000000000000     
  0.265000000000000      -0.375000000000000        1.00000000000000     
  0.265000000000000      -0.365000000000000        1.00000000000001     
  0.265000000000000      -0.355000000000000        1.00000000000000     
  0.265000000000000      -0.345000000000000        1.00000000000000     
  0.265000000000000      -0.335000000000000        1.00000000000000     
  0.265000000000000      -0.325000000000000        1.00000000000000     
  0.265000000000000      -0.315000000000000        1.00000000000000     
  0.265000000000000      -0.305000000000000        1.00000000000000     
  0.265000000000000      -0.295000000000000       0.999999999999999     
  0.265000000000000      -0.285000000000000        1.00000000000000     
  0.265000000000000      -0.275000000000000        1.00000000000000     
  0.265000000000000      -0.265000000000000        1.00000000000000     
  0.265000000000000      -0.255000000000000        1.00000000000000     
  0.265000000000000      -0.245000000000000        1.00000000000000     
  0.265000000000000      -0.235000000000000        1.00000000000000     
  0.265000000000000      -0.225000000000000        1.00000000000001     
  0.265000000000000      -0.215000000000000       0.999999999999999     
  0.265000000000000      -0.205000000000000        1.00000000000000     
  0.265000000000000      -0.195000000000000        1.00000000000000     
  0.265000000000000      -0.185000000000000        1.00000000000001     
  0.265000000000000      -0.175000000000000        1.00000000000000     
  0.265000000000000      -0.165000000000000        1.00000000000000     
  0.265000000000000      -0.155000000000000        1.00000000000000     
  0.265000000000000      -0.145000000000000       0.999999999999995     
  0.265000000000000      -0.135000000000000        1.00000000000000     
  0.265000000000000      -0.125000000000000        1.00000000000000     
  0.265000000000000      -0.115000000000000        1.00000000000000     
  0.265000000000000      -0.105000000000000        1.00000000000000     
  0.265000000000000      -9.499999999999997E-002   1.00000000000001     
  0.265000000000000      -8.500000000000002E-002  0.999999999999996     
  0.265000000000000      -7.500000000000001E-002   1.00000000000000     
  0.265000000000000      -6.500000000000000E-002   1.00000000000000     
  0.265000000000000      -5.499999999999999E-002   1.00000000000000     
  0.265000000000000      -4.499999999999998E-002   1.00000000000000     
  0.265000000000000      -3.499999999999997E-002   1.00000000000001     
  0.265000000000000      -2.500000000000002E-002  0.999999999999998     
  0.265000000000000      -1.500000000000001E-002   1.00000000000000     
  0.265000000000000      -5.000000000000000E-003   1.00000000000000     
  0.265000000000000       5.000000000000009E-003   1.00000000000000     
  0.265000000000000       1.500000000000002E-002   1.00000000000001     
  0.265000000000000       2.500000000000003E-002   1.00000000000321     
  0.265000000000000       3.500000000000004E-002   1.00000000010266     
  0.265000000000000       4.500000000000005E-002   1.00000007611615     
  0.265000000000000       5.500000000000006E-002   1.00001556468087     
  0.265000000000000       6.500000000000006E-002   1.00052703616445     
  0.265000000000000       7.499999999999996E-002   1.00517817239227     
  0.265000000000000       8.499999999999996E-002   1.02423098620141     
  0.265000000000000       9.499999999999997E-002   1.06964616132013     
  0.265000000000000       0.105000000000000        1.13901619546030     
  0.265000000000000       0.115000000000000        1.21932929754899     
  0.265000000000000       0.125000000000000        1.30452143914244     
  0.265000000000000       0.135000000000000        1.39216771405573     
  0.265000000000000       0.145000000000000        1.48112673103222     
  0.265000000000000       0.155000000000000        1.57108804539646     
  0.265000000000000       0.165000000000000        1.66219538996484     
  0.265000000000000       0.175000000000000        1.75469100185926     
  0.265000000000000       0.185000000000000        1.84824228561207     
  0.265000000000000       0.195000000000000        1.94277382021475     
  0.265000000000000       0.205000000000000        2.03859102288192     
  0.265000000000000       0.215000000000000        2.13627703746856     
  0.265000000000000       0.225000000000000        2.23644788601977     
  0.265000000000000       0.235000000000000        2.35261057254980     
  0.265000000000000       0.245000000000000        2.45920496522775     
  0.265000000000000       0.255000000000000        2.55827356476631     
  0.265000000000000       0.265000000000000        2.65120445074891     
  0.265000000000000       0.275000000000000        2.73971856117517     
  0.265000000000000       0.285000000000000        2.82323505747746     
  0.265000000000000       0.295000000000000        2.89906066544711     
  0.265000000000000       0.305000000000000        2.95965121759946     
  0.265000000000000       0.315000000000000        2.99152029089803     
  0.265000000000000       0.325000000000000        2.99963756257274     
  0.265000000000000       0.335000000000000        3.00005205306246     
  0.265000000000000       0.345000000000000        3.00005238113162     
  0.265000000000000       0.355000000000000        3.00005238137973     
  0.265000000000000       0.365000000000000        3.00005238186740     
  0.265000000000000       0.375000000000000        3.00005238186448     
  0.265000000000000       0.385000000000000        3.00005238185973     
  0.265000000000000       0.395000000000000        3.00005238185946     
  0.265000000000000       0.405000000000000        3.00005238185946     
  0.265000000000000       0.415000000000000        3.00005238185944     
  0.265000000000000       0.425000000000000        3.00005238185943     
  0.265000000000000       0.435000000000000        3.00005238185943     
  0.265000000000000       0.445000000000000        3.00005238185943     
  0.265000000000000       0.455000000000000        3.00005238185941     
  0.265000000000000       0.465000000000000        3.00005238185945     
  0.265000000000000       0.475000000000000        3.00005238185944     
  0.265000000000000       0.485000000000000        3.00005238185945     
  0.265000000000000       0.495000000000000        3.00005238185945     
  0.275000000000000      -0.495000000000000        1.00000000000000     
  0.275000000000000      -0.485000000000000        1.00000000000000     
  0.275000000000000      -0.475000000000000        1.00000000000000     
  0.275000000000000      -0.465000000000000       0.999999999999999     
  0.275000000000000      -0.455000000000000        1.00000000000001     
  0.275000000000000      -0.445000000000000        1.00000000000000     
  0.275000000000000      -0.435000000000000        1.00000000000000     
  0.275000000000000      -0.425000000000000        1.00000000000000     
  0.275000000000000      -0.415000000000000       0.999999999999999     
  0.275000000000000      -0.405000000000000        1.00000000000000     
  0.275000000000000      -0.395000000000000        1.00000000000000     
  0.275000000000000      -0.385000000000000        1.00000000000000     
  0.275000000000000      -0.375000000000000        1.00000000000000     
  0.275000000000000      -0.365000000000000        1.00000000000000     
  0.275000000000000      -0.355000000000000        1.00000000000000     
  0.275000000000000      -0.345000000000000        1.00000000000000     
  0.275000000000000      -0.335000000000000        1.00000000000000     
  0.275000000000000      -0.325000000000000       0.999999999999999     
  0.275000000000000      -0.315000000000000        1.00000000000000     
  0.275000000000000      -0.305000000000000        1.00000000000000     
  0.275000000000000      -0.295000000000000       0.999999999999999     
  0.275000000000000      -0.285000000000000        1.00000000000000     
  0.275000000000000      -0.275000000000000        1.00000000000000     
  0.275000000000000      -0.265000000000000        1.00000000000000     
  0.275000000000000      -0.255000000000000        1.00000000000000     
  0.275000000000000      -0.245000000000000        1.00000000000000     
  0.275000000000000      -0.235000000000000        1.00000000000001     
  0.275000000000000      -0.225000000000000        1.00000000000001     
  0.275000000000000      -0.215000000000000       0.999999999999998     
  0.275000000000000      -0.205000000000000        1.00000000000001     
  0.275000000000000      -0.195000000000000        1.00000000000001     
  0.275000000000000      -0.185000000000000        1.00000000000000     
  0.275000000000000      -0.175000000000000        1.00000000000000     
  0.275000000000000      -0.165000000000000        1.00000000000000     
  0.275000000000000      -0.155000000000000        1.00000000000000     
  0.275000000000000      -0.145000000000000        1.00000000000000     
  0.275000000000000      -0.135000000000000        1.00000000000000     
  0.275000000000000      -0.125000000000000        1.00000000000000     
  0.275000000000000      -0.115000000000000        1.00000000000000     
  0.275000000000000      -0.105000000000000        1.00000000000001     
  0.275000000000000      -9.499999999999997E-002   1.00000000000001     
  0.275000000000000      -8.500000000000002E-002  0.999999999999997     
  0.275000000000000      -7.500000000000001E-002   1.00000000000000     
  0.275000000000000      -6.500000000000000E-002   1.00000000000000     
  0.275000000000000      -5.499999999999999E-002   1.00000000000000     
  0.275000000000000      -4.499999999999998E-002   1.00000000000000     
  0.275000000000000      -3.499999999999997E-002   1.00000000000000     
  0.275000000000000      -2.500000000000002E-002   1.00000000000000     
  0.275000000000000      -1.500000000000001E-002   1.00000000000000     
  0.275000000000000      -5.000000000000000E-003   1.00000000000000     
  0.275000000000000       5.000000000000009E-003   1.00000000000000     
  0.275000000000000       1.500000000000002E-002   1.00000000000002     
  0.275000000000000       2.500000000000003E-002  0.999999999998757     
  0.275000000000000       3.500000000000004E-002  0.999999999950856     
  0.275000000000000       4.500000000000005E-002   1.00000006715439     
  0.275000000000000       5.500000000000006E-002   1.00001465517365     
  0.275000000000000       6.500000000000006E-002   1.00050392739562     
  0.275000000000000       7.499999999999996E-002   1.00504475235364     
  0.275000000000000       8.499999999999996E-002   1.02391123334720     
  0.275000000000000       9.499999999999997E-002   1.06928979576291     
  0.275000000000000       0.105000000000000        1.13883167403356     
  0.275000000000000       0.115000000000000        1.21927539660805     
  0.275000000000000       0.125000000000000        1.30452148979254     
  0.275000000000000       0.135000000000000        1.39217718708250     
  0.275000000000000       0.145000000000000        1.48111754634289     
  0.275000000000000       0.155000000000000        1.57093667045352     
  0.275000000000000       0.165000000000000        1.66173268135940     
  0.275000000000000       0.175000000000000        1.75403812997049     
  0.275000000000000       0.185000000000000        1.84794588482614     
  0.275000000000000       0.195000000000000        1.94298638520772     
  0.275000000000000       0.205000000000000        2.03901351958850     
  0.275000000000000       0.215000000000000        2.13640824225756     
  0.275000000000000       0.225000000000000        2.23644775329704     
  0.275000000000000       0.235000000000000        2.35170550052540     
  0.275000000000000       0.245000000000000        2.45818652321388     
  0.275000000000000       0.255000000000000        2.55966149271412     
  0.275000000000000       0.265000000000000        2.65474625490025     
  0.275000000000000       0.275000000000000        2.74253504556141     
  0.275000000000000       0.285000000000000        2.82465162411399     
  0.275000000000000       0.295000000000000        2.89958750740311     
  0.275000000000000       0.305000000000000        2.96001993849946     
  0.275000000000000       0.315000000000000        2.99207318131579     
  0.275000000000000       0.325000000000000        3.00028338565205     
  0.275000000000000       0.335000000000000        3.00071400514492     
  0.275000000000000       0.345000000000000        3.00071452640205     
  0.275000000000000       0.355000000000000        3.00071456149332     
  0.275000000000000       0.365000000000000        3.00071457315295     
  0.275000000000000       0.375000000000000        3.00071457250289     
  0.275000000000000       0.385000000000000        3.00071457227643     
  0.275000000000000       0.395000000000000        3.00071457226064     
  0.275000000000000       0.405000000000000        3.00071457226036     
  0.275000000000000       0.415000000000000        3.00071457226036     
  0.275000000000000       0.425000000000000        3.00071457226033     
  0.275000000000000       0.435000000000000        3.00071457226034     
  0.275000000000000       0.445000000000000        3.00071457226033     
  0.275000000000000       0.455000000000000        3.00071457226031     
  0.275000000000000       0.465000000000000        3.00071457226035     
  0.275000000000000       0.475000000000000        3.00071457226035     
  0.275000000000000       0.485000000000000        3.00071457226036     
  0.275000000000000       0.495000000000000        3.00071457226036     
  0.285000000000000      -0.495000000000000        1.00000000000000     
  0.285000000000000      -0.485000000000000        1.00000000000000     
  0.285000000000000      -0.475000000000000        1.00000000000000     
  0.285000000000000      -0.465000000000000       0.999999999999998     
  0.285000000000000      -0.455000000000000        1.00000000000000     
  0.285000000000000      -0.445000000000000        1.00000000000001     
  0.285000000000000      -0.435000000000000        1.00000000000000     
  0.285000000000000      -0.425000000000000        1.00000000000000     
  0.285000000000000      -0.415000000000000       0.999999999999999     
  0.285000000000000      -0.405000000000000        1.00000000000001     
  0.285000000000000      -0.395000000000000        1.00000000000001     
  0.285000000000000      -0.385000000000000        1.00000000000000     
  0.285000000000000      -0.375000000000000        1.00000000000000     
  0.285000000000000      -0.365000000000000        1.00000000000000     
  0.285000000000000      -0.355000000000000        1.00000000000000     
  0.285000000000000      -0.345000000000000        1.00000000000001     
  0.285000000000000      -0.335000000000000        1.00000000000000     
  0.285000000000000      -0.325000000000000       0.999999999999997     
  0.285000000000000      -0.315000000000000        1.00000000000000     
  0.285000000000000      -0.305000000000000        1.00000000000001     
  0.285000000000000      -0.295000000000000       0.999999999999999     
  0.285000000000000      -0.285000000000000        1.00000000000000     
  0.285000000000000      -0.275000000000000        1.00000000000000     
  0.285000000000000      -0.265000000000000        1.00000000000000     
  0.285000000000000      -0.255000000000000        1.00000000000000     
  0.285000000000000      -0.245000000000000        1.00000000000000     
  0.285000000000000      -0.235000000000000        1.00000000000001     
  0.285000000000000      -0.225000000000000        1.00000000000001     
  0.285000000000000      -0.215000000000000       0.999999999999998     
  0.285000000000000      -0.205000000000000        1.00000000000001     
  0.285000000000000      -0.195000000000000        1.00000000000001     
  0.285000000000000      -0.185000000000000        1.00000000000001     
  0.285000000000000      -0.175000000000000        1.00000000000000     
  0.285000000000000      -0.165000000000000        1.00000000000000     
  0.285000000000000      -0.155000000000000        1.00000000000000     
  0.285000000000000      -0.145000000000000       0.999999999999998     
  0.285000000000000      -0.135000000000000        1.00000000000000     
  0.285000000000000      -0.125000000000000        1.00000000000000     
  0.285000000000000      -0.115000000000000        1.00000000000000     
  0.285000000000000      -0.105000000000000        1.00000000000001     
  0.285000000000000      -9.499999999999997E-002   1.00000000000000     
  0.285000000000000      -8.500000000000002E-002   1.00000000000000     
  0.285000000000000      -7.500000000000001E-002   1.00000000000000     
  0.285000000000000      -6.500000000000000E-002   1.00000000000000     
  0.285000000000000      -5.499999999999999E-002   1.00000000000000     
  0.285000000000000      -4.499999999999998E-002   1.00000000000000     
  0.285000000000000      -3.499999999999997E-002   1.00000000000000     
  0.285000000000000      -2.500000000000002E-002  0.999999999999999     
  0.285000000000000      -1.500000000000001E-002   1.00000000000000     
  0.285000000000000      -5.000000000000000E-003   1.00000000000000     
  0.285000000000000       5.000000000000009E-003  0.999999999999999     
  0.285000000000000       1.500000000000002E-002   1.00000000000000     
  0.285000000000000       2.500000000000003E-002  0.999999999992921     
  0.285000000000000       3.500000000000004E-002  0.999999999767298     
  0.285000000000000       4.500000000000005E-002   1.00000005792786     
  0.285000000000000       5.500000000000006E-002   1.00001372200232     
  0.285000000000000       6.500000000000006E-002   1.00047964139634     
  0.285000000000000       7.499999999999996E-002   1.00489500660681     
  0.285000000000000       8.499999999999996E-002   1.02350156125536     
  0.285000000000000       9.499999999999997E-002   1.06869234468468     
  0.285000000000000       0.105000000000000        1.13838619549621     
  0.285000000000000       0.115000000000000        1.21908581158980     
  0.285000000000000       0.125000000000000        1.30448372459926     
  0.285000000000000       0.135000000000000        1.39218388186515     
  0.285000000000000       0.145000000000000        1.48112214759159     
  0.285000000000000       0.155000000000000        1.57089926064700     
  0.285000000000000       0.165000000000000        1.66158143873316     
  0.285000000000000       0.175000000000000        1.75361306383984     
  0.285000000000000       0.185000000000000        1.84731810497184     
  0.285000000000000       0.195000000000000        1.94266265482909     
  0.285000000000000       0.205000000000000        2.03920265079224     
  0.285000000000000       0.215000000000000        2.13683963070580     
  0.285000000000000       0.225000000000000        2.23657944406180     
  0.285000000000000       0.235000000000000        2.35224593425548     
  0.285000000000000       0.245000000000000        2.45654506841304     
  0.285000000000000       0.255000000000000        2.55873826478730     
  0.285000000000000       0.265000000000000        2.65791348222372     
  0.285000000000000       0.275000000000000        2.74982931643129     
  0.285000000000000       0.285000000000000        2.83149932420059     
  0.285000000000000       0.295000000000000        2.90394654482799     
  0.285000000000000       0.305000000000000        2.96336385566651     
  0.285000000000000       0.315000000000000        2.99665496688626     
  0.285000000000000       0.325000000000000        3.00564559234037     
  0.285000000000000       0.335000000000000        3.00621445721152     
  0.285000000000000       0.345000000000000        3.00621706988897     
  0.285000000000000       0.355000000000000        3.00621797257759     
  0.285000000000000       0.365000000000000        3.00621812799996     
  0.285000000000000       0.375000000000000        3.00621810748753     
  0.285000000000000       0.385000000000000        3.00621809891256     
  0.285000000000000       0.395000000000000        3.00621809797872     
  0.285000000000000       0.405000000000000        3.00621809796585     
  0.285000000000000       0.415000000000000        3.00621809796722     
  0.285000000000000       0.425000000000000        3.00621809796723     
  0.285000000000000       0.435000000000000        3.00621809796724     
  0.285000000000000       0.445000000000000        3.00621809796723     
  0.285000000000000       0.455000000000000        3.00621809796719     
  0.285000000000000       0.465000000000000        3.00621809796722     
  0.285000000000000       0.475000000000000        3.00621809796726     
  0.285000000000000       0.485000000000000        3.00621809796728     
  0.285000000000000       0.495000000000000        3.00621809796726     
  0.295000000000000      -0.495000000000000        1.00000000000000     
  0.295000000000000      -0.485000000000000        1.00000000000000     
  0.295000000000000      -0.475000000000000        1.00000000000000     
  0.295000000000000      -0.465000000000000       0.999999999999997     
  0.295000000000000      -0.455000000000000        1.00000000000000     
  0.295000000000000      -0.445000000000000        1.00000000000000     
  0.295000000000000      -0.435000000000000        1.00000000000000     
  0.295000000000000      -0.425000000000000        1.00000000000000     
  0.295000000000000      -0.415000000000000       0.999999999999998     
  0.295000000000000      -0.405000000000000        1.00000000000001     
  0.295000000000000      -0.395000000000000        1.00000000000001     
  0.295000000000000      -0.385000000000000        1.00000000000000     
  0.295000000000000      -0.375000000000000        1.00000000000000     
  0.295000000000000      -0.365000000000000        1.00000000000000     
  0.295000000000000      -0.355000000000000        1.00000000000001     
  0.295000000000000      -0.345000000000000        1.00000000000000     
  0.295000000000000      -0.335000000000000        1.00000000000000     
  0.295000000000000      -0.325000000000000       0.999999999999997     
  0.295000000000000      -0.315000000000000        1.00000000000000     
  0.295000000000000      -0.305000000000000        1.00000000000000     
  0.295000000000000      -0.295000000000000       0.999999999999998     
  0.295000000000000      -0.285000000000000        1.00000000000000     
  0.295000000000000      -0.275000000000000        1.00000000000000     
  0.295000000000000      -0.265000000000000        1.00000000000000     
  0.295000000000000      -0.255000000000000        1.00000000000000     
  0.295000000000000      -0.245000000000000        1.00000000000000     
  0.295000000000000      -0.235000000000000        1.00000000000000     
  0.295000000000000      -0.225000000000000        1.00000000000000     
  0.295000000000000      -0.215000000000000        1.00000000000000     
  0.295000000000000      -0.205000000000000        1.00000000000001     
  0.295000000000000      -0.195000000000000        1.00000000000001     
  0.295000000000000      -0.185000000000000        1.00000000000001     
  0.295000000000000      -0.175000000000000        1.00000000000000     
  0.295000000000000      -0.165000000000000        1.00000000000000     
  0.295000000000000      -0.155000000000000        1.00000000000000     
  0.295000000000000      -0.145000000000000       0.999999999999996     
  0.295000000000000      -0.135000000000000        1.00000000000000     
  0.295000000000000      -0.125000000000000        1.00000000000000     
  0.295000000000000      -0.115000000000000        1.00000000000000     
  0.295000000000000      -0.105000000000000        1.00000000000000     
  0.295000000000000      -9.499999999999997E-002   1.00000000000000     
  0.295000000000000      -8.500000000000002E-002  0.999999999999999     
  0.295000000000000      -7.500000000000001E-002   1.00000000000001     
  0.295000000000000      -6.500000000000000E-002   1.00000000000000     
  0.295000000000000      -5.499999999999999E-002   1.00000000000000     
  0.295000000000000      -4.499999999999998E-002   1.00000000000000     
  0.295000000000000      -3.499999999999997E-002   1.00000000000000     
  0.295000000000000      -2.500000000000002E-002  0.999999999999999     
  0.295000000000000      -1.500000000000001E-002   1.00000000000000     
  0.295000000000000      -5.000000000000000E-003   1.00000000000000     
  0.295000000000000       5.000000000000009E-003   1.00000000000001     
  0.295000000000000       1.500000000000002E-002  0.999999999999960     
  0.295000000000000       2.500000000000003E-002  0.999999999999851     
  0.295000000000000       3.500000000000004E-002  0.999999999969924     
  0.295000000000000       4.500000000000005E-002   1.00000005512473     
  0.295000000000000       5.500000000000006E-002   1.00001329507846     
  0.295000000000000       6.500000000000006E-002   1.00046813478024     
  0.295000000000000       7.499999999999996E-002   1.00481954036789     
  0.295000000000000       8.499999999999996E-002   1.02326722559307     
  0.295000000000000       9.499999999999997E-002   1.06824882175253     
  0.295000000000000       0.105000000000000        1.13792165923076     
  0.295000000000000       0.115000000000000        1.21877387361320     
  0.295000000000000       0.125000000000000        1.30436409646813     
  0.295000000000000       0.135000000000000        1.39218001074753     
  0.295000000000000       0.145000000000000        1.48113053115424     
  0.295000000000000       0.155000000000000        1.57089292099399     
  0.295000000000000       0.165000000000000        1.66154482096255     
  0.295000000000000       0.175000000000000        1.75347528598590     
  0.295000000000000       0.185000000000000        1.84693072156343     
  0.295000000000000       0.195000000000000        1.94209619891575     
  0.295000000000000       0.205000000000000        2.03890390514281     
  0.295000000000000       0.215000000000000        2.13707024005127     
  0.295000000000000       0.225000000000000        2.23683826724132     
  0.295000000000000       0.235000000000000        2.35275079223648     
  0.295000000000000       0.245000000000000        2.45593924806337     
  0.295000000000000       0.255000000000000        2.55739637739414     
  0.295000000000000       0.265000000000000        2.65791690464767     
  0.295000000000000       0.275000000000000        2.75575698333198     
  0.295000000000000       0.285000000000000        2.84556420236898     
  0.295000000000000       0.295000000000000        2.92123588796616     
  0.295000000000000       0.305000000000000        2.98008861751204     
  0.295000000000000       0.315000000000000        3.01820242437427     
  0.295000000000000       0.325000000000000        3.03159092897686     
  0.295000000000000       0.335000000000000        3.03309220670465     
  0.295000000000000       0.345000000000000        3.03313476238163     
  0.295000000000000       0.355000000000000        3.03313853774503     
  0.295000000000000       0.365000000000000        3.03313942333462     
  0.295000000000000       0.375000000000000        3.03313902691259     
  0.295000000000000       0.385000000000000        3.03313893782386     
  0.295000000000000       0.395000000000000        3.03313892002083     
  0.295000000000000       0.405000000000000        3.03313891979878     
  0.295000000000000       0.415000000000000        3.03313891985333     
  0.295000000000000       0.425000000000000        3.03313891985440     
  0.295000000000000       0.435000000000000        3.03313891985437     
  0.295000000000000       0.445000000000000        3.03313891985443     
  0.295000000000000       0.455000000000000        3.03313891985436     
  0.295000000000000       0.465000000000000        3.03313891985438     
  0.295000000000000       0.475000000000000        3.03313891985440     
  0.295000000000000       0.485000000000000        3.03313891985436     
  0.295000000000000       0.495000000000000        3.03313891985436     
  0.305000000000000      -0.495000000000000        1.00000000000000     
  0.305000000000000      -0.485000000000000        1.00000000000000     
  0.305000000000000      -0.475000000000000        1.00000000000000     
  0.305000000000000      -0.465000000000000       0.999999999999999     
  0.305000000000000      -0.455000000000000        1.00000000000000     
  0.305000000000000      -0.445000000000000        1.00000000000000     
  0.305000000000000      -0.435000000000000        1.00000000000000     
  0.305000000000000      -0.425000000000000        1.00000000000000     
  0.305000000000000      -0.415000000000000       0.999999999999998     
  0.305000000000000      -0.405000000000000        1.00000000000000     
  0.305000000000000      -0.395000000000000        1.00000000000000     
  0.305000000000000      -0.385000000000000        1.00000000000000     
  0.305000000000000      -0.375000000000000        1.00000000000000     
  0.305000000000000      -0.365000000000000        1.00000000000001     
  0.305000000000000      -0.355000000000000        1.00000000000001     
  0.305000000000000      -0.345000000000000        1.00000000000000     
  0.305000000000000      -0.335000000000000        1.00000000000000     
  0.305000000000000      -0.325000000000000       0.999999999999996     
  0.305000000000000      -0.315000000000000        1.00000000000000     
  0.305000000000000      -0.305000000000000        1.00000000000000     
  0.305000000000000      -0.295000000000000       0.999999999999997     
  0.305000000000000      -0.285000000000000        1.00000000000000     
  0.305000000000000      -0.275000000000000        1.00000000000000     
  0.305000000000000      -0.265000000000000        1.00000000000000     
  0.305000000000000      -0.255000000000000        1.00000000000000     
  0.305000000000000      -0.245000000000000        1.00000000000000     
  0.305000000000000      -0.235000000000000        1.00000000000000     
  0.305000000000000      -0.225000000000000        1.00000000000000     
  0.305000000000000      -0.215000000000000       0.999999999999999     
  0.305000000000000      -0.205000000000000        1.00000000000000     
  0.305000000000000      -0.195000000000000        1.00000000000000     
  0.305000000000000      -0.185000000000000        1.00000000000000     
  0.305000000000000      -0.175000000000000        1.00000000000000     
  0.305000000000000      -0.165000000000000        1.00000000000000     
  0.305000000000000      -0.155000000000000        1.00000000000000     
  0.305000000000000      -0.145000000000000       0.999999999999994     
  0.305000000000000      -0.135000000000000        1.00000000000000     
  0.305000000000000      -0.125000000000000        1.00000000000000     
  0.305000000000000      -0.115000000000000        1.00000000000000     
  0.305000000000000      -0.105000000000000        1.00000000000000     
  0.305000000000000      -9.499999999999997E-002   1.00000000000000     
  0.305000000000000      -8.500000000000002E-002  0.999999999999996     
  0.305000000000000      -7.500000000000001E-002   1.00000000000000     
  0.305000000000000      -6.500000000000000E-002   1.00000000000000     
  0.305000000000000      -5.499999999999999E-002   1.00000000000000     
  0.305000000000000      -4.499999999999998E-002   1.00000000000000     
  0.305000000000000      -3.499999999999997E-002   1.00000000000000     
  0.305000000000000      -2.500000000000002E-002  0.999999999999999     
  0.305000000000000      -1.500000000000001E-002   1.00000000000000     
  0.305000000000000      -5.000000000000000E-003   1.00000000000000     
  0.305000000000000       5.000000000000009E-003   1.00000000000001     
  0.305000000000000       1.500000000000002E-002  0.999999999999985     
  0.305000000000000       2.500000000000003E-002   1.00000000001711     
  0.305000000000000       3.500000000000004E-002   1.00000000050607     
  0.305000000000000       4.500000000000005E-002   1.00000006052202     
  0.305000000000000       5.500000000000006E-002   1.00001357027823     
  0.305000000000000       6.500000000000006E-002   1.00047467228392     
  0.305000000000000       7.499999999999996E-002   1.00485316239556     
  0.305000000000000       8.499999999999996E-002   1.02331403286469     
  0.305000000000000       9.499999999999997E-002   1.06820423436439     
  0.305000000000000       0.105000000000000        1.13774474394497     
  0.305000000000000       0.115000000000000        1.21859628157083     
  0.305000000000000       0.125000000000000        1.30427909392189     
  0.305000000000000       0.135000000000000        1.39217361533760     
  0.305000000000000       0.145000000000000        1.48114910781149     
  0.305000000000000       0.155000000000000        1.57090538598740     
  0.305000000000000       0.165000000000000        1.66154549104440     
  0.305000000000000       0.175000000000000        1.75344042968817     
  0.305000000000000       0.185000000000000        1.84680724714949     
  0.305000000000000       0.195000000000000        1.94176610472246     
  0.305000000000000       0.205000000000000        2.03840456592281     
  0.305000000000000       0.215000000000000        2.13682704001066     
  0.305000000000000       0.225000000000000        2.23712177627197     
  0.305000000000000       0.235000000000000        2.35306809574645     
  0.305000000000000       0.245000000000000        2.45603106710048     
  0.305000000000000       0.255000000000000        2.55696076521246     
  0.305000000000000       0.265000000000000        2.65723775188095     
  0.305000000000000       0.275000000000000        2.75659642213170     
  0.305000000000000       0.285000000000000        2.85359591359006     
  0.305000000000000       0.295000000000000        2.94289366785428     
  0.305000000000000       0.305000000000000        3.01608752083833     
  0.305000000000000       0.315000000000000        3.06949264028378     
  0.305000000000000       0.325000000000000        3.09602462054084     
  0.305000000000000       0.335000000000000        3.10099338958293     
  0.305000000000000       0.345000000000000        3.10083567868926     
  0.305000000000000       0.355000000000000        3.10072180349971     
  0.305000000000000       0.365000000000000        3.10074684018900     
  0.305000000000000       0.375000000000000        3.10076360434418     
  0.305000000000000       0.385000000000000        3.10076377273979     
  0.305000000000000       0.395000000000000        3.10076350875082     
  0.305000000000000       0.405000000000000        3.10076349986100     
  0.305000000000000       0.415000000000000        3.10076350208990     
  0.305000000000000       0.425000000000000        3.10076350215897     
  0.305000000000000       0.435000000000000        3.10076350215685     
  0.305000000000000       0.445000000000000        3.10076350215688     
  0.305000000000000       0.455000000000000        3.10076350215682     
  0.305000000000000       0.465000000000000        3.10076350215682     
  0.305000000000000       0.475000000000000        3.10076350215681     
  0.305000000000000       0.485000000000000        3.10076350215676     
  0.305000000000000       0.495000000000000        3.10076350215677     
  0.315000000000000      -0.495000000000000        1.00000000000000     
  0.315000000000000      -0.485000000000000        1.00000000000000     
  0.315000000000000      -0.475000000000000        1.00000000000000     
  0.315000000000000      -0.465000000000000       0.999999999999995     
  0.315000000000000      -0.455000000000000        1.00000000000000     
  0.315000000000000      -0.445000000000000        1.00000000000000     
  0.315000000000000      -0.435000000000000        1.00000000000000     
  0.315000000000000      -0.425000000000000        1.00000000000000     
  0.315000000000000      -0.415000000000000       0.999999999999996     
  0.315000000000000      -0.405000000000000        1.00000000000000     
  0.315000000000000      -0.395000000000000       0.999999999999998     
  0.315000000000000      -0.385000000000000        1.00000000000001     
  0.315000000000000      -0.375000000000000        1.00000000000001     
  0.315000000000000      -0.365000000000000        1.00000000000001     
  0.315000000000000      -0.355000000000000        1.00000000000000     
  0.315000000000000      -0.345000000000000        1.00000000000000     
  0.315000000000000      -0.335000000000000        1.00000000000000     
  0.315000000000000      -0.325000000000000       0.999999999999996     
  0.315000000000000      -0.315000000000000        1.00000000000001     
  0.315000000000000      -0.305000000000000        1.00000000000000     
  0.315000000000000      -0.295000000000000       0.999999999999998     
  0.315000000000000      -0.285000000000000        1.00000000000000     
  0.315000000000000      -0.275000000000000       0.999999999999998     
  0.315000000000000      -0.265000000000000        1.00000000000000     
  0.315000000000000      -0.255000000000000        1.00000000000000     
  0.315000000000000      -0.245000000000000        1.00000000000000     
  0.315000000000000      -0.235000000000000        1.00000000000000     
  0.315000000000000      -0.225000000000000        1.00000000000000     
  0.315000000000000      -0.215000000000000       0.999999999999998     
  0.315000000000000      -0.205000000000000        1.00000000000000     
  0.315000000000000      -0.195000000000000        1.00000000000000     
  0.315000000000000      -0.185000000000000        1.00000000000000     
  0.315000000000000      -0.175000000000000        1.00000000000000     
  0.315000000000000      -0.165000000000000        1.00000000000000     
  0.315000000000000      -0.155000000000000       0.999999999999999     
  0.315000000000000      -0.145000000000000       0.999999999999994     
  0.315000000000000      -0.135000000000000        1.00000000000000     
  0.315000000000000      -0.125000000000000        1.00000000000000     
  0.315000000000000      -0.115000000000000        1.00000000000000     
  0.315000000000000      -0.105000000000000        1.00000000000000     
  0.315000000000000      -9.499999999999997E-002   1.00000000000000     
  0.315000000000000      -8.500000000000002E-002  0.999999999999995     
  0.315000000000000      -7.500000000000001E-002   1.00000000000000     
  0.315000000000000      -6.500000000000000E-002   1.00000000000000     
  0.315000000000000      -5.499999999999999E-002   1.00000000000001     
  0.315000000000000      -4.499999999999998E-002   1.00000000000000     
  0.315000000000000      -3.499999999999997E-002   1.00000000000000     
  0.315000000000000      -2.500000000000002E-002  0.999999999999997     
  0.315000000000000      -1.500000000000001E-002   1.00000000000000     
  0.315000000000000      -5.000000000000000E-003   1.00000000000000     
  0.315000000000000       5.000000000000009E-003   1.00000000000001     
  0.315000000000000       1.500000000000002E-002   1.00000000000003     
  0.315000000000000       2.500000000000003E-002   1.00000000001489     
  0.315000000000000       3.500000000000004E-002   1.00000000048549     
  0.315000000000000       4.500000000000005E-002   1.00000006909191     
  0.315000000000000       5.500000000000006E-002   1.00001444814410     
  0.315000000000000       6.500000000000006E-002   1.00049717767293     
  0.315000000000000       7.499999999999996E-002   1.00498627297526     
  0.315000000000000       8.499999999999996E-002   1.02364044955939     
  0.315000000000000       9.499999999999997E-002   1.06857155921542     
  0.315000000000000       0.105000000000000        1.13790234217680     
  0.315000000000000       0.115000000000000        1.21860908693933     
  0.315000000000000       0.125000000000000        1.30429682784764     
  0.315000000000000       0.135000000000000        1.39224478342426     
  0.315000000000000       0.145000000000000        1.48124368346475     
  0.315000000000000       0.155000000000000        1.57098064341892     
  0.315000000000000       0.165000000000000        1.66157764716969     
  0.315000000000000       0.175000000000000        1.75343835251960     
  0.315000000000000       0.185000000000000        1.84676978905954     
  0.315000000000000       0.195000000000000        1.94166219846881     
  0.315000000000000       0.205000000000000        2.03813527948989     
  0.315000000000000       0.215000000000000        2.13634976410777     
  0.315000000000000       0.225000000000000        2.23704026389016     
  0.315000000000000       0.235000000000000        2.35320266415095     
  0.315000000000000       0.245000000000000        2.45622574130829     
  0.315000000000000       0.255000000000000        2.55702231499202     
  0.315000000000000       0.265000000000000        2.65707481145336     
  0.315000000000000       0.275000000000000        2.75644259563127     
  0.315000000000000       0.285000000000000        2.85486827935967     
  0.315000000000000       0.295000000000000        2.95130443512327     
  0.315000000000000       0.305000000000000        3.04286973016620     
  0.315000000000000       0.315000000000000        3.12070914266051     
  0.315000000000000       0.325000000000000        3.16758698720724     
  0.315000000000000       0.335000000000000        3.18393602742885     
  0.315000000000000       0.345000000000000        3.18557299365801     
  0.315000000000000       0.355000000000000        3.18500650397278     
  0.315000000000000       0.365000000000000        3.18485660032981     
  0.315000000000000       0.375000000000000        3.18486946921754     
  0.315000000000000       0.385000000000000        3.18489448057532     
  0.315000000000000       0.395000000000000        3.18489645606880     
  0.315000000000000       0.405000000000000        3.18489614026434     
  0.315000000000000       0.415000000000000        3.18489609438911     
  0.315000000000000       0.425000000000000        3.18489609515371     
  0.315000000000000       0.435000000000000        3.18489609525093     
  0.315000000000000       0.445000000000000        3.18489609525240     
  0.315000000000000       0.455000000000000        3.18489609525236     
  0.315000000000000       0.465000000000000        3.18489609525236     
  0.315000000000000       0.475000000000000        3.18489609525237     
  0.315000000000000       0.485000000000000        3.18489609525237     
  0.315000000000000       0.495000000000000        3.18489609525237     
  0.325000000000000      -0.495000000000000        1.00000000000000     
  0.325000000000000      -0.485000000000000        1.00000000000000     
  0.325000000000000      -0.475000000000000        1.00000000000000     
  0.325000000000000      -0.465000000000000       0.999999999999994     
  0.325000000000000      -0.455000000000000        1.00000000000000     
  0.325000000000000      -0.445000000000000        1.00000000000000     
  0.325000000000000      -0.435000000000000        1.00000000000000     
  0.325000000000000      -0.425000000000000        1.00000000000000     
  0.325000000000000      -0.415000000000000       0.999999999999993     
  0.325000000000000      -0.405000000000000        1.00000000000000     
  0.325000000000000      -0.395000000000000        1.00000000000000     
  0.325000000000000      -0.385000000000000        1.00000000000000     
  0.325000000000000      -0.375000000000000        1.00000000000000     
  0.325000000000000      -0.365000000000000        1.00000000000000     
  0.325000000000000      -0.355000000000000        1.00000000000000     
  0.325000000000000      -0.345000000000000        1.00000000000000     
  0.325000000000000      -0.335000000000000        1.00000000000000     
  0.325000000000000      -0.325000000000000       0.999999999999997     
  0.325000000000000      -0.315000000000000        1.00000000000000     
  0.325000000000000      -0.305000000000000        1.00000000000000     
  0.325000000000000      -0.295000000000000       0.999999999999996     
  0.325000000000000      -0.285000000000000        1.00000000000000     
  0.325000000000000      -0.275000000000000        1.00000000000000     
  0.325000000000000      -0.265000000000000        1.00000000000000     
  0.325000000000000      -0.255000000000000        1.00000000000000     
  0.325000000000000      -0.245000000000000        1.00000000000000     
  0.325000000000000      -0.235000000000000        1.00000000000000     
  0.325000000000000      -0.225000000000000        1.00000000000000     
  0.325000000000000      -0.215000000000000       0.999999999999998     
  0.325000000000000      -0.205000000000000        1.00000000000000     
  0.325000000000000      -0.195000000000000        1.00000000000000     
  0.325000000000000      -0.185000000000000        1.00000000000000     
  0.325000000000000      -0.175000000000000        1.00000000000000     
  0.325000000000000      -0.165000000000000        1.00000000000000     
  0.325000000000000      -0.155000000000000        1.00000000000000     
  0.325000000000000      -0.145000000000000       0.999999999999994     
  0.325000000000000      -0.135000000000000        1.00000000000000     
  0.325000000000000      -0.125000000000000        1.00000000000000     
  0.325000000000000      -0.115000000000000        1.00000000000000     
  0.325000000000000      -0.105000000000000        1.00000000000000     
  0.325000000000000      -9.499999999999997E-002   1.00000000000000     
  0.325000000000000      -8.500000000000002E-002  0.999999999999995     
  0.325000000000000      -7.500000000000001E-002   1.00000000000000     
  0.325000000000000      -6.500000000000000E-002   1.00000000000000     
  0.325000000000000      -5.499999999999999E-002   1.00000000000000     
  0.325000000000000      -4.499999999999998E-002   1.00000000000000     
  0.325000000000000      -3.499999999999997E-002   1.00000000000000     
  0.325000000000000      -2.500000000000002E-002  0.999999999999995     
  0.325000000000000      -1.500000000000001E-002   1.00000000000000     
  0.325000000000000      -5.000000000000000E-003   1.00000000000000     
  0.325000000000000       5.000000000000009E-003  0.999999999999999     
  0.325000000000000       1.500000000000002E-002   1.00000000000001     
  0.325000000000000       2.500000000000003E-002   1.00000000000977     
  0.325000000000000       3.500000000000004E-002   1.00000000034971     
  0.325000000000000       4.500000000000005E-002   1.00000007245053     
  0.325000000000000       5.500000000000006E-002   1.00001491452108     
  0.325000000000000       6.500000000000006E-002   1.00050988958567     
  0.325000000000000       7.499999999999996E-002   1.00506803214027     
  0.325000000000000       8.499999999999996E-002   1.02391062648129     
  0.325000000000000       9.499999999999997E-002   1.06904248764771     
  0.325000000000000       0.105000000000000        1.13828914417253     
  0.325000000000000       0.115000000000000        1.21876712217544     
  0.325000000000000       0.125000000000000        1.30434606095751     
  0.325000000000000       0.135000000000000        1.39238034741564     
  0.325000000000000       0.145000000000000        1.48153640292871     
  0.325000000000000       0.155000000000000        1.57128004441509     
  0.325000000000000       0.165000000000000        1.66173205382686     
  0.325000000000000       0.175000000000000        1.75347489960823     
  0.325000000000000       0.185000000000000        1.84675716280473     
  0.325000000000000       0.195000000000000        1.94162210932641     
  0.325000000000000       0.205000000000000        2.03805193127162     
  0.325000000000000       0.215000000000000        2.13611810327325     
  0.325000000000000       0.225000000000000        2.23665396691511     
  0.325000000000000       0.235000000000000        2.35308052629927     
  0.325000000000000       0.245000000000000        2.45636175376093     
  0.325000000000000       0.255000000000000        2.55719697139647     
  0.325000000000000       0.265000000000000        2.65718209433840     
  0.325000000000000       0.275000000000000        2.75647672657291     
  0.325000000000000       0.285000000000000        2.85503166351929     
  0.325000000000000       0.295000000000000        2.95290461403546     
  0.325000000000000       0.305000000000000        3.05060510412829     
  0.325000000000000       0.315000000000000        3.14432945172074     
  0.325000000000000       0.325000000000000        3.21892896791146     
  0.325000000000000       0.335000000000000        3.26117455593800     
  0.325000000000000       0.345000000000000        3.27358151632215     
  0.325000000000000       0.355000000000000        3.27436889430045     
  0.325000000000000       0.365000000000000        3.27351711169920     
  0.325000000000000       0.375000000000000        3.27323568800630     
  0.325000000000000       0.385000000000000        3.27321655314425     
  0.325000000000000       0.395000000000000        3.27323797720955     
  0.325000000000000       0.405000000000000        3.27324052491763     
  0.325000000000000       0.415000000000000        3.27324052255979     
  0.325000000000000       0.425000000000000        3.27324050290619     
  0.325000000000000       0.435000000000000        3.27324050244165     
  0.325000000000000       0.445000000000000        3.27324050245198     
  0.325000000000000       0.455000000000000        3.27324050245242     
  0.325000000000000       0.465000000000000        3.27324050245246     
  0.325000000000000       0.475000000000000        3.27324050245247     
  0.325000000000000       0.485000000000000        3.27324050245247     
  0.325000000000000       0.495000000000000        3.27324050245248     
  0.335000000000000      -0.495000000000000       0.999999999999992     
  0.335000000000000      -0.485000000000000       0.999999999999993     
  0.335000000000000      -0.475000000000000       0.999999999999992     
  0.335000000000000      -0.465000000000000       0.999999999999984     
  0.335000000000000      -0.455000000000000       0.999999999999989     
  0.335000000000000      -0.445000000000000       0.999999999999991     
  0.335000000000000      -0.435000000000000       0.999999999999992     
  0.335000000000000      -0.425000000000000       0.999999999999993     
  0.335000000000000      -0.415000000000000       0.999999999999984     
  0.335000000000000      -0.405000000000000       0.999999999999988     
  0.335000000000000      -0.395000000000000       0.999999999999995     
  0.335000000000000      -0.385000000000000       0.999999999999990     
  0.335000000000000      -0.375000000000000       0.999999999999991     
  0.335000000000000      -0.365000000000000       0.999999999999992     
  0.335000000000000      -0.355000000000000       0.999999999999994     
  0.335000000000000      -0.345000000000000       0.999999999999992     
  0.335000000000000      -0.335000000000000       0.999999999999991     
  0.335000000000000      -0.325000000000000       0.999999999999984     
  0.335000000000000      -0.315000000000000       0.999999999999991     
  0.335000000000000      -0.305000000000000       0.999999999999992     
  0.335000000000000      -0.295000000000000       0.999999999999986     
  0.335000000000000      -0.285000000000000       0.999999999999987     
  0.335000000000000      -0.275000000000000       0.999999999999993     
  0.335000000000000      -0.265000000000000       0.999999999999993     
  0.335000000000000      -0.255000000000000       0.999999999999993     
  0.335000000000000      -0.245000000000000       0.999999999999993     
  0.335000000000000      -0.235000000000000       0.999999999999993     
  0.335000000000000      -0.225000000000000       0.999999999999993     
  0.335000000000000      -0.215000000000000       0.999999999999986     
  0.335000000000000      -0.205000000000000       0.999999999999994     
  0.335000000000000      -0.195000000000000       0.999999999999993     
  0.335000000000000      -0.185000000000000       0.999999999999992     
  0.335000000000000      -0.175000000000000       0.999999999999993     
  0.335000000000000      -0.165000000000000       0.999999999999993     
  0.335000000000000      -0.155000000000000       0.999999999999994     
  0.335000000000000      -0.145000000000000       0.999999999999984     
  0.335000000000000      -0.135000000000000       0.999999999999988     
  0.335000000000000      -0.125000000000000       0.999999999999992     
  0.335000000000000      -0.115000000000000       0.999999999999991     
  0.335000000000000      -0.105000000000000       0.999999999999991     
  0.335000000000000      -9.499999999999997E-002  0.999999999999992     
  0.335000000000000      -8.500000000000002E-002  0.999999999999984     
  0.335000000000000      -7.500000000000001E-002  0.999999999999989     
  0.335000000000000      -6.500000000000000E-002  0.999999999999992     
  0.335000000000000      -5.499999999999999E-002  0.999999999999991     
  0.335000000000000      -4.499999999999998E-002  0.999999999999990     
  0.335000000000000      -3.499999999999997E-002  0.999999999999991     
  0.335000000000000      -2.500000000000002E-002  0.999999999999984     
  0.335000000000000      -1.500000000000001E-002  0.999999999999989     
  0.335000000000000      -5.000000000000000E-003  0.999999999999991     
  0.335000000000000       5.000000000000009E-003  0.999999999999988     
  0.335000000000000       1.500000000000002E-002  0.999999999999998     
  0.335000000000000       2.500000000000003E-002   1.00000000000904     
  0.335000000000000       3.500000000000004E-002   1.00000000031421     
  0.335000000000000       4.500000000000005E-002   1.00000007086236     
  0.335000000000000       5.500000000000006E-002   1.00001480097951     
  0.335000000000000       6.500000000000006E-002   1.00050713524288     
  0.335000000000000       7.499999999999996E-002   1.00505406150872     
  0.335000000000000       8.499999999999996E-002   1.02388135509173     
  0.335000000000000       9.499999999999997E-002   1.06910685310039     
  0.335000000000000       0.105000000000000        1.13852650456728     
  0.335000000000000       0.115000000000000        1.21897351842519     
  0.335000000000000       0.125000000000000        1.30438211012394     
  0.335000000000000       0.135000000000000        1.39236754302893     
  0.335000000000000       0.145000000000000        1.48161614420464     
  0.335000000000000       0.155000000000000        1.57151871876640     
  0.335000000000000       0.165000000000000        1.66206587964101     
  0.335000000000000       0.175000000000000        1.75371315891756     
  0.335000000000000       0.185000000000000        1.84679491815268     
  0.335000000000000       0.195000000000000        1.94159685783765     
  0.335000000000000       0.205000000000000        2.03801508482040     
  0.335000000000000       0.215000000000000        2.13605853597806     
  0.335000000000000       0.225000000000000        2.23645640106765     
  0.335000000000000       0.235000000000000        2.35273021142617     
  0.335000000000000       0.245000000000000        2.45632369566979     
  0.335000000000000       0.255000000000000        2.55734099306147     
  0.335000000000000       0.265000000000000        2.65733611284144     
  0.335000000000000       0.275000000000000        2.75658909812274     
  0.335000000000000       0.285000000000000        2.85523749843844     
  0.335000000000000       0.295000000000000        2.95336782849732     
  0.335000000000000       0.305000000000000        3.05157273831784     
  0.335000000000000       0.315000000000000        3.14877035685334     
  0.335000000000000       0.325000000000000        3.23860549449700     
  0.335000000000000       0.335000000000000        3.31189102068689     
  0.335000000000000       0.345000000000000        3.35432873041664     
  0.335000000000000       0.355000000000000        3.36595664282657     
  0.335000000000000       0.365000000000000        3.36621394319168     
  0.335000000000000       0.375000000000000        3.36518090950556     
  0.335000000000000       0.385000000000000        3.36475754653137     
  0.335000000000000       0.395000000000000        3.36471671233891     
  0.335000000000000       0.405000000000000        3.36472815103351     
  0.335000000000000       0.415000000000000        3.36472985581768     
  0.335000000000000       0.425000000000000        3.36472982860485     
  0.335000000000000       0.435000000000000        3.36472981732975     
  0.335000000000000       0.445000000000000        3.36472981688669     
  0.335000000000000       0.455000000000000        3.36472981688557     
  0.335000000000000       0.465000000000000        3.36472981688583     
  0.335000000000000       0.475000000000000        3.36472981688583     
  0.335000000000000       0.485000000000000        3.36472981688584     
  0.335000000000000       0.495000000000000        3.36472981688585     
  0.345000000000000      -0.495000000000000        1.00000000000000     
  0.345000000000000      -0.485000000000000        1.00000000000000     
  0.345000000000000      -0.475000000000000        1.00000000000000     
  0.345000000000000      -0.465000000000000       0.999999999999995     
  0.345000000000000      -0.455000000000000       0.999999999999999     
  0.345000000000000      -0.445000000000000        1.00000000000000     
  0.345000000000000      -0.435000000000000        1.00000000000000     
  0.345000000000000      -0.425000000000000       0.999999999999997     
  0.345000000000000      -0.415000000000000       0.999999999999998     
  0.345000000000000      -0.405000000000000       0.999999999999997     
  0.345000000000000      -0.395000000000000        1.00000000000000     
  0.345000000000000      -0.385000000000000        1.00000000000000     
  0.345000000000000      -0.375000000000000        1.00000000000000     
  0.345000000000000      -0.365000000000000        1.00000000000000     
  0.345000000000000      -0.355000000000000        1.00000000000000     
  0.345000000000000      -0.345000000000000        1.00000000000000     
  0.345000000000000      -0.335000000000000        1.00000000000000     
  0.345000000000000      -0.325000000000000       0.999999999999997     
  0.345000000000000      -0.315000000000000       0.999999999999999     
  0.345000000000000      -0.305000000000000       0.999999999999997     
  0.345000000000000      -0.295000000000000       0.999999999999997     
  0.345000000000000      -0.285000000000000       0.999999999999999     
  0.345000000000000      -0.275000000000000       0.999999999999999     
  0.345000000000000      -0.265000000000000        1.00000000000000     
  0.345000000000000      -0.255000000000000        1.00000000000000     
  0.345000000000000      -0.245000000000000        1.00000000000000     
  0.345000000000000      -0.235000000000000        1.00000000000000     
  0.345000000000000      -0.225000000000000        1.00000000000000     
  0.345000000000000      -0.215000000000000       0.999999999999995     
  0.345000000000000      -0.205000000000000        1.00000000000001     
  0.345000000000000      -0.195000000000000        1.00000000000000     
  0.345000000000000      -0.185000000000000        1.00000000000000     
  0.345000000000000      -0.175000000000000       0.999999999999998     
  0.345000000000000      -0.165000000000000        1.00000000000000     
  0.345000000000000      -0.155000000000000       0.999999999999999     
  0.345000000000000      -0.145000000000000       0.999999999999996     
  0.345000000000000      -0.135000000000000       0.999999999999999     
  0.345000000000000      -0.125000000000000        1.00000000000000     
  0.345000000000000      -0.115000000000000        1.00000000000001     
  0.345000000000000      -0.105000000000000        1.00000000000001     
  0.345000000000000      -9.499999999999997E-002  0.999999999999998     
  0.345000000000000      -8.500000000000002E-002  0.999999999999998     
  0.345000000000000      -7.500000000000001E-002   1.00000000000000     
  0.345000000000000      -6.500000000000000E-002   1.00000000000000     
  0.345000000000000      -5.499999999999999E-002   1.00000000000000     
  0.345000000000000      -4.499999999999998E-002   1.00000000000001     
  0.345000000000000      -3.499999999999997E-002   1.00000000000000     
  0.345000000000000      -2.500000000000002E-002  0.999999999999996     
  0.345000000000000      -1.500000000000001E-002   1.00000000000000     
  0.345000000000000      -5.000000000000000E-003   1.00000000000000     
  0.345000000000000       5.000000000000009E-003   1.00000000000000     
  0.345000000000000       1.500000000000002E-002   1.00000000000011     
  0.345000000000000       2.500000000000003E-002   1.00000000000616     
  0.345000000000000       3.500000000000004E-002   1.00000000015127     
  0.345000000000000       4.500000000000005E-002   1.00000006842952     
  0.345000000000000       5.500000000000006E-002   1.00001463445885     
  0.345000000000000       6.500000000000006E-002   1.00050241898874     
  0.345000000000000       7.499999999999996E-002   1.00502209705193     
  0.345000000000000       8.499999999999996E-002   1.02379215928257     
  0.345000000000000       9.499999999999997E-002   1.06897332838021     
  0.345000000000000       0.105000000000000        1.13846201583150     
  0.345000000000000       0.115000000000000        1.21901357152558     
  0.345000000000000       0.125000000000000        1.30441654134838     
  0.345000000000000       0.135000000000000        1.39225825863426     
  0.345000000000000       0.145000000000000        1.48144865888616     
  0.345000000000000       0.155000000000000        1.57141890318407     
  0.345000000000000       0.165000000000000        1.66213158733625     
  0.345000000000000       0.175000000000000        1.75395271647719     
  0.345000000000000       0.185000000000000        1.84706050744973     
  0.345000000000000       0.195000000000000        1.94163568124928     
  0.345000000000000       0.205000000000000        2.03797586875754     
  0.345000000000000       0.215000000000000        2.13603110267312     
  0.345000000000000       0.225000000000000        2.23642802129751     
  0.345000000000000       0.235000000000000        2.35256797246370     
  0.345000000000000       0.245000000000000        2.45601962447494     
  0.345000000000000       0.255000000000000        2.55732237354854     
  0.345000000000000       0.265000000000000        2.65747532032716     
  0.345000000000000       0.275000000000000        2.75671568084238     
  0.345000000000000       0.285000000000000        2.85532665179931     
  0.345000000000000       0.295000000000000        2.95362645311508     
  0.345000000000000       0.305000000000000        3.05197030563699     
  0.345000000000000       0.315000000000000        3.14975121031426     
  0.345000000000000       0.325000000000000        3.24385290820869     
  0.345000000000000       0.335000000000000        3.33159289358026     
  0.345000000000000       0.345000000000000        3.40420065815031     
  0.345000000000000       0.355000000000000        3.44722350502597     
  0.345000000000000       0.365000000000000        3.45910036052748     
  0.345000000000000       0.375000000000000        3.45941251314435     
  0.345000000000000       0.385000000000000        3.45825334527275     
  0.345000000000000       0.395000000000000        3.45779290123872     
  0.345000000000000       0.405000000000000        3.45774235352251     
  0.345000000000000       0.415000000000000        3.45774763805943     
  0.345000000000000       0.425000000000000        3.45774887766612     
  0.345000000000000       0.435000000000000        3.45774894955610     
  0.345000000000000       0.445000000000000        3.45774894967910     
  0.345000000000000       0.455000000000000        3.45774894954701     
  0.345000000000000       0.465000000000000        3.45774894954236     
  0.345000000000000       0.475000000000000        3.45774894954230     
  0.345000000000000       0.485000000000000        3.45774894954230     
  0.345000000000000       0.495000000000000        3.45774894954230     
  0.355000000000000      -0.495000000000000        1.00000000000000     
  0.355000000000000      -0.485000000000000        1.00000000000000     
  0.355000000000000      -0.475000000000000        1.00000000000000     
  0.355000000000000      -0.465000000000000       0.999999999999996     
  0.355000000000000      -0.455000000000000        1.00000000000000     
  0.355000000000000      -0.445000000000000        1.00000000000000     
  0.355000000000000      -0.435000000000000       0.999999999999998     
  0.355000000000000      -0.425000000000000       0.999999999999999     
  0.355000000000000      -0.415000000000000       0.999999999999997     
  0.355000000000000      -0.405000000000000        1.00000000000000     
  0.355000000000000      -0.395000000000000       0.999999999999998     
  0.355000000000000      -0.385000000000000       0.999999999999998     
  0.355000000000000      -0.375000000000000       0.999999999999999     
  0.355000000000000      -0.365000000000000        1.00000000000000     
  0.355000000000000      -0.355000000000000        1.00000000000000     
  0.355000000000000      -0.345000000000000        1.00000000000000     
  0.355000000000000      -0.335000000000000        1.00000000000000     
  0.355000000000000      -0.325000000000000       0.999999999999998     
  0.355000000000000      -0.315000000000000        1.00000000000000     
  0.355000000000000      -0.305000000000000       0.999999999999997     
  0.355000000000000      -0.295000000000000       0.999999999999995     
  0.355000000000000      -0.285000000000000        1.00000000000000     
  0.355000000000000      -0.275000000000000       0.999999999999998     
  0.355000000000000      -0.265000000000000       0.999999999999997     
  0.355000000000000      -0.255000000000000       0.999999999999995     
  0.355000000000000      -0.245000000000000        1.00000000000000     
  0.355000000000000      -0.235000000000000        1.00000000000000     
  0.355000000000000      -0.225000000000000        1.00000000000000     
  0.355000000000000      -0.215000000000000       0.999999999999997     
  0.355000000000000      -0.205000000000000        1.00000000000000     
  0.355000000000000      -0.195000000000000        1.00000000000000     
  0.355000000000000      -0.185000000000000       0.999999999999997     
  0.355000000000000      -0.175000000000000       0.999999999999998     
  0.355000000000000      -0.165000000000000       0.999999999999995     
  0.355000000000000      -0.155000000000000       0.999999999999999     
  0.355000000000000      -0.145000000000000       0.999999999999995     
  0.355000000000000      -0.135000000000000        1.00000000000000     
  0.355000000000000      -0.125000000000000        1.00000000000000     
  0.355000000000000      -0.115000000000000        1.00000000000001     
  0.355000000000000      -0.105000000000000        1.00000000000001     
  0.355000000000000      -9.499999999999997E-002  0.999999999999998     
  0.355000000000000      -8.500000000000002E-002  0.999999999999995     
  0.355000000000000      -7.500000000000001E-002   1.00000000000000     
  0.355000000000000      -6.500000000000000E-002  0.999999999999998     
  0.355000000000000      -5.499999999999999E-002   1.00000000000001     
  0.355000000000000      -4.499999999999998E-002   1.00000000000001     
  0.355000000000000      -3.499999999999997E-002   1.00000000000000     
  0.355000000000000      -2.500000000000002E-002  0.999999999999996     
  0.355000000000000      -1.500000000000001E-002   1.00000000000000     
  0.355000000000000      -5.000000000000000E-003  0.999999999999998     
  0.355000000000000       5.000000000000009E-003  0.999999999999998     
  0.355000000000000       1.500000000000002E-002   1.00000000000001     
  0.355000000000000       2.500000000000003E-002   1.00000000000007     
  0.355000000000000       3.500000000000004E-002  0.999999999892628     
  0.355000000000000       4.500000000000005E-002   1.00000006659813     
  0.355000000000000       5.500000000000006E-002   1.00001459237385     
  0.355000000000000       6.500000000000006E-002   1.00050115591406     
  0.355000000000000       7.499999999999996E-002   1.00501474224833     
  0.355000000000000       8.499999999999996E-002   1.02375828600175     
  0.355000000000000       9.499999999999997E-002   1.06890771555278     
  0.355000000000000       0.105000000000000        1.13831976458083     
  0.355000000000000       0.115000000000000        1.21892528405678     
  0.355000000000000       0.125000000000000        1.30441387590599     
  0.355000000000000       0.135000000000000        1.39224749926927     
  0.355000000000000       0.145000000000000        1.48134535796627     
  0.355000000000000       0.155000000000000        1.57132574913273     
  0.355000000000000       0.165000000000000        1.66212031271131     
  0.355000000000000       0.175000000000000        1.75400107161263     
  0.355000000000000       0.185000000000000        1.84723649238083     
  0.355000000000000       0.195000000000000        1.94187086690697     
  0.355000000000000       0.205000000000000        2.03799883242290     
  0.355000000000000       0.215000000000000        2.13599492535200     
  0.355000000000000       0.225000000000000        2.23642137066138     
  0.355000000000000       0.235000000000000        2.35257417227724     
  0.355000000000000       0.245000000000000        2.45570602100554     
  0.355000000000000       0.255000000000000        2.55699228489272     
  0.355000000000000       0.265000000000000        2.65745364858700     
  0.355000000000000       0.275000000000000        2.75682615091750     
  0.355000000000000       0.285000000000000        2.85544089060074     
  0.355000000000000       0.295000000000000        2.95378510268745     
  0.355000000000000       0.305000000000000        3.05229411923153     
  0.355000000000000       0.315000000000000        3.15036953060252     
  0.355000000000000       0.325000000000000        3.24497352174027     
  0.355000000000000       0.335000000000000        3.33689699250937     
  0.355000000000000       0.345000000000000        3.42298853760622     
  0.355000000000000       0.355000000000000        3.49490278813874     
  0.355000000000000       0.365000000000000        3.53909238606152     
  0.355000000000000       0.375000000000000        3.55199613879599     
  0.355000000000000       0.385000000000000        3.55261107701131     
  0.355000000000000       0.395000000000000        3.55152217198833     
  0.355000000000000       0.405000000000000        3.55117275507113     
  0.355000000000000       0.415000000000000        3.55114099810785     
  0.355000000000000       0.425000000000000        3.55114403607297     
  0.355000000000000       0.435000000000000        3.55114452234049     
  0.355000000000000       0.445000000000000        3.55114455040462     
  0.355000000000000       0.455000000000000        3.55114455098987     
  0.355000000000000       0.465000000000000        3.55114455098555     
  0.355000000000000       0.475000000000000        3.55114455098516     
  0.355000000000000       0.485000000000000        3.55114455098514     
  0.355000000000000       0.495000000000000        3.55114455098514     
  0.365000000000000      -0.495000000000000        1.00000000000000     
  0.365000000000000      -0.485000000000000        1.00000000000000     
  0.365000000000000      -0.475000000000000        1.00000000000000     
  0.365000000000000      -0.465000000000000       0.999999999999999     
  0.365000000000000      -0.455000000000000        1.00000000000000     
  0.365000000000000      -0.445000000000000        1.00000000000001     
  0.365000000000000      -0.435000000000000        1.00000000000000     
  0.365000000000000      -0.425000000000000        1.00000000000000     
  0.365000000000000      -0.415000000000000       0.999999999999995     
  0.365000000000000      -0.405000000000000        1.00000000000000     
  0.365000000000000      -0.395000000000000       0.999999999999998     
  0.365000000000000      -0.385000000000000        1.00000000000000     
  0.365000000000000      -0.375000000000000        1.00000000000000     
  0.365000000000000      -0.365000000000000        1.00000000000000     
  0.365000000000000      -0.355000000000000        1.00000000000000     
  0.365000000000000      -0.345000000000000        1.00000000000000     
  0.365000000000000      -0.335000000000000        1.00000000000000     
  0.365000000000000      -0.325000000000000       0.999999999999996     
  0.365000000000000      -0.315000000000000        1.00000000000000     
  0.365000000000000      -0.305000000000000        1.00000000000000     
  0.365000000000000      -0.295000000000000       0.999999999999994     
  0.365000000000000      -0.285000000000000        1.00000000000000     
  0.365000000000000      -0.275000000000000        1.00000000000000     
  0.365000000000000      -0.265000000000000        1.00000000000000     
  0.365000000000000      -0.255000000000000       0.999999999999998     
  0.365000000000000      -0.245000000000000        1.00000000000000     
  0.365000000000000      -0.235000000000000        1.00000000000000     
  0.365000000000000      -0.225000000000000        1.00000000000000     
  0.365000000000000      -0.215000000000000       0.999999999999999     
  0.365000000000000      -0.205000000000000        1.00000000000000     
  0.365000000000000      -0.195000000000000        1.00000000000000     
  0.365000000000000      -0.185000000000000        1.00000000000000     
  0.365000000000000      -0.175000000000000        1.00000000000000     
  0.365000000000000      -0.165000000000000       0.999999999999999     
  0.365000000000000      -0.155000000000000        1.00000000000000     
  0.365000000000000      -0.145000000000000       0.999999999999994     
  0.365000000000000      -0.135000000000000        1.00000000000000     
  0.365000000000000      -0.125000000000000        1.00000000000000     
  0.365000000000000      -0.115000000000000        1.00000000000001     
  0.365000000000000      -0.105000000000000        1.00000000000000     
  0.365000000000000      -9.499999999999997E-002  0.999999999999999     
  0.365000000000000      -8.500000000000002E-002  0.999999999999994     
  0.365000000000000      -7.500000000000001E-002   1.00000000000000     
  0.365000000000000      -6.500000000000000E-002   1.00000000000000     
  0.365000000000000      -5.499999999999999E-002   1.00000000000000     
  0.365000000000000      -4.499999999999998E-002   1.00000000000000     
  0.365000000000000      -3.499999999999997E-002   1.00000000000000     
  0.365000000000000      -2.500000000000002E-002  0.999999999999994     
  0.365000000000000      -1.500000000000001E-002   1.00000000000000     
  0.365000000000000      -5.000000000000000E-003   1.00000000000000     
  0.365000000000000       5.000000000000009E-003  0.999999999999993     
  0.365000000000000       1.500000000000002E-002  0.999999999999898     
  0.365000000000000       2.500000000000003E-002  0.999999999990627     
  0.365000000000000       3.500000000000004E-002  0.999999999600558     
  0.365000000000000       4.500000000000005E-002   1.00000006326392     
  0.365000000000000       5.500000000000006E-002   1.00001438016915     
  0.365000000000000       6.500000000000006E-002   1.00049585657290     
  0.365000000000000       7.499999999999996E-002   1.00499163632394     
  0.365000000000000       8.499999999999996E-002   1.02373108223175     
  0.365000000000000       9.499999999999997E-002   1.06886334506440     
  0.365000000000000       0.105000000000000        1.13830626308580     
  0.365000000000000       0.115000000000000        1.21888023331299     
  0.365000000000000       0.125000000000000        1.30438524094293     
  0.365000000000000       0.135000000000000        1.39227535907609     
  0.365000000000000       0.145000000000000        1.48142120385406     
  0.365000000000000       0.155000000000000        1.57136476702847     
  0.365000000000000       0.165000000000000        1.66213600636678     
  0.365000000000000       0.175000000000000        1.75404890566943     
  0.365000000000000       0.185000000000000        1.84731562534350     
  0.365000000000000       0.195000000000000        1.94204384754996     
  0.365000000000000       0.205000000000000        2.03819875318781     
  0.365000000000000       0.215000000000000        2.13598919385075     
  0.365000000000000       0.225000000000000        2.23639779219161     
  0.365000000000000       0.235000000000000        2.35254767659701     
  0.365000000000000       0.245000000000000        2.45568949496841     
  0.365000000000000       0.255000000000000        2.55661865017830     
  0.365000000000000       0.265000000000000        2.65704520629064     
  0.365000000000000       0.275000000000000        2.75676502023303     
  0.365000000000000       0.285000000000000        2.85559038548239     
  0.365000000000000       0.295000000000000        2.95400112661519     
  0.365000000000000       0.305000000000000        3.05253940833827     
  0.365000000000000       0.315000000000000        3.15056407216005     
  0.365000000000000       0.325000000000000        3.24513900783920     
  0.365000000000000       0.335000000000000        3.33786667688685     
  0.365000000000000       0.345000000000000        3.42804587387623     
  0.365000000000000       0.355000000000000        3.51256075966114     
  0.365000000000000       0.365000000000000        3.58391373326838     
  0.365000000000000       0.375000000000000        3.62944248885584     
  0.365000000000000       0.385000000000000        3.64371939732148     
  0.365000000000000       0.395000000000000        3.64472630853889     
  0.365000000000000       0.405000000000000        3.64410669216136     
  0.365000000000000       0.415000000000000        3.64389190070174     
  0.365000000000000       0.425000000000000        3.64386072948818     
  0.365000000000000       0.435000000000000        3.64385996316879     
  0.365000000000000       0.445000000000000        3.64386004718423     
  0.365000000000000       0.455000000000000        3.64386005566486     
  0.365000000000000       0.465000000000000        3.64386005597704     
  0.365000000000000       0.475000000000000        3.64386005598197     
  0.365000000000000       0.485000000000000        3.64386005598199     
  0.365000000000000       0.495000000000000        3.64386005598198     
  0.375000000000000      -0.495000000000000        1.00000000000000     
  0.375000000000000      -0.485000000000000        1.00000000000000     
  0.375000000000000      -0.475000000000000        1.00000000000000     
  0.375000000000000      -0.465000000000000       0.999999999999997     
  0.375000000000000      -0.455000000000000        1.00000000000001     
  0.375000000000000      -0.445000000000000        1.00000000000001     
  0.375000000000000      -0.435000000000000        1.00000000000000     
  0.375000000000000      -0.425000000000000        1.00000000000001     
  0.375000000000000      -0.415000000000000       0.999999999999997     
  0.375000000000000      -0.405000000000000        1.00000000000000     
  0.375000000000000      -0.395000000000000       0.999999999999999     
  0.375000000000000      -0.385000000000000        1.00000000000000     
  0.375000000000000      -0.375000000000000        1.00000000000000     
  0.375000000000000      -0.365000000000000        1.00000000000000     
  0.375000000000000      -0.355000000000000        1.00000000000000     
  0.375000000000000      -0.345000000000000        1.00000000000000     
  0.375000000000000      -0.335000000000000        1.00000000000000     
  0.375000000000000      -0.325000000000000       0.999999999999996     
  0.375000000000000      -0.315000000000000        1.00000000000000     
  0.375000000000000      -0.305000000000000        1.00000000000001     
  0.375000000000000      -0.295000000000000       0.999999999999998     
  0.375000000000000      -0.285000000000000       0.999999999999999     
  0.375000000000000      -0.275000000000000        1.00000000000000     
  0.375000000000000      -0.265000000000000        1.00000000000000     
  0.375000000000000      -0.255000000000000        1.00000000000000     
  0.375000000000000      -0.245000000000000        1.00000000000000     
  0.375000000000000      -0.235000000000000        1.00000000000000     
  0.375000000000000      -0.225000000000000        1.00000000000000     
  0.375000000000000      -0.215000000000000       0.999999999999997     
  0.375000000000000      -0.205000000000000        1.00000000000000     
  0.375000000000000      -0.195000000000000        1.00000000000000     
  0.375000000000000      -0.185000000000000        1.00000000000000     
  0.375000000000000      -0.175000000000000        1.00000000000000     
  0.375000000000000      -0.165000000000000        1.00000000000000     
  0.375000000000000      -0.155000000000000        1.00000000000000     
  0.375000000000000      -0.145000000000000       0.999999999999994     
  0.375000000000000      -0.135000000000000        1.00000000000000     
  0.375000000000000      -0.125000000000000        1.00000000000000     
  0.375000000000000      -0.115000000000000        1.00000000000000     
  0.375000000000000      -0.105000000000000        1.00000000000000     
  0.375000000000000      -9.499999999999997E-002   1.00000000000000     
  0.375000000000000      -8.500000000000002E-002  0.999999999999994     
  0.375000000000000      -7.500000000000001E-002  0.999999999999999     
  0.375000000000000      -6.500000000000000E-002   1.00000000000000     
  0.375000000000000      -5.499999999999999E-002   1.00000000000000     
  0.375000000000000      -4.499999999999998E-002   1.00000000000001     
  0.375000000000000      -3.499999999999997E-002   1.00000000000000     
  0.375000000000000      -2.500000000000002E-002  0.999999999999994     
  0.375000000000000      -1.500000000000001E-002   1.00000000000000     
  0.375000000000000      -5.000000000000000E-003   1.00000000000000     
  0.375000000000000       5.000000000000009E-003   1.00000000000001     
  0.375000000000000       1.500000000000002E-002   1.00000000000003     
  0.375000000000000       2.500000000000003E-002  0.999999999982899     
  0.375000000000000       3.500000000000004E-002  0.999999999523123     
  0.375000000000000       4.500000000000005E-002   1.00000004936735     
  0.375000000000000       5.500000000000006E-002   1.00001268463798     
  0.375000000000000       6.500000000000006E-002   1.00045266703999     
  0.375000000000000       7.499999999999996E-002   1.00475216160685     
  0.375000000000000       8.499999999999996E-002   1.02322589747459     
  0.375000000000000       9.499999999999997E-002   1.06850113210195     
  0.375000000000000       0.105000000000000        1.13825077054132     
  0.375000000000000       0.115000000000000        1.21890952893192     
  0.375000000000000       0.125000000000000        1.30439147420229     
  0.375000000000000       0.135000000000000        1.39224387044674     
  0.375000000000000       0.145000000000000        1.48126518854708     
  0.375000000000000       0.155000000000000        1.57111854713549     
  0.375000000000000       0.165000000000000        1.66192763912137     
  0.375000000000000       0.175000000000000        1.75393212940301     
  0.375000000000000       0.185000000000000        1.84735594635243     
  0.375000000000000       0.195000000000000        1.94213963426614     
  0.375000000000000       0.205000000000000        2.03838153487212     
  0.375000000000000       0.215000000000000        2.13612984885459     
  0.375000000000000       0.225000000000000        2.23636698975003     
  0.375000000000000       0.235000000000000        2.35250382828720     
  0.375000000000000       0.245000000000000        2.45566572890434     
  0.375000000000000       0.255000000000000        2.55661362232240     
  0.375000000000000       0.265000000000000        2.65662286975704     
  0.375000000000000       0.275000000000000        2.75628818927247     
  0.375000000000000       0.285000000000000        2.85548484367578     
  0.375000000000000       0.295000000000000        2.95410962510924     
  0.375000000000000       0.305000000000000        3.05287605625313     
  0.375000000000000       0.315000000000000        3.15073728520495     
  0.375000000000000       0.325000000000000        3.24521855783530     
  0.375000000000000       0.335000000000000        3.33806658686466     
  0.375000000000000       0.345000000000000        3.42904636720076     
  0.375000000000000       0.355000000000000        3.51741930902869     
  0.375000000000000       0.365000000000000        3.60045682308798     
  0.375000000000000       0.375000000000000        3.67141064433343     
  0.375000000000000       0.385000000000000        3.71807826075001     
  0.375000000000000       0.395000000000000        3.73327833277425     
  0.375000000000000       0.405000000000000        3.73502742440616     
  0.375000000000000       0.415000000000000        3.73464236032249     
  0.375000000000000       0.425000000000000        3.73449126559793     
  0.375000000000000       0.435000000000000        3.73447746344698     
  0.375000000000000       0.445000000000000        3.73447679630519     
  0.375000000000000       0.455000000000000        3.73447678502363     
  0.375000000000000       0.465000000000000        3.73447678529242     
  0.375000000000000       0.475000000000000        3.73447678530425     
  0.375000000000000       0.485000000000000        3.73447678530437     
  0.375000000000000       0.495000000000000        3.73447678530436     
  0.385000000000000      -0.495000000000000        1.00000000000000     
  0.385000000000000      -0.485000000000000        1.00000000000000     
  0.385000000000000      -0.475000000000000        1.00000000000000     
  0.385000000000000      -0.465000000000000       0.999999999999996     
  0.385000000000000      -0.455000000000000        1.00000000000001     
  0.385000000000000      -0.445000000000000        1.00000000000000     
  0.385000000000000      -0.435000000000000        1.00000000000000     
  0.385000000000000      -0.425000000000000        1.00000000000001     
  0.385000000000000      -0.415000000000000        1.00000000000000     
  0.385000000000000      -0.405000000000000        1.00000000000000     
  0.385000000000000      -0.395000000000000        1.00000000000000     
  0.385000000000000      -0.385000000000000        1.00000000000000     
  0.385000000000000      -0.375000000000000        1.00000000000000     
  0.385000000000000      -0.365000000000000        1.00000000000000     
  0.385000000000000      -0.355000000000000        1.00000000000000     
  0.385000000000000      -0.345000000000000        1.00000000000000     
  0.385000000000000      -0.335000000000000        1.00000000000000     
  0.385000000000000      -0.325000000000000        1.00000000000000     
  0.385000000000000      -0.315000000000000        1.00000000000000     
  0.385000000000000      -0.305000000000000        1.00000000000001     
  0.385000000000000      -0.295000000000000       0.999999999999999     
  0.385000000000000      -0.285000000000000       0.999999999999998     
  0.385000000000000      -0.275000000000000        1.00000000000000     
  0.385000000000000      -0.265000000000000        1.00000000000001     
  0.385000000000000      -0.255000000000000        1.00000000000000     
  0.385000000000000      -0.245000000000000        1.00000000000000     
  0.385000000000000      -0.235000000000000        1.00000000000000     
  0.385000000000000      -0.225000000000000        1.00000000000000     
  0.385000000000000      -0.215000000000000       0.999999999999999     
  0.385000000000000      -0.205000000000000        1.00000000000001     
  0.385000000000000      -0.195000000000000        1.00000000000000     
  0.385000000000000      -0.185000000000000        1.00000000000000     
  0.385000000000000      -0.175000000000000        1.00000000000000     
  0.385000000000000      -0.165000000000000        1.00000000000000     
  0.385000000000000      -0.155000000000000        1.00000000000001     
  0.385000000000000      -0.145000000000000       0.999999999999995     
  0.385000000000000      -0.135000000000000        1.00000000000000     
  0.385000000000000      -0.125000000000000        1.00000000000000     
  0.385000000000000      -0.115000000000000        1.00000000000000     
  0.385000000000000      -0.105000000000000        1.00000000000000     
  0.385000000000000      -9.499999999999997E-002   1.00000000000000     
  0.385000000000000      -8.500000000000002E-002  0.999999999999995     
  0.385000000000000      -7.500000000000001E-002   1.00000000000000     
  0.385000000000000      -6.500000000000000E-002   1.00000000000000     
  0.385000000000000      -5.499999999999999E-002   1.00000000000000     
  0.385000000000000      -4.499999999999998E-002   1.00000000000001     
  0.385000000000000      -3.499999999999997E-002   1.00000000000000     
  0.385000000000000      -2.500000000000002E-002  0.999999999999995     
  0.385000000000000      -1.500000000000001E-002   1.00000000000000     
  0.385000000000000      -5.000000000000000E-003   1.00000000000000     
  0.385000000000000       5.000000000000009E-003   1.00000000000001     
  0.385000000000000       1.500000000000002E-002  0.999999999999981     
  0.385000000000000       2.500000000000003E-002  0.999999999990764     
  0.385000000000000       3.500000000000004E-002  0.999999999828063     
  0.385000000000000       4.500000000000005E-002   1.00000002975408     
  0.385000000000000       5.500000000000006E-002   1.00000993726683     
  0.385000000000000       6.500000000000006E-002   1.00037816339684     
  0.385000000000000       7.499999999999996E-002   1.00429804733775     
  0.385000000000000       8.499999999999996E-002   1.02204213317384     
  0.385000000000000       9.499999999999997E-002   1.06700974737979     
  0.385000000000000       0.105000000000000        1.13747895488078     
  0.385000000000000       0.115000000000000        1.21878641767735     
  0.385000000000000       0.125000000000000        1.30444282264516     
  0.385000000000000       0.135000000000000        1.39233276210668     
  0.385000000000000       0.145000000000000        1.48143881251917     
  0.385000000000000       0.155000000000000        1.57127986619515     
  0.385000000000000       0.165000000000000        1.66191735916981     
  0.385000000000000       0.175000000000000        1.75384445842526     
  0.385000000000000       0.185000000000000        1.84722684974074     
  0.385000000000000       0.195000000000000        1.94215307270613     
  0.385000000000000       0.205000000000000        2.03849119611327     
  0.385000000000000       0.215000000000000        2.13631922306652     
  0.385000000000000       0.225000000000000        2.23642316341840     
  0.385000000000000       0.235000000000000        2.35249990106103     
  0.385000000000000       0.245000000000000        2.45563905180589     
  0.385000000000000       0.255000000000000        2.55659274232211     
  0.385000000000000       0.265000000000000        2.65665671287622     
  0.385000000000000       0.275000000000000        2.75588736455358     
  0.385000000000000       0.285000000000000        2.85487933950846     
  0.385000000000000       0.295000000000000        2.95376790450791     
  0.385000000000000       0.305000000000000        3.05298332972345     
  0.385000000000000       0.315000000000000        3.15105331773863     
  0.385000000000000       0.325000000000000        3.24540845914904     
  0.385000000000000       0.335000000000000        3.33824746513607     
  0.385000000000000       0.345000000000000        3.42938397515058     
  0.385000000000000       0.355000000000000        3.51851022226604     
  0.385000000000000       0.365000000000000        3.60496121303045     
  0.385000000000000       0.375000000000000        3.68631263874794     
  0.385000000000000       0.385000000000000        3.75687270762268     
  0.385000000000000       0.395000000000000        3.80583031690408     
  0.385000000000000       0.405000000000000        3.81951279503160     
  0.385000000000000       0.415000000000000        3.82068667626003     
  0.385000000000000       0.425000000000000        3.82052575926920     
  0.385000000000000       0.435000000000000        3.82047694465747     
  0.385000000000000       0.445000000000000        3.82047174596788     
  0.385000000000000       0.455000000000000        3.82047144317920     
  0.385000000000000       0.465000000000000        3.82047143356651     
  0.385000000000000       0.475000000000000        3.82047143343938     
  0.385000000000000       0.485000000000000        3.82047143343948     
  0.385000000000000       0.495000000000000        3.82047143343946     
  0.395000000000000      -0.495000000000000        1.00000000000000     
  0.395000000000000      -0.485000000000000        1.00000000000000     
  0.395000000000000      -0.475000000000000        1.00000000000000     
  0.395000000000000      -0.465000000000000       0.999999999999997     
  0.395000000000000      -0.455000000000000        1.00000000000000     
  0.395000000000000      -0.445000000000000        1.00000000000000     
  0.395000000000000      -0.435000000000000        1.00000000000000     
  0.395000000000000      -0.425000000000000        1.00000000000000     
  0.395000000000000      -0.415000000000000       0.999999999999999     
  0.395000000000000      -0.405000000000000        1.00000000000000     
  0.395000000000000      -0.395000000000000        1.00000000000000     
  0.395000000000000      -0.385000000000000        1.00000000000000     
  0.395000000000000      -0.375000000000000        1.00000000000001     
  0.395000000000000      -0.365000000000000        1.00000000000000     
  0.395000000000000      -0.355000000000000        1.00000000000000     
  0.395000000000000      -0.345000000000000        1.00000000000001     
  0.395000000000000      -0.335000000000000        1.00000000000000     
  0.395000000000000      -0.325000000000000       0.999999999999997     
  0.395000000000000      -0.315000000000000        1.00000000000000     
  0.395000000000000      -0.305000000000000        1.00000000000001     
  0.395000000000000      -0.295000000000000       0.999999999999998     
  0.395000000000000      -0.285000000000000        1.00000000000000     
  0.395000000000000      -0.275000000000000        1.00000000000000     
  0.395000000000000      -0.265000000000000        1.00000000000000     
  0.395000000000000      -0.255000000000000        1.00000000000000     
  0.395000000000000      -0.245000000000000        1.00000000000000     
  0.395000000000000      -0.235000000000000        1.00000000000000     
  0.395000000000000      -0.225000000000000        1.00000000000000     
  0.395000000000000      -0.215000000000000        1.00000000000000     
  0.395000000000000      -0.205000000000000        1.00000000000001     
  0.395000000000000      -0.195000000000000        1.00000000000000     
  0.395000000000000      -0.185000000000000        1.00000000000000     
  0.395000000000000      -0.175000000000000        1.00000000000000     
  0.395000000000000      -0.165000000000000        1.00000000000000     
  0.395000000000000      -0.155000000000000        1.00000000000001     
  0.395000000000000      -0.145000000000000       0.999999999999996     
  0.395000000000000      -0.135000000000000        1.00000000000000     
  0.395000000000000      -0.125000000000000        1.00000000000000     
  0.395000000000000      -0.115000000000000        1.00000000000000     
  0.395000000000000      -0.105000000000000        1.00000000000000     
  0.395000000000000      -9.499999999999997E-002   1.00000000000000     
  0.395000000000000      -8.500000000000002E-002  0.999999999999997     
  0.395000000000000      -7.500000000000001E-002   1.00000000000000     
  0.395000000000000      -6.500000000000000E-002   1.00000000000000     
  0.395000000000000      -5.499999999999999E-002   1.00000000000000     
  0.395000000000000      -4.499999999999998E-002   1.00000000000000     
  0.395000000000000      -3.499999999999997E-002   1.00000000000000     
  0.395000000000000      -2.500000000000002E-002  0.999999999999996     
  0.395000000000000      -1.500000000000001E-002   1.00000000000000     
  0.395000000000000      -5.000000000000000E-003   1.00000000000000     
  0.395000000000000       5.000000000000009E-003   1.00000000000000     
  0.395000000000000       1.500000000000002E-002  0.999999999999980     
  0.395000000000000       2.500000000000003E-002  0.999999999998552     
  0.395000000000000       3.500000000000004E-002  0.999999999989649     
  0.395000000000000       4.500000000000005E-002   1.00000002220755     
  0.395000000000000       5.500000000000006E-002   1.00000871964522     
  0.395000000000000       6.500000000000006E-002   1.00034392074285     
  0.395000000000000       7.499999999999996E-002   1.00407010201204     
  0.395000000000000       8.499999999999996E-002   1.02132468324378     
  0.395000000000000       9.499999999999997E-002   1.06566587847837     
  0.395000000000000       0.105000000000000        1.13610350516387     
  0.395000000000000       0.115000000000000        1.21799425756282     
  0.395000000000000       0.125000000000000        1.30421005348650     
  0.395000000000000       0.135000000000000        1.39226920082317     
  0.395000000000000       0.145000000000000        1.48142862013128     
  0.395000000000000       0.155000000000000        1.57135778290843     
  0.395000000000000       0.165000000000000        1.66203642997571     
  0.395000000000000       0.175000000000000        1.75391001269970     
  0.395000000000000       0.185000000000000        1.84718224942901     
  0.395000000000000       0.195000000000000        1.94204766992801     
  0.395000000000000       0.205000000000000        2.03848390207236     
  0.395000000000000       0.215000000000000        2.13645293612515     
  0.395000000000000       0.225000000000000        2.23658660943026     
  0.395000000000000       0.235000000000000        2.35257626892621     
  0.395000000000000       0.245000000000000        2.45564866885388     
  0.395000000000000       0.255000000000000        2.55656782660423     
  0.395000000000000       0.265000000000000        2.65667220705473     
  0.395000000000000       0.275000000000000        2.75586681232657     
  0.395000000000000       0.285000000000000        2.85460429072448     
  0.395000000000000       0.295000000000000        2.95327649896924     
  0.395000000000000       0.305000000000000        3.05253879880394     
  0.395000000000000       0.315000000000000        3.15121200884000     
  0.395000000000000       0.325000000000000        3.24567366892306     
  0.395000000000000       0.335000000000000        3.33851176748114     
  0.395000000000000       0.345000000000000        3.42973194273240     
  0.395000000000000       0.355000000000000        3.51886379630517     
  0.395000000000000       0.365000000000000        3.60573392543798     
  0.395000000000000       0.375000000000000        3.69007037507687     
  0.395000000000000       0.385000000000000        3.77042305729198     
  0.395000000000000       0.395000000000000        3.84617258581381     
  0.395000000000000       0.405000000000000        3.88670405414432     
  0.395000000000000       0.415000000000000        3.89574313494177     
  0.395000000000000       0.425000000000000        3.89676349765697     
  0.395000000000000       0.435000000000000        3.89679257428768     
  0.395000000000000       0.445000000000000        3.89678754390005     
  0.395000000000000       0.455000000000000        3.89678690790607     
  0.395000000000000       0.465000000000000        3.89678687599040     
  0.395000000000000       0.475000000000000        3.89678687523148     
  0.395000000000000       0.485000000000000        3.89678687522556     
  0.395000000000000       0.495000000000000        3.89678687522551     
  0.405000000000000      -0.495000000000000        1.00000000000000     
  0.405000000000000      -0.485000000000000        1.00000000000000     
  0.405000000000000      -0.475000000000000        1.00000000000000     
  0.405000000000000      -0.465000000000000       0.999999999999996     
  0.405000000000000      -0.455000000000000        1.00000000000000     
  0.405000000000000      -0.445000000000000        1.00000000000000     
  0.405000000000000      -0.435000000000000        1.00000000000000     
  0.405000000000000      -0.425000000000000        1.00000000000000     
  0.405000000000000      -0.415000000000000       0.999999999999995     
  0.405000000000000      -0.405000000000000        1.00000000000000     
  0.405000000000000      -0.395000000000000        1.00000000000001     
  0.405000000000000      -0.385000000000000        1.00000000000000     
  0.405000000000000      -0.375000000000000        1.00000000000000     
  0.405000000000000      -0.365000000000000        1.00000000000000     
  0.405000000000000      -0.355000000000000        1.00000000000000     
  0.405000000000000      -0.345000000000000        1.00000000000001     
  0.405000000000000      -0.335000000000000        1.00000000000000     
  0.405000000000000      -0.325000000000000       0.999999999999997     
  0.405000000000000      -0.315000000000000        1.00000000000001     
  0.405000000000000      -0.305000000000000        1.00000000000000     
  0.405000000000000      -0.295000000000000       0.999999999999998     
  0.405000000000000      -0.285000000000000        1.00000000000000     
  0.405000000000000      -0.275000000000000        1.00000000000000     
  0.405000000000000      -0.265000000000000        1.00000000000000     
  0.405000000000000      -0.255000000000000        1.00000000000000     
  0.405000000000000      -0.245000000000000        1.00000000000000     
  0.405000000000000      -0.235000000000000        1.00000000000000     
  0.405000000000000      -0.225000000000000        1.00000000000000     
  0.405000000000000      -0.215000000000000       0.999999999999998     
  0.405000000000000      -0.205000000000000        1.00000000000001     
  0.405000000000000      -0.195000000000000        1.00000000000001     
  0.405000000000000      -0.185000000000000        1.00000000000000     
  0.405000000000000      -0.175000000000000        1.00000000000000     
  0.405000000000000      -0.165000000000000        1.00000000000000     
  0.405000000000000      -0.155000000000000        1.00000000000000     
  0.405000000000000      -0.145000000000000       0.999999999999996     
  0.405000000000000      -0.135000000000000        1.00000000000000     
  0.405000000000000      -0.125000000000000        1.00000000000000     
  0.405000000000000      -0.115000000000000        1.00000000000000     
  0.405000000000000      -0.105000000000000        1.00000000000000     
  0.405000000000000      -9.499999999999997E-002   1.00000000000000     
  0.405000000000000      -8.500000000000002E-002  0.999999999999998     
  0.405000000000000      -7.500000000000001E-002   1.00000000000000     
  0.405000000000000      -6.500000000000000E-002   1.00000000000000     
  0.405000000000000      -5.499999999999999E-002   1.00000000000000     
  0.405000000000000      -4.499999999999998E-002   1.00000000000000     
  0.405000000000000      -3.499999999999997E-002   1.00000000000000     
  0.405000000000000      -2.500000000000002E-002  0.999999999999996     
  0.405000000000000      -1.500000000000001E-002   1.00000000000000     
  0.405000000000000      -5.000000000000000E-003   1.00000000000000     
  0.405000000000000       5.000000000000009E-003   1.00000000000000     
  0.405000000000000       1.500000000000002E-002   1.00000000000002     
  0.405000000000000       2.500000000000003E-002   1.00000000000183     
  0.405000000000000       3.500000000000004E-002   1.00000000000866     
  0.405000000000000       4.500000000000005E-002   1.00000002574682     
  0.405000000000000       5.500000000000006E-002   1.00000926824432     
  0.405000000000000       6.500000000000006E-002   1.00035743971821     
  0.405000000000000       7.499999999999996E-002   1.00413255327544     
  0.405000000000000       8.499999999999996E-002   1.02138410772459     
  0.405000000000000       9.499999999999997E-002   1.06543557488530     
  0.405000000000000       0.105000000000000        1.13553221851700     
  0.405000000000000       0.115000000000000        1.21741872360264     
  0.405000000000000       0.125000000000000        1.30393086560757     
  0.405000000000000       0.135000000000000        1.39218601271737     
  0.405000000000000       0.145000000000000        1.48119496474452     
  0.405000000000000       0.155000000000000        1.57095039598019     
  0.405000000000000       0.165000000000000        1.66180711895870     
  0.405000000000000       0.175000000000000        1.75386783563239     
  0.405000000000000       0.185000000000000        1.84723079754001     
  0.405000000000000       0.195000000000000        1.94201075036836     
  0.405000000000000       0.205000000000000        2.03838142778546     
  0.405000000000000       0.215000000000000        2.13643299348136     
  0.405000000000000       0.225000000000000        2.23668829976348     
  0.405000000000000       0.235000000000000        2.35273319159608     
  0.405000000000000       0.245000000000000        2.45572730960131     
  0.405000000000000       0.255000000000000        2.55658026389658     
  0.405000000000000       0.265000000000000        2.65665128116302     
  0.405000000000000       0.275000000000000        2.75592696431624     
  0.405000000000000       0.285000000000000        2.85459278756986     
  0.405000000000000       0.295000000000000        2.95307532592066     
  0.405000000000000       0.305000000000000        3.05191204462237     
  0.405000000000000       0.315000000000000        3.15061248332935     
  0.405000000000000       0.325000000000000        3.24563627045328     
  0.405000000000000       0.335000000000000        3.33872815494505     
  0.405000000000000       0.345000000000000        3.43015011104311     
  0.405000000000000       0.355000000000000        3.51910913201323     
  0.405000000000000       0.365000000000000        3.60576073953447     
  0.405000000000000       0.375000000000000        3.69074494577110     
  0.405000000000000       0.385000000000000        3.77422341574559     
  0.405000000000000       0.395000000000000        3.86035272115906     
  0.405000000000000       0.405000000000000        3.92402927618662     
  0.405000000000000       0.415000000000000        3.94714687622041     
  0.405000000000000       0.425000000000000        3.95243808359900     
  0.405000000000000       0.435000000000000        3.95316354741139     
  0.405000000000000       0.445000000000000        3.95322335669983     
  0.405000000000000       0.455000000000000        3.95322627015187     
  0.405000000000000       0.465000000000000        3.95322634677814     
  0.405000000000000       0.475000000000000        3.95322634746194     
  0.405000000000000       0.485000000000000        3.95322634745037     
  0.405000000000000       0.495000000000000        3.95322634745037     
  0.415000000000000      -0.495000000000000        1.00000000000000     
  0.415000000000000      -0.485000000000000        1.00000000000000     
  0.415000000000000      -0.475000000000000        1.00000000000000     
  0.415000000000000      -0.465000000000000       0.999999999999998     
  0.415000000000000      -0.455000000000000        1.00000000000000     
  0.415000000000000      -0.445000000000000        1.00000000000000     
  0.415000000000000      -0.435000000000000        1.00000000000000     
  0.415000000000000      -0.425000000000000        1.00000000000000     
  0.415000000000000      -0.415000000000000       0.999999999999997     
  0.415000000000000      -0.405000000000000        1.00000000000001     
  0.415000000000000      -0.395000000000000        1.00000000000000     
  0.415000000000000      -0.385000000000000        1.00000000000000     
  0.415000000000000      -0.375000000000000        1.00000000000000     
  0.415000000000000      -0.365000000000000        1.00000000000001     
  0.415000000000000      -0.355000000000000        1.00000000000000     
  0.415000000000000      -0.345000000000000        1.00000000000000     
  0.415000000000000      -0.335000000000000        1.00000000000000     
  0.415000000000000      -0.325000000000000       0.999999999999998     
  0.415000000000000      -0.315000000000000        1.00000000000000     
  0.415000000000000      -0.305000000000000        1.00000000000000     
  0.415000000000000      -0.295000000000000       0.999999999999992     
  0.415000000000000      -0.285000000000000        1.00000000000000     
  0.415000000000000      -0.275000000000000        1.00000000000000     
  0.415000000000000      -0.265000000000000        1.00000000000000     
  0.415000000000000      -0.255000000000000        1.00000000000000     
  0.415000000000000      -0.245000000000000        1.00000000000000     
  0.415000000000000      -0.235000000000000        1.00000000000000     
  0.415000000000000      -0.225000000000000        1.00000000000000     
  0.415000000000000      -0.215000000000000       0.999999999999997     
  0.415000000000000      -0.205000000000000        1.00000000000000     
  0.415000000000000      -0.195000000000000        1.00000000000001     
  0.415000000000000      -0.185000000000000        1.00000000000000     
  0.415000000000000      -0.175000000000000        1.00000000000000     
  0.415000000000000      -0.165000000000000        1.00000000000000     
  0.415000000000000      -0.155000000000000        1.00000000000000     
  0.415000000000000      -0.145000000000000       0.999999999999997     
  0.415000000000000      -0.135000000000000        1.00000000000000     
  0.415000000000000      -0.125000000000000        1.00000000000000     
  0.415000000000000      -0.115000000000000        1.00000000000000     
  0.415000000000000      -0.105000000000000        1.00000000000000     
  0.415000000000000      -9.499999999999997E-002   1.00000000000000     
  0.415000000000000      -8.500000000000002E-002  0.999999999999999     
  0.415000000000000      -7.500000000000001E-002   1.00000000000000     
  0.415000000000000      -6.500000000000000E-002   1.00000000000000     
  0.415000000000000      -5.499999999999999E-002   1.00000000000000     
  0.415000000000000      -4.499999999999998E-002   1.00000000000001     
  0.415000000000000      -3.499999999999997E-002   1.00000000000001     
  0.415000000000000      -2.500000000000002E-002  0.999999999999997     
  0.415000000000000      -1.500000000000001E-002   1.00000000000000     
  0.415000000000000      -5.000000000000000E-003   1.00000000000000     
  0.415000000000000       5.000000000000009E-003   1.00000000000000     
  0.415000000000000       1.500000000000002E-002  0.999999999999993     
  0.415000000000000       2.500000000000003E-002   1.00000000000427     
  0.415000000000000       3.500000000000004E-002   1.00000000010526     
  0.415000000000000       4.500000000000005E-002   1.00000004212893     
  0.415000000000000       5.500000000000006E-002   1.00001131918069     
  0.415000000000000       6.500000000000006E-002   1.00041292917289     
  0.415000000000000       7.499999999999996E-002   1.00444866126962     
  0.415000000000000       8.499999999999996E-002   1.02212167804277     
  0.415000000000000       9.499999999999997E-002   1.06617321235130     
  0.415000000000000       0.105000000000000        1.13576296425449     
  0.415000000000000       0.115000000000000        1.21734643905988     
  0.415000000000000       0.125000000000000        1.30390661617745     
  0.415000000000000       0.135000000000000        1.39240496440470     
  0.415000000000000       0.145000000000000        1.48152835764041     
  0.415000000000000       0.155000000000000        1.57115273259056     
  0.415000000000000       0.165000000000000        1.66169221647099     
  0.415000000000000       0.175000000000000        1.75365992925044     
  0.415000000000000       0.185000000000000        1.84714207645276     
  0.415000000000000       0.195000000000000        1.94204089719539     
  0.415000000000000       0.205000000000000        2.03834563208632     
  0.415000000000000       0.215000000000000        2.13631075746440     
  0.415000000000000       0.225000000000000        2.23669058261149     
  0.415000000000000       0.235000000000000        2.35282528209067     
  0.415000000000000       0.245000000000000        2.45589792583725     
  0.415000000000000       0.255000000000000        2.55666976415226     
  0.415000000000000       0.265000000000000        2.65666938717616     
  0.415000000000000       0.275000000000000        2.75591767787496     
  0.415000000000000       0.285000000000000        2.85460257343296     
  0.415000000000000       0.295000000000000        2.95306971139794     
  0.415000000000000       0.305000000000000        3.05176908024924     
  0.415000000000000       0.315000000000000        3.14998571557573     
  0.415000000000000       0.325000000000000        3.24515385656438     
  0.415000000000000       0.335000000000000        3.33865230859062     
  0.415000000000000       0.345000000000000        3.43039128844312     
  0.415000000000000       0.355000000000000        3.51929927022636     
  0.415000000000000       0.365000000000000        3.60577838477148     
  0.415000000000000       0.375000000000000        3.69092161350964     
  0.415000000000000       0.385000000000000        3.77514554653102     
  0.415000000000000       0.395000000000000        3.86340890058364     
  0.415000000000000       0.405000000000000        3.93835103500826     
  0.415000000000000       0.415000000000000        3.97205255973770     
  0.415000000000000       0.425000000000000        3.98172644313306     
  0.415000000000000       0.435000000000000        3.98341076421642     
  0.415000000000000       0.445000000000000        3.98358716781009     
  0.415000000000000       0.455000000000000        3.98359837077409     
  0.415000000000000       0.465000000000000        3.98359879519168     
  0.415000000000000       0.475000000000000        3.98359880405128     
  0.415000000000000       0.485000000000000        3.98359880413474     
  0.415000000000000       0.495000000000000        3.98359880413483     
  0.425000000000000      -0.495000000000000        1.00000000000000     
  0.425000000000000      -0.485000000000000        1.00000000000000     
  0.425000000000000      -0.475000000000000        1.00000000000000     
  0.425000000000000      -0.465000000000000       0.999999999999999     
  0.425000000000000      -0.455000000000000        1.00000000000000     
  0.425000000000000      -0.445000000000000        1.00000000000000     
  0.425000000000000      -0.435000000000000        1.00000000000000     
  0.425000000000000      -0.425000000000000        1.00000000000000     
  0.425000000000000      -0.415000000000000       0.999999999999996     
  0.425000000000000      -0.405000000000000        1.00000000000000     
  0.425000000000000      -0.395000000000000        1.00000000000000     
  0.425000000000000      -0.385000000000000        1.00000000000000     
  0.425000000000000      -0.375000000000000        1.00000000000000     
  0.425000000000000      -0.365000000000000        1.00000000000001     
  0.425000000000000      -0.355000000000000        1.00000000000000     
  0.425000000000000      -0.345000000000000        1.00000000000000     
  0.425000000000000      -0.335000000000000        1.00000000000000     
  0.425000000000000      -0.325000000000000       0.999999999999998     
  0.425000000000000      -0.315000000000000        1.00000000000000     
  0.425000000000000      -0.305000000000000        1.00000000000000     
  0.425000000000000      -0.295000000000000       0.999999999999990     
  0.425000000000000      -0.285000000000000        1.00000000000000     
  0.425000000000000      -0.275000000000000        1.00000000000000     
  0.425000000000000      -0.265000000000000        1.00000000000000     
  0.425000000000000      -0.255000000000000        1.00000000000000     
  0.425000000000000      -0.245000000000000        1.00000000000000     
  0.425000000000000      -0.235000000000000        1.00000000000000     
  0.425000000000000      -0.225000000000000        1.00000000000001     
  0.425000000000000      -0.215000000000000       0.999999999999997     
  0.425000000000000      -0.205000000000000        1.00000000000000     
  0.425000000000000      -0.195000000000000        1.00000000000000     
  0.425000000000000      -0.185000000000000        1.00000000000000     
  0.425000000000000      -0.175000000000000        1.00000000000000     
  0.425000000000000      -0.165000000000000        1.00000000000000     
  0.425000000000000      -0.155000000000000       0.999999999999999     
  0.425000000000000      -0.145000000000000        1.00000000000000     
  0.425000000000000      -0.135000000000000        1.00000000000001     
  0.425000000000000      -0.125000000000000        1.00000000000001     
  0.425000000000000      -0.115000000000000        1.00000000000000     
  0.425000000000000      -0.105000000000000        1.00000000000000     
  0.425000000000000      -9.499999999999997E-002   1.00000000000000     
  0.425000000000000      -8.500000000000002E-002  0.999999999999998     
  0.425000000000000      -7.500000000000001E-002   1.00000000000000     
  0.425000000000000      -6.500000000000000E-002   1.00000000000000     
  0.425000000000000      -5.499999999999999E-002   1.00000000000000     
  0.425000000000000      -4.499999999999998E-002   1.00000000000001     
  0.425000000000000      -3.499999999999997E-002   1.00000000000001     
  0.425000000000000      -2.500000000000002E-002  0.999999999999999     
  0.425000000000000      -1.500000000000001E-002   1.00000000000001     
  0.425000000000000      -5.000000000000000E-003   1.00000000000000     
  0.425000000000000       5.000000000000009E-003   1.00000000000000     
  0.425000000000000       1.500000000000002E-002   1.00000000000000     
  0.425000000000000       2.500000000000003E-002   1.00000000000485     
  0.425000000000000       3.500000000000004E-002   1.00000000018736     
  0.425000000000000       4.500000000000005E-002   1.00000006384194     
  0.425000000000000       5.500000000000006E-002   1.00001381379159     
  0.425000000000000       6.500000000000006E-002   1.00047921115833     
  0.425000000000000       7.499999999999996E-002   1.00485766538859     
  0.425000000000000       8.499999999999996E-002   1.02320945878434     
  0.425000000000000       9.499999999999997E-002   1.06763237950143     
  0.425000000000000       0.105000000000000        1.13670041662158     
  0.425000000000000       0.115000000000000        1.21765402508500     
  0.425000000000000       0.125000000000000        1.30397216542900     
  0.425000000000000       0.135000000000000        1.39260522890846     
  0.425000000000000       0.145000000000000        1.48207052093566     
  0.425000000000000       0.155000000000000        1.57180361543442     
  0.425000000000000       0.165000000000000        1.66200157215904     
  0.425000000000000       0.175000000000000        1.75357129612084     
  0.425000000000000       0.185000000000000        1.84692995211101     
  0.425000000000000       0.195000000000000        1.94193599091213     
  0.425000000000000       0.205000000000000        2.03836407815623     
  0.425000000000000       0.215000000000000        2.13628820118084     
  0.425000000000000       0.225000000000000        2.23660486730713     
  0.425000000000000       0.235000000000000        2.35278687553999     
  0.425000000000000       0.245000000000000        2.45601104573645     
  0.425000000000000       0.255000000000000        2.55685181562638     
  0.425000000000000       0.265000000000000        2.65678121196603     
  0.425000000000000       0.275000000000000        2.75592534075938     
  0.425000000000000       0.285000000000000        2.85461635937804     
  0.425000000000000       0.295000000000000        2.95308788506249     
  0.425000000000000       0.305000000000000        3.05183508552612     
  0.425000000000000       0.315000000000000        3.14994985316489     
  0.425000000000000       0.325000000000000        3.24467846009635     
  0.425000000000000       0.335000000000000        3.33817827575551     
  0.425000000000000       0.345000000000000        3.43023121682451     
  0.425000000000000       0.355000000000000        3.51942297989904     
  0.425000000000000       0.365000000000000        3.60589882682574     
  0.425000000000000       0.375000000000000        3.69100634200309     
  0.425000000000000       0.385000000000000        3.77524854962642     
  0.425000000000000       0.395000000000000        3.86365668930804     
  0.425000000000000       0.405000000000000        3.94187605906632     
  0.425000000000000       0.415000000000000        3.98083264380034     
  0.425000000000000       0.425000000000000        3.99313478811484     
  0.425000000000000       0.435000000000000        3.99549335000202     
  0.425000000000000       0.445000000000000        3.99576203545316     
  0.425000000000000       0.455000000000000        3.99578048025978     
  0.425000000000000       0.465000000000000        3.99578123567280     
  0.425000000000000       0.475000000000000        3.99578125278982     
  0.425000000000000       0.485000000000000        3.99578125296395     
  0.425000000000000       0.495000000000000        3.99578125296412     
  0.435000000000000      -0.495000000000000        1.00000000000000     
  0.435000000000000      -0.485000000000000        1.00000000000000     
  0.435000000000000      -0.475000000000000        1.00000000000000     
  0.435000000000000      -0.465000000000000       0.999999999999996     
  0.435000000000000      -0.455000000000000        1.00000000000000     
  0.435000000000000      -0.445000000000000       0.999999999999998     
  0.435000000000000      -0.435000000000000        1.00000000000000     
  0.435000000000000      -0.425000000000000        1.00000000000000     
  0.435000000000000      -0.415000000000000       0.999999999999997     
  0.435000000000000      -0.405000000000000        1.00000000000000     
  0.435000000000000      -0.395000000000000        1.00000000000000     
  0.435000000000000      -0.385000000000000        1.00000000000000     
  0.435000000000000      -0.375000000000000        1.00000000000000     
  0.435000000000000      -0.365000000000000        1.00000000000000     
  0.435000000000000      -0.355000000000000        1.00000000000000     
  0.435000000000000      -0.345000000000000        1.00000000000000     
  0.435000000000000      -0.335000000000000        1.00000000000000     
  0.435000000000000      -0.325000000000000       0.999999999999998     
  0.435000000000000      -0.315000000000000        1.00000000000000     
  0.435000000000000      -0.305000000000000        1.00000000000000     
  0.435000000000000      -0.295000000000000       0.999999999999992     
  0.435000000000000      -0.285000000000000        1.00000000000000     
  0.435000000000000      -0.275000000000000        1.00000000000000     
  0.435000000000000      -0.265000000000000        1.00000000000000     
  0.435000000000000      -0.255000000000000        1.00000000000000     
  0.435000000000000      -0.245000000000000        1.00000000000000     
  0.435000000000000      -0.235000000000000        1.00000000000000     
  0.435000000000000      -0.225000000000000        1.00000000000000     
  0.435000000000000      -0.215000000000000       0.999999999999997     
  0.435000000000000      -0.205000000000000        1.00000000000000     
  0.435000000000000      -0.195000000000000        1.00000000000000     
  0.435000000000000      -0.185000000000000        1.00000000000000     
  0.435000000000000      -0.175000000000000        1.00000000000000     
  0.435000000000000      -0.165000000000000       0.999999999999999     
  0.435000000000000      -0.155000000000000       0.999999999999999     
  0.435000000000000      -0.145000000000000       0.999999999999996     
  0.435000000000000      -0.135000000000000        1.00000000000000     
  0.435000000000000      -0.125000000000000        1.00000000000000     
  0.435000000000000      -0.115000000000000        1.00000000000000     
  0.435000000000000      -0.105000000000000        1.00000000000000     
  0.435000000000000      -9.499999999999997E-002   1.00000000000000     
  0.435000000000000      -8.500000000000002E-002  0.999999999999996     
  0.435000000000000      -7.500000000000001E-002   1.00000000000000     
  0.435000000000000      -6.500000000000000E-002   1.00000000000000     
  0.435000000000000      -5.499999999999999E-002   1.00000000000000     
  0.435000000000000      -4.499999999999998E-002   1.00000000000000     
  0.435000000000000      -3.499999999999997E-002   1.00000000000000     
  0.435000000000000      -2.500000000000002E-002   1.00000000000000     
  0.435000000000000      -1.500000000000001E-002   1.00000000000000     
  0.435000000000000      -5.000000000000000E-003   1.00000000000000     
  0.435000000000000       5.000000000000009E-003   1.00000000000000     
  0.435000000000000       1.500000000000002E-002  0.999999999999934     
  0.435000000000000       2.500000000000003E-002  0.999999999990781     
  0.435000000000000       3.500000000000004E-002  0.999999999905691     
  0.435000000000000       4.500000000000005E-002   1.00000006877110     
  0.435000000000000       5.500000000000006E-002   1.00001446301610     
  0.435000000000000       6.500000000000006E-002   1.00049795533588     
  0.435000000000000       7.499999999999996E-002   1.00500044518412     
  0.435000000000000       8.499999999999996E-002   1.02373310917658     
  0.435000000000000       9.499999999999997E-002   1.06876989794440     
  0.435000000000000       0.105000000000000        1.13790168222144     
  0.435000000000000       0.115000000000000        1.21830615020742     
  0.435000000000000       0.125000000000000        1.30411999264097     
  0.435000000000000       0.135000000000000        1.39262544692693     
  0.435000000000000       0.145000000000000        1.48228685018175     
  0.435000000000000       0.155000000000000        1.57233092129568     
  0.435000000000000       0.165000000000000        1.66271391474753     
  0.435000000000000       0.175000000000000        1.75397960490854     
  0.435000000000000       0.185000000000000        1.84685624827700     
  0.435000000000000       0.195000000000000        1.94171659212103     
  0.435000000000000       0.205000000000000        2.03826915983283     
  0.435000000000000       0.215000000000000        2.13633682845608     
  0.435000000000000       0.225000000000000        2.23655566836612     
  0.435000000000000       0.235000000000000        2.35269961979979     
  0.435000000000000       0.245000000000000        2.45597664818630     
  0.435000000000000       0.255000000000000        2.55697995822802     
  0.435000000000000       0.265000000000000        2.65698070516739     
  0.435000000000000       0.275000000000000        2.75602539637921     
  0.435000000000000       0.285000000000000        2.85465426109492     
  0.435000000000000       0.295000000000000        2.95309901181628     
  0.435000000000000       0.305000000000000        3.05183970535734     
  0.435000000000000       0.315000000000000        3.14998405101651     
  0.435000000000000       0.325000000000000        3.24454699589321     
  0.435000000000000       0.335000000000000        3.33771535392177     
  0.435000000000000       0.345000000000000        3.42964935594181     
  0.435000000000000       0.355000000000000        3.51942658930413     
  0.435000000000000       0.365000000000000        3.60604125919465     
  0.435000000000000       0.375000000000000        3.69096965247098     
  0.435000000000000       0.385000000000000        3.77510125720945     
  0.435000000000000       0.395000000000000        3.86329015693999     
  0.435000000000000       0.405000000000000        3.94204528177080     
  0.435000000000000       0.415000000000000        3.98282798353698     
  0.435000000000000       0.425000000000000        3.99623267776075     
  0.435000000000000       0.435000000000000        3.99890673077295     
  0.435000000000000       0.445000000000000        3.99922119732355     
  0.435000000000000       0.455000000000000        3.99924333396324     
  0.435000000000000       0.465000000000000        3.99924425413268     
  0.435000000000000       0.475000000000000        3.99924427516861     
  0.435000000000000       0.485000000000000        3.99924427536623     
  0.435000000000000       0.495000000000000        3.99924427536639     
  0.445000000000000      -0.495000000000000        1.00000000000000     
  0.445000000000000      -0.485000000000000        1.00000000000000     
  0.445000000000000      -0.475000000000000        1.00000000000000     
  0.445000000000000      -0.465000000000000       0.999999999999995     
  0.445000000000000      -0.455000000000000        1.00000000000000     
  0.445000000000000      -0.445000000000000        1.00000000000000     
  0.445000000000000      -0.435000000000000        1.00000000000000     
  0.445000000000000      -0.425000000000000        1.00000000000000     
  0.445000000000000      -0.415000000000000       0.999999999999997     
  0.445000000000000      -0.405000000000000        1.00000000000000     
  0.445000000000000      -0.395000000000000        1.00000000000000     
  0.445000000000000      -0.385000000000000        1.00000000000000     
  0.445000000000000      -0.375000000000000        1.00000000000000     
  0.445000000000000      -0.365000000000000        1.00000000000000     
  0.445000000000000      -0.355000000000000        1.00000000000000     
  0.445000000000000      -0.345000000000000        1.00000000000001     
  0.445000000000000      -0.335000000000000        1.00000000000000     
  0.445000000000000      -0.325000000000000       0.999999999999994     
  0.445000000000000      -0.315000000000000        1.00000000000000     
  0.445000000000000      -0.305000000000000        1.00000000000000     
  0.445000000000000      -0.295000000000000       0.999999999999999     
  0.445000000000000      -0.285000000000000        1.00000000000000     
  0.445000000000000      -0.275000000000000        1.00000000000000     
  0.445000000000000      -0.265000000000000        1.00000000000000     
  0.445000000000000      -0.255000000000000        1.00000000000000     
  0.445000000000000      -0.245000000000000        1.00000000000000     
  0.445000000000000      -0.235000000000000        1.00000000000000     
  0.445000000000000      -0.225000000000000        1.00000000000000     
  0.445000000000000      -0.215000000000000        1.00000000000000     
  0.445000000000000      -0.205000000000000        1.00000000000000     
  0.445000000000000      -0.195000000000000        1.00000000000000     
  0.445000000000000      -0.185000000000000        1.00000000000000     
  0.445000000000000      -0.175000000000000        1.00000000000000     
  0.445000000000000      -0.165000000000000        1.00000000000000     
  0.445000000000000      -0.155000000000000        1.00000000000000     
  0.445000000000000      -0.145000000000000       0.999999999999994     
  0.445000000000000      -0.135000000000000        1.00000000000000     
  0.445000000000000      -0.125000000000000        1.00000000000000     
  0.445000000000000      -0.115000000000000        1.00000000000000     
  0.445000000000000      -0.105000000000000        1.00000000000000     
  0.445000000000000      -9.499999999999997E-002   1.00000000000000     
  0.445000000000000      -8.500000000000002E-002  0.999999999999996     
  0.445000000000000      -7.500000000000001E-002   1.00000000000000     
  0.445000000000000      -6.500000000000000E-002   1.00000000000000     
  0.445000000000000      -5.499999999999999E-002   1.00000000000000     
  0.445000000000000      -4.499999999999998E-002   1.00000000000000     
  0.445000000000000      -3.499999999999997E-002   1.00000000000000     
  0.445000000000000      -2.500000000000002E-002  0.999999999999995     
  0.445000000000000      -1.500000000000001E-002   1.00000000000000     
  0.445000000000000      -5.000000000000000E-003   1.00000000000000     
  0.445000000000000       5.000000000000009E-003   1.00000000000000     
  0.445000000000000       1.500000000000002E-002  0.999999999999946     
  0.445000000000000       2.500000000000003E-002  0.999999999987870     
  0.445000000000000       3.500000000000004E-002  0.999999999657734     
  0.445000000000000       4.500000000000005E-002   1.00000006136198     
  0.445000000000000       5.500000000000006E-002   1.00001405061972     
  0.445000000000000       6.500000000000006E-002   1.00048748657698     
  0.445000000000000       7.499999999999996E-002   1.00494623569007     
  0.445000000000000       8.499999999999996E-002   1.02363758181072     
  0.445000000000000       9.499999999999997E-002   1.06882670355794     
  0.445000000000000       0.105000000000000        1.13831383885845     
  0.445000000000000       0.115000000000000        1.21887472087180     
  0.445000000000000       0.125000000000000        1.30437238913924     
  0.445000000000000       0.135000000000000        1.39260283801775     
  0.445000000000000       0.145000000000000        1.48226807966229     
  0.445000000000000       0.155000000000000        1.57249616108873     
  0.445000000000000       0.165000000000000        1.66316801974450     
  0.445000000000000       0.175000000000000        1.75466817630608     
  0.445000000000000       0.185000000000000        1.84729750879582     
  0.445000000000000       0.195000000000000        1.94163839357874     
  0.445000000000000       0.205000000000000        2.03803230344033     
  0.445000000000000       0.215000000000000        2.13628893589131     
  0.445000000000000       0.225000000000000        2.23659064000915     
  0.445000000000000       0.235000000000000        2.35265755466023     
  0.445000000000000       0.245000000000000        2.45589587696401     
  0.445000000000000       0.255000000000000        2.55694456717734     
  0.445000000000000       0.265000000000000        2.65711677600242     
  0.445000000000000       0.275000000000000        2.75624005636052     
  0.445000000000000       0.285000000000000        2.85479203994526     
  0.445000000000000       0.295000000000000        2.95314535924481     
  0.445000000000000       0.305000000000000        3.05183154254884     
  0.445000000000000       0.315000000000000        3.14998717121779     
  0.445000000000000       0.325000000000000        3.24455228051122     
  0.445000000000000       0.335000000000000        3.33760693032711     
  0.445000000000000       0.345000000000000        3.42918555612448     
  0.445000000000000       0.355000000000000        3.51919637407477     
  0.445000000000000       0.365000000000000        3.60599962840855     
  0.445000000000000       0.375000000000000        3.69081418422136     
  0.445000000000000       0.385000000000000        3.77488354639874     
  0.445000000000000       0.395000000000000        3.86266678325018     
  0.445000000000000       0.405000000000000        3.94121677596251     
  0.445000000000000       0.415000000000000        3.98288052140347     
  0.445000000000000       0.425000000000000        3.99672348456047     
  0.445000000000000       0.435000000000000        3.99954532623912     
  0.445000000000000       0.445000000000000        3.99988514988176     
  0.445000000000000       0.455000000000000        3.99990955083831     
  0.445000000000000       0.465000000000000        3.99991059675202     
  0.445000000000000       0.475000000000000        3.99991062129452     
  0.445000000000000       0.485000000000000        3.99991062153390     
  0.445000000000000       0.495000000000000        3.99991062153409     
  0.455000000000000      -0.495000000000000       0.999999999999991     
  0.455000000000000      -0.485000000000000       0.999999999999992     
  0.455000000000000      -0.475000000000000       0.999999999999993     
  0.455000000000000      -0.465000000000000       0.999999999999984     
  0.455000000000000      -0.455000000000000       0.999999999999988     
  0.455000000000000      -0.445000000000000       0.999999999999991     
  0.455000000000000      -0.435000000000000       0.999999999999992     
  0.455000000000000      -0.425000000000000       0.999999999999993     
  0.455000000000000      -0.415000000000000       0.999999999999986     
  0.455000000000000      -0.405000000000000       0.999999999999989     
  0.455000000000000      -0.395000000000000       0.999999999999993     
  0.455000000000000      -0.385000000000000       0.999999999999992     
  0.455000000000000      -0.375000000000000       0.999999999999991     
  0.455000000000000      -0.365000000000000       0.999999999999992     
  0.455000000000000      -0.355000000000000       0.999999999999991     
  0.455000000000000      -0.345000000000000       0.999999999999991     
  0.455000000000000      -0.335000000000000       0.999999999999994     
  0.455000000000000      -0.325000000000000       0.999999999999983     
  0.455000000000000      -0.315000000000000       0.999999999999989     
  0.455000000000000      -0.305000000000000       0.999999999999992     
  0.455000000000000      -0.295000000000000       0.999999999999987     
  0.455000000000000      -0.285000000000000       0.999999999999992     
  0.455000000000000      -0.275000000000000       0.999999999999993     
  0.455000000000000      -0.265000000000000       0.999999999999991     
  0.455000000000000      -0.255000000000000       0.999999999999991     
  0.455000000000000      -0.245000000000000       0.999999999999993     
  0.455000000000000      -0.235000000000000       0.999999999999992     
  0.455000000000000      -0.225000000000000       0.999999999999992     
  0.455000000000000      -0.215000000000000       0.999999999999989     
  0.455000000000000      -0.205000000000000       0.999999999999992     
  0.455000000000000      -0.195000000000000       0.999999999999991     
  0.455000000000000      -0.185000000000000       0.999999999999994     
  0.455000000000000      -0.175000000000000       0.999999999999993     
  0.455000000000000      -0.165000000000000       0.999999999999993     
  0.455000000000000      -0.155000000000000       0.999999999999994     
  0.455000000000000      -0.145000000000000       0.999999999999983     
  0.455000000000000      -0.135000000000000       0.999999999999988     
  0.455000000000000      -0.125000000000000       0.999999999999992     
  0.455000000000000      -0.115000000000000       0.999999999999992     
  0.455000000000000      -0.105000000000000       0.999999999999991     
  0.455000000000000      -9.499999999999997E-002  0.999999999999992     
  0.455000000000000      -8.500000000000002E-002  0.999999999999985     
  0.455000000000000      -7.500000000000001E-002  0.999999999999989     
  0.455000000000000      -6.500000000000000E-002  0.999999999999992     
  0.455000000000000      -5.499999999999999E-002  0.999999999999991     
  0.455000000000000      -4.499999999999998E-002  0.999999999999992     
  0.455000000000000      -3.499999999999997E-002  0.999999999999993     
  0.455000000000000      -2.500000000000002E-002  0.999999999999985     
  0.455000000000000      -1.500000000000001E-002  0.999999999999989     
  0.455000000000000      -5.000000000000000E-003  0.999999999999993     
  0.455000000000000       5.000000000000009E-003  0.999999999999994     
  0.455000000000000       1.500000000000002E-002   1.00000000000008     
  0.455000000000000       2.500000000000003E-002  0.999999999998275     
  0.455000000000000       3.500000000000004E-002  0.999999999862089     
  0.455000000000000       4.500000000000005E-002   1.00000005794252     
  0.455000000000000       5.500000000000006E-002   1.00001370072493     
  0.455000000000000       6.500000000000006E-002   1.00047828755475     
  0.455000000000000       7.499999999999996E-002   1.00488260396296     
  0.455000000000000       8.499999999999996E-002   1.02344716491712     
  0.455000000000000       9.499999999999997E-002   1.06852827375006     
  0.455000000000000       0.105000000000000        1.13814686235808     
  0.455000000000000       0.115000000000000        1.21888678366657     
  0.455000000000000       0.125000000000000        1.30447450957748     
  0.455000000000000       0.135000000000000        1.39256528467217     
  0.455000000000000       0.145000000000000        1.48215056214909     
  0.455000000000000       0.155000000000000        1.57245314974985     
  0.455000000000000       0.165000000000000        1.66331779661726     
  0.455000000000000       0.175000000000000        1.75509994521293     
  0.455000000000000       0.185000000000000        1.84794887972670     
  0.455000000000000       0.195000000000000        1.94206735295203     
  0.455000000000000       0.205000000000000        2.03795539708561     
  0.455000000000000       0.215000000000000        2.13603729119307     
  0.455000000000000       0.225000000000000        2.23659946940899     
  0.455000000000000       0.235000000000000        2.35268379165884     
  0.455000000000000       0.245000000000000        2.45582957780633     
  0.455000000000000       0.255000000000000        2.55685745040003     
  0.455000000000000       0.265000000000000        2.65705014848915     
  0.455000000000000       0.275000000000000        2.75641305123140     
  0.455000000000000       0.285000000000000        2.85500853747011     
  0.455000000000000       0.295000000000000        2.95331290245154     
  0.455000000000000       0.305000000000000        3.05189981950449     
  0.455000000000000       0.315000000000000        3.14998702124878     
  0.455000000000000       0.325000000000000        3.24457085148332     
  0.455000000000000       0.335000000000000        3.33762061512342     
  0.455000000000000       0.345000000000000        3.42909410933264     
  0.455000000000000       0.355000000000000        3.51892204974241     
  0.455000000000000       0.365000000000000        3.60579445061042     
  0.455000000000000       0.375000000000000        3.69068465682002     
  0.455000000000000       0.385000000000000        3.77476729125773     
  0.455000000000000       0.395000000000000        3.86214482071992     
  0.455000000000000       0.405000000000000        3.94021822758892     
  0.455000000000000       0.415000000000000        3.98246377675387     
  0.455000000000000       0.425000000000000        3.99668328031486     
  0.455000000000000       0.435000000000000        3.99960506085185     
  0.455000000000000       0.445000000000000        3.99996579928963     
  0.455000000000000       0.455000000000000        3.99999242960896     
  0.455000000000000       0.465000000000000        3.99999361423838     
  0.455000000000000       0.475000000000000        3.99999364353088     
  0.455000000000000       0.485000000000000        3.99999364388865     
  0.455000000000000       0.495000000000000        3.99999364388899     
  0.465000000000000      -0.495000000000000        1.00000000000000     
  0.465000000000000      -0.485000000000000        1.00000000000000     
  0.465000000000000      -0.475000000000000        1.00000000000000     
  0.465000000000000      -0.465000000000000       0.999999999999996     
  0.465000000000000      -0.455000000000000       0.999999999999999     
  0.465000000000000      -0.445000000000000       0.999999999999998     
  0.465000000000000      -0.435000000000000        1.00000000000000     
  0.465000000000000      -0.425000000000000        1.00000000000000     
  0.465000000000000      -0.415000000000000       0.999999999999995     
  0.465000000000000      -0.405000000000000       0.999999999999999     
  0.465000000000000      -0.395000000000000       0.999999999999999     
  0.465000000000000      -0.385000000000000        1.00000000000000     
  0.465000000000000      -0.375000000000000        1.00000000000000     
  0.465000000000000      -0.365000000000000        1.00000000000000     
  0.465000000000000      -0.355000000000000        1.00000000000000     
  0.465000000000000      -0.345000000000000       0.999999999999998     
  0.465000000000000      -0.335000000000000        1.00000000000000     
  0.465000000000000      -0.325000000000000       0.999999999999997     
  0.465000000000000      -0.315000000000000        1.00000000000000     
  0.465000000000000      -0.305000000000000       0.999999999999998     
  0.465000000000000      -0.295000000000000       0.999999999999994     
  0.465000000000000      -0.285000000000000        1.00000000000000     
  0.465000000000000      -0.275000000000000       0.999999999999998     
  0.465000000000000      -0.265000000000000        1.00000000000000     
  0.465000000000000      -0.255000000000000        1.00000000000000     
  0.465000000000000      -0.245000000000000        1.00000000000000     
  0.465000000000000      -0.235000000000000        1.00000000000000     
  0.465000000000000      -0.225000000000000        1.00000000000000     
  0.465000000000000      -0.215000000000000       0.999999999999996     
  0.465000000000000      -0.205000000000000        1.00000000000001     
  0.465000000000000      -0.195000000000000        1.00000000000000     
  0.465000000000000      -0.185000000000000        1.00000000000000     
  0.465000000000000      -0.175000000000000        1.00000000000000     
  0.465000000000000      -0.165000000000000        1.00000000000000     
  0.465000000000000      -0.155000000000000        1.00000000000000     
  0.465000000000000      -0.145000000000000       0.999999999999997     
  0.465000000000000      -0.135000000000000       0.999999999999998     
  0.465000000000000      -0.125000000000000        1.00000000000000     
  0.465000000000000      -0.115000000000000        1.00000000000000     
  0.465000000000000      -0.105000000000000        1.00000000000000     
  0.465000000000000      -9.499999999999997E-002  0.999999999999999     
  0.465000000000000      -8.500000000000002E-002  0.999999999999996     
  0.465000000000000      -7.500000000000001E-002  0.999999999999999     
  0.465000000000000      -6.500000000000000E-002   1.00000000000000     
  0.465000000000000      -5.499999999999999E-002   1.00000000000000     
  0.465000000000000      -4.499999999999998E-002   1.00000000000000     
  0.465000000000000      -3.499999999999997E-002   1.00000000000000     
  0.465000000000000      -2.500000000000002E-002  0.999999999999997     
  0.465000000000000      -1.500000000000001E-002   1.00000000000000     
  0.465000000000000      -5.000000000000000E-003  0.999999999999999     
  0.465000000000000       5.000000000000009E-003   1.00000000000000     
  0.465000000000000       1.500000000000002E-002   1.00000000000004     
  0.465000000000000       2.500000000000003E-002   1.00000000000890     
  0.465000000000000       3.500000000000004E-002   1.00000000025613     
  0.465000000000000       4.500000000000005E-002   1.00000006621627     
  0.465000000000000       5.500000000000006E-002   1.00001432748871     
  0.465000000000000       6.500000000000006E-002   1.00049419203889     
  0.465000000000000       7.499999999999996E-002   1.00496082661906     
  0.465000000000000       8.499999999999996E-002   1.02353997270826     
  0.465000000000000       9.499999999999997E-002   1.06844138088401     
  0.465000000000000       0.105000000000000        1.13793435187207     
  0.465000000000000       0.115000000000000        1.21872126937372     
  0.465000000000000       0.125000000000000        1.30436600606606     
  0.465000000000000       0.135000000000000        1.39235940201152     
  0.465000000000000       0.145000000000000        1.48175394306285     
  0.465000000000000       0.155000000000000        1.57208086633031     
  0.465000000000000       0.165000000000000        1.66320585719485     
  0.465000000000000       0.175000000000000        1.75524346120406     
  0.465000000000000       0.185000000000000        1.84838026434138     
  0.465000000000000       0.195000000000000        1.94269350985500     
  0.465000000000000       0.205000000000000        2.03833926160289     
  0.465000000000000       0.215000000000000        2.13592913341889     
  0.465000000000000       0.225000000000000        2.23646142225873     
  0.465000000000000       0.235000000000000        2.35269296426680     
  0.465000000000000       0.245000000000000        2.45581664026972     
  0.465000000000000       0.255000000000000        2.55678233713764     
  0.465000000000000       0.265000000000000        2.65695012487201     
  0.465000000000000       0.275000000000000        2.75637004488129     
  0.465000000000000       0.285000000000000        2.85508966618286     
  0.465000000000000       0.295000000000000        2.95350353236066     
  0.465000000000000       0.305000000000000        3.05211731108978     
  0.465000000000000       0.315000000000000        3.15003050221712     
  0.465000000000000       0.325000000000000        3.24458772936032     
  0.465000000000000       0.335000000000000        3.33764853306434     
  0.465000000000000       0.345000000000000        3.42916891436836     
  0.465000000000000       0.355000000000000        3.51870110024751     
  0.465000000000000       0.365000000000000        3.60552639515980     
  0.465000000000000       0.375000000000000        3.69061709581514     
  0.465000000000000       0.385000000000000        3.77482603190710     
  0.465000000000000       0.395000000000000        3.86206221347885     
  0.465000000000000       0.405000000000000        3.93978298709693     
  0.465000000000000       0.415000000000000        3.98212785646867     
  0.465000000000000       0.425000000000000        3.99658556843726     
  0.465000000000000       0.435000000000000        3.99959781521979     
  0.465000000000000       0.445000000000000        3.99997039396710     
  0.465000000000000       0.455000000000000        3.99999849540779     
  0.465000000000000       0.465000000000000        3.99999975206214     
  0.465000000000000       0.475000000000000        3.99999978407442     
  0.465000000000000       0.485000000000000        3.99999978453191     
  0.465000000000000       0.495000000000000        3.99999978453237     
  0.475000000000000      -0.495000000000000        1.00000000000000     
  0.475000000000000      -0.485000000000000       0.999999999999998     
  0.475000000000000      -0.475000000000000       0.999999999999999     
  0.475000000000000      -0.465000000000000       0.999999999999997     
  0.475000000000000      -0.455000000000000        1.00000000000000     
  0.475000000000000      -0.445000000000000       0.999999999999998     
  0.475000000000000      -0.435000000000000       0.999999999999996     
  0.475000000000000      -0.425000000000000       0.999999999999997     
  0.475000000000000      -0.415000000000000       0.999999999999995     
  0.475000000000000      -0.405000000000000        1.00000000000000     
  0.475000000000000      -0.395000000000000       0.999999999999999     
  0.475000000000000      -0.385000000000000       0.999999999999994     
  0.475000000000000      -0.375000000000000        1.00000000000000     
  0.475000000000000      -0.365000000000000        1.00000000000000     
  0.475000000000000      -0.355000000000000        1.00000000000000     
  0.475000000000000      -0.345000000000000       0.999999999999997     
  0.475000000000000      -0.335000000000000       0.999999999999995     
  0.475000000000000      -0.325000000000000       0.999999999999997     
  0.475000000000000      -0.315000000000000        1.00000000000000     
  0.475000000000000      -0.305000000000000       0.999999999999998     
  0.475000000000000      -0.295000000000000       0.999999999999995     
  0.475000000000000      -0.285000000000000        1.00000000000000     
  0.475000000000000      -0.275000000000000       0.999999999999994     
  0.475000000000000      -0.265000000000000        1.00000000000000     
  0.475000000000000      -0.255000000000000       0.999999999999998     
  0.475000000000000      -0.245000000000000       0.999999999999999     
  0.475000000000000      -0.235000000000000        1.00000000000000     
  0.475000000000000      -0.225000000000000        1.00000000000000     
  0.475000000000000      -0.215000000000000       0.999999999999996     
  0.475000000000000      -0.205000000000000        1.00000000000000     
  0.475000000000000      -0.195000000000000        1.00000000000000     
  0.475000000000000      -0.185000000000000       0.999999999999999     
  0.475000000000000      -0.175000000000000       0.999999999999998     
  0.475000000000000      -0.165000000000000       0.999999999999998     
  0.475000000000000      -0.155000000000000       0.999999999999997     
  0.475000000000000      -0.145000000000000       0.999999999999996     
  0.475000000000000      -0.135000000000000        1.00000000000000     
  0.475000000000000      -0.125000000000000        1.00000000000000     
  0.475000000000000      -0.115000000000000        1.00000000000001     
  0.475000000000000      -0.105000000000000        1.00000000000001     
  0.475000000000000      -9.499999999999997E-002   1.00000000000000     
  0.475000000000000      -8.500000000000002E-002  0.999999999999995     
  0.475000000000000      -7.500000000000001E-002   1.00000000000000     
  0.475000000000000      -6.500000000000000E-002   1.00000000000000     
  0.475000000000000      -5.499999999999999E-002   1.00000000000001     
  0.475000000000000      -4.499999999999998E-002   1.00000000000000     
  0.475000000000000      -3.499999999999997E-002  0.999999999999999     
  0.475000000000000      -2.500000000000002E-002  0.999999999999995     
  0.475000000000000      -1.500000000000001E-002   1.00000000000000     
  0.475000000000000      -5.000000000000000E-003  0.999999999999998     
  0.475000000000000       5.000000000000009E-003   1.00000000000000     
  0.475000000000000       1.500000000000002E-002   1.00000000000005     
  0.475000000000000       2.500000000000003E-002   1.00000000000051     
  0.475000000000000       3.500000000000004E-002  0.999999999968770     
  0.475000000000000       4.500000000000005E-002   1.00000007595470     
  0.475000000000000       5.500000000000006E-002   1.00001568427477     
  0.475000000000000       6.500000000000006E-002   1.00052884751844     
  0.475000000000000       7.499999999999996E-002   1.00516674076683     
  0.475000000000000       8.499999999999996E-002   1.02408224056627     
  0.475000000000000       9.499999999999997E-002   1.06908726438101     
  0.475000000000000       0.105000000000000        1.13816889482764     
  0.475000000000000       0.115000000000000        1.21865892653460     
  0.475000000000000       0.125000000000000        1.30425833858696     
  0.475000000000000       0.135000000000000        1.39218466541814     
  0.475000000000000       0.145000000000000        1.48126054981687     
  0.475000000000000       0.155000000000000        1.57135331700615     
  0.475000000000000       0.165000000000000        1.66263143696505     
  0.475000000000000       0.175000000000000        1.75506785907749     
  0.475000000000000       0.185000000000000        1.84852963586454     
  0.475000000000000       0.195000000000000        1.94311856673242     
  0.475000000000000       0.205000000000000        2.03892745317310     
  0.475000000000000       0.215000000000000        2.13620801666676     
  0.475000000000000       0.225000000000000        2.23630117350690     
  0.475000000000000       0.235000000000000        2.35262373061518     
  0.475000000000000       0.245000000000000        2.45581821864837     
  0.475000000000000       0.255000000000000        2.55675889552712     
  0.475000000000000       0.265000000000000        2.65689174740223     
  0.475000000000000       0.275000000000000        2.75622555299151     
  0.475000000000000       0.285000000000000        2.85503396954795     
  0.475000000000000       0.295000000000000        2.95357624992541     
  0.475000000000000       0.305000000000000        3.05239512031084     
  0.475000000000000       0.315000000000000        3.15044212468120     
  0.475000000000000       0.325000000000000        3.24479500886715     
  0.475000000000000       0.335000000000000        3.33771953749117     
  0.475000000000000       0.345000000000000        3.42930454775432     
  0.475000000000000       0.355000000000000        3.51851989797587     
  0.475000000000000       0.365000000000000        3.60530104596413     
  0.475000000000000       0.375000000000000        3.69065607755317     
  0.475000000000000       0.385000000000000        3.77513435469586     
  0.475000000000000       0.395000000000000        3.86287725769573     
  0.475000000000000       0.405000000000000        3.94054772107378     
  0.475000000000000       0.415000000000000        3.98228395351766     
  0.475000000000000       0.425000000000000        3.99659649284435     
  0.475000000000000       0.435000000000000        3.99959701645565     
  0.475000000000000       0.445000000000000        3.99997106009340     
  0.475000000000000       0.455000000000000        3.99999874849126     
  0.475000000000000       0.465000000000000        3.99999996826465     
  0.475000000000000       0.475000000000000        3.99999999862520     
  0.475000000000000       0.485000000000000        3.99999999898858     
  0.475000000000000       0.495000000000000        3.99999999898888     
  0.485000000000000      -0.495000000000000        1.00000000000000     
  0.485000000000000      -0.485000000000000        1.00000000000000     
  0.485000000000000      -0.475000000000000        1.00000000000000     
  0.485000000000000      -0.465000000000000       0.999999999999998     
  0.485000000000000      -0.455000000000000        1.00000000000000     
  0.485000000000000      -0.445000000000000        1.00000000000000     
  0.485000000000000      -0.435000000000000        1.00000000000000     
  0.485000000000000      -0.425000000000000        1.00000000000000     
  0.485000000000000      -0.415000000000000       0.999999999999995     
  0.485000000000000      -0.405000000000000        1.00000000000000     
  0.485000000000000      -0.395000000000000        1.00000000000000     
  0.485000000000000      -0.385000000000000       0.999999999999998     
  0.485000000000000      -0.375000000000000        1.00000000000000     
  0.485000000000000      -0.365000000000000        1.00000000000000     
  0.485000000000000      -0.355000000000000        1.00000000000000     
  0.485000000000000      -0.345000000000000       0.999999999999999     
  0.485000000000000      -0.335000000000000        1.00000000000000     
  0.485000000000000      -0.325000000000000       0.999999999999997     
  0.485000000000000      -0.315000000000000        1.00000000000000     
  0.485000000000000      -0.305000000000000        1.00000000000000     
  0.485000000000000      -0.295000000000000       0.999999999999994     
  0.485000000000000      -0.285000000000000        1.00000000000000     
  0.485000000000000      -0.275000000000000        1.00000000000000     
  0.485000000000000      -0.265000000000000        1.00000000000000     
  0.485000000000000      -0.255000000000000       0.999999999999999     
  0.485000000000000      -0.245000000000000       0.999999999999998     
  0.485000000000000      -0.235000000000000       0.999999999999999     
  0.485000000000000      -0.225000000000000        1.00000000000000     
  0.485000000000000      -0.215000000000000       0.999999999999995     
  0.485000000000000      -0.205000000000000        1.00000000000000     
  0.485000000000000      -0.195000000000000        1.00000000000000     
  0.485000000000000      -0.185000000000000        1.00000000000000     
  0.485000000000000      -0.175000000000000        1.00000000000000     
  0.485000000000000      -0.165000000000000        1.00000000000000     
  0.485000000000000      -0.155000000000000       0.999999999999999     
  0.485000000000000      -0.145000000000000       0.999999999999995     
  0.485000000000000      -0.135000000000000        1.00000000000000     
  0.485000000000000      -0.125000000000000        1.00000000000000     
  0.485000000000000      -0.115000000000000        1.00000000000000     
  0.485000000000000      -0.105000000000000        1.00000000000000     
  0.485000000000000      -9.499999999999997E-002   1.00000000000000     
  0.485000000000000      -8.500000000000002E-002  0.999999999999995     
  0.485000000000000      -7.500000000000001E-002   1.00000000000000     
  0.485000000000000      -6.500000000000000E-002   1.00000000000000     
  0.485000000000000      -5.499999999999999E-002   1.00000000000000     
  0.485000000000000      -4.499999999999998E-002   1.00000000000000     
  0.485000000000000      -3.499999999999997E-002   1.00000000000000     
  0.485000000000000      -2.500000000000002E-002  0.999999999999993     
  0.485000000000000      -1.500000000000001E-002   1.00000000000000     
  0.485000000000000      -5.000000000000000E-003   1.00000000000000     
  0.485000000000000       5.000000000000009E-003   1.00000000000000     
  0.485000000000000       1.500000000000002E-002  0.999999999999977     
  0.485000000000000       2.500000000000003E-002  0.999999999998090     
  0.485000000000000       3.500000000000004E-002  0.999999999938674     
  0.485000000000000       4.500000000000005E-002   1.00000007974336     
  0.485000000000000       5.500000000000006E-002   1.00001605649470     
  0.485000000000000       6.500000000000006E-002   1.00053936728915     
  0.485000000000000       7.499999999999996E-002   1.00524648059860     
  0.485000000000000       8.499999999999996E-002   1.02438189114426     
  0.485000000000000       9.499999999999997E-002   1.06972836689925     
  0.485000000000000       0.105000000000000        1.13888495427254     
  0.485000000000000       0.115000000000000        1.21906246908733     
  0.485000000000000       0.125000000000000        1.30438019862466     
  0.485000000000000       0.135000000000000        1.39228064404224     
  0.485000000000000       0.145000000000000        1.48129552486230     
  0.485000000000000       0.155000000000000        1.57119060166759     
  0.485000000000000       0.165000000000000        1.66208147183504     
  0.485000000000000       0.175000000000000        1.75433311469506     
  0.485000000000000       0.185000000000000        1.84824524459750     
  0.485000000000000       0.195000000000000        1.94326751794475     
  0.485000000000000       0.205000000000000        2.03933381451807     
  0.485000000000000       0.215000000000000        2.13672412857747     
  0.485000000000000       0.225000000000000        2.23643073461154     
  0.485000000000000       0.235000000000000        2.35253887329613     
  0.485000000000000       0.245000000000000        2.45580001672713     
  0.485000000000000       0.255000000000000        2.55676124138861     
  0.485000000000000       0.265000000000000        2.65684850809064     
  0.485000000000000       0.275000000000000        2.75617075117762     
  0.485000000000000       0.285000000000000        2.85492920248333     
  0.485000000000000       0.295000000000000        2.95348461557991     
  0.485000000000000       0.305000000000000        3.05231137952865     
  0.485000000000000       0.315000000000000        3.15036796005517     
  0.485000000000000       0.325000000000000        3.24491392758866     
  0.485000000000000       0.335000000000000        3.33788412121136     
  0.485000000000000       0.345000000000000        3.42944104047813     
  0.485000000000000       0.355000000000000        3.51845883716902     
  0.485000000000000       0.365000000000000        3.60520838300527     
  0.485000000000000       0.375000000000000        3.69072066425688     
  0.485000000000000       0.385000000000000        3.77543599346253     
  0.485000000000000       0.395000000000000        3.86415928619963     
  0.485000000000000       0.405000000000000        3.94264706914754     
  0.485000000000000       0.415000000000000        3.98323138735720     
  0.485000000000000       0.425000000000000        3.99684301285015     
  0.485000000000000       0.435000000000000        3.99963461295603     
  0.485000000000000       0.445000000000000        3.99997403065897     
  0.485000000000000       0.455000000000000        3.99999888768260     
  0.485000000000000       0.465000000000000        3.99999997462149     
  0.485000000000000       0.475000000000000        3.99999999989840     
  0.485000000000000       0.485000000000000        3.99999999999978     
  0.485000000000000       0.495000000000000        4.00000000000000     
  0.495000000000000      -0.495000000000000        1.00000000000001     
  0.495000000000000      -0.485000000000000        1.00000000000001     
  0.495000000000000      -0.475000000000000        1.00000000000000     
  0.495000000000000      -0.465000000000000       0.999999999999998     
  0.495000000000000      -0.455000000000000        1.00000000000000     
  0.495000000000000      -0.445000000000000        1.00000000000000     
  0.495000000000000      -0.435000000000000        1.00000000000000     
  0.495000000000000      -0.425000000000000        1.00000000000000     
  0.495000000000000      -0.415000000000000       0.999999999999997     
  0.495000000000000      -0.405000000000000        1.00000000000000     
  0.495000000000000      -0.395000000000000        1.00000000000000     
  0.495000000000000      -0.385000000000000        1.00000000000000     
  0.495000000000000      -0.375000000000000        1.00000000000000     
  0.495000000000000      -0.365000000000000        1.00000000000000     
  0.495000000000000      -0.355000000000000        1.00000000000000     
  0.495000000000000      -0.345000000000000        1.00000000000000     
  0.495000000000000      -0.335000000000000        1.00000000000000     
  0.495000000000000      -0.325000000000000        1.00000000000000     
  0.495000000000000      -0.315000000000000        1.00000000000000     
  0.495000000000000      -0.305000000000000        1.00000000000000     
  0.495000000000000      -0.295000000000000       0.999999999999999     
  0.495000000000000      -0.285000000000000        1.00000000000000     
  0.495000000000000      -0.275000000000000        1.00000000000000     
  0.495000000000000      -0.265000000000000        1.00000000000000     
  0.495000000000000      -0.255000000000000        1.00000000000000     
  0.495000000000000      -0.245000000000000       0.999999999999999     
  0.495000000000000      -0.235000000000000        1.00000000000000     
  0.495000000000000      -0.225000000000000        1.00000000000000     
  0.495000000000000      -0.215000000000000       0.999999999999999     
  0.495000000000000      -0.205000000000000        1.00000000000000     
  0.495000000000000      -0.195000000000000        1.00000000000000     
  0.495000000000000      -0.185000000000000        1.00000000000000     
  0.495000000000000      -0.175000000000000        1.00000000000000     
  0.495000000000000      -0.165000000000000        1.00000000000001     
  0.495000000000000      -0.155000000000000        1.00000000000001     
  0.495000000000000      -0.145000000000000       0.999999999999998     
  0.495000000000000      -0.135000000000000        1.00000000000000     
  0.495000000000000      -0.125000000000000        1.00000000000000     
  0.495000000000000      -0.115000000000000        1.00000000000000     
  0.495000000000000      -0.105000000000000        1.00000000000000     
  0.495000000000000      -9.499999999999997E-002   1.00000000000000     
  0.495000000000000      -8.500000000000002E-002  0.999999999999998     
  0.495000000000000      -7.500000000000001E-002   1.00000000000000     
  0.495000000000000      -6.500000000000000E-002   1.00000000000001     
  0.495000000000000      -5.499999999999999E-002   1.00000000000001     
  0.495000000000000      -4.499999999999998E-002   1.00000000000000     
  0.495000000000000      -3.499999999999997E-002   1.00000000000000     
  0.495000000000000      -2.500000000000002E-002  0.999999999999998     
  0.495000000000000      -1.500000000000001E-002   1.00000000000000     
  0.495000000000000      -5.000000000000000E-003   1.00000000000000     
  0.495000000000000       5.000000000000009E-003   1.00000000000000     
  0.495000000000000       1.500000000000002E-002   1.00000000000001     
  0.495000000000000       2.500000000000003E-002   1.00000000000172     
  0.495000000000000       3.500000000000004E-002   1.00000000004502     
  0.495000000000000       4.500000000000005E-002   1.00000006673861     
  0.495000000000000       5.500000000000006E-002   1.00001441980394     
  0.495000000000000       6.500000000000006E-002   1.00049757824586     
  0.495000000000000       7.499999999999996E-002   1.00501983566854     
  0.495000000000000       8.499999999999996E-002   1.02389813414694     
  0.495000000000000       9.499999999999997E-002   1.06937793578348     
  0.495000000000000       0.105000000000000        1.13888905015478     
  0.495000000000000       0.115000000000000        1.21926232114979     
  0.495000000000000       0.125000000000000        1.30452125148477     
  0.495000000000000       0.135000000000000        1.39237519485398     
  0.495000000000000       0.145000000000000        1.48162524649143     
  0.495000000000000       0.155000000000000        1.57154106003735     
  0.495000000000000       0.165000000000000        1.66215440449652     
  0.495000000000000       0.175000000000000        1.75402728678429     
  0.495000000000000       0.185000000000000        1.84763061391822     
  0.495000000000000       0.195000000000000        1.94292870862525     
  0.495000000000000       0.205000000000000        2.03945012659134     
  0.495000000000000       0.215000000000000        2.13709295549040     
  0.495000000000000       0.225000000000000        2.23677435405943     
  0.495000000000000       0.235000000000000        2.35262128679578     
  0.495000000000000       0.245000000000000        2.45575640565102     
  0.495000000000000       0.255000000000000        2.55674696015812     
  0.495000000000000       0.265000000000000        2.65686175074893     
  0.495000000000000       0.275000000000000        2.75609882370899     
  0.495000000000000       0.285000000000000        2.85484635423961     
  0.495000000000000       0.295000000000000        2.95340024368234     
  0.495000000000000       0.305000000000000        3.05227876378880     
  0.495000000000000       0.315000000000000        3.15048708213297     
  0.495000000000000       0.325000000000000        3.24496229799483     
  0.495000000000000       0.335000000000000        3.33797766841017     
  0.495000000000000       0.345000000000000        3.42957015337137     
  0.495000000000000       0.355000000000000        3.51851382331286     
  0.495000000000000       0.365000000000000        3.60520595716887     
  0.495000000000000       0.375000000000000        3.69073397119069     
  0.495000000000000       0.385000000000000        3.77553405861662     
  0.495000000000000       0.395000000000000        3.86477804139468     
  0.495000000000000       0.405000000000000        3.94402290944818     
  0.495000000000000       0.415000000000000        3.98408703833546     
  0.495000000000000       0.425000000000000        3.99710696241198     
  0.495000000000000       0.435000000000000        3.99967871638431     
  0.495000000000000       0.445000000000000        3.99997832657131     
  0.495000000000000       0.455000000000000        3.99999912876477     
  0.495000000000000       0.465000000000000        3.99999998068427     
  0.495000000000000       0.475000000000000        3.99999999981051     
  0.495000000000000       0.485000000000000        3.99999999999982     
  0.495000000000000       0.495000000000000        4.00000000000000     
